title,deadline,country,estimated_value_eur,tender_url,notice_id,cpv_codes,description,buyer_name
Italy – Diagnostic systems,2026-05-07,ITA,,https://ted.europa.eu/en/notice/-/detail/222464-2026,222464-2026,33124110|33124110|33124110|33124110,Fornitura Sistema per l’effettuazione di test tromboelastrografici Fornitura Sistema per l’effettuazione di test di tromboelastometria Fornitura Sistema per la valutazione dell’aggregazione piastrinica,Fondazione IRCCS San Gerardo dei Tintori
Belgium – Medical equipments,2026-05-06,BEL,,https://ted.europa.eu/en/notice/-/detail/222474-2026,222474-2026,33100000|33100000,Marché de Fournitures relatif à la « Fourniture et installation des équipements médicaux de l’Hôpital de District de CIBITOKE »,Enabel
Finland – Medical equipments,2026-05-05,FIN,,https://ted.europa.eu/en/notice/-/detail/222521-2026,222521-2026,33100000|33100000,"Hankinnan kohteena on lääkkeet annoskipoissa annostelevat lääkeautomaatit Helsingin kaupungin palvelukeskusliikelaitokselle (myöhemmin ""Palvelukeskus Helsinki"" tai ""Hankintayksikkö""). Hankinnan kohde on kuvattu tarkemmin liitteissä. Palvelukeskus Helsinki valitsee tarjouskilpailun päätteeksi yhden (1) toimittajan, jonka kanssa se tekee hankintasopimuksen. Hankinnan ennakoitu arvo (1 250 000 €) on laskettu 48kk ajanjakson arviona.",Helsingin kaupungin palvelukeskusliikelaitos
Finland – Medical equipments,2026-05-04,FIN,,https://ted.europa.eu/en/notice/-/detail/222537-2026,222537-2026,33100000|33100000|33100000|33100000|33100000|33100000,"Sydänkirurgian verisuoniproteesi, suora Dacron - alle 20 cm pitkä. Kardioplegiakanyyli, retrogradinen- manuaalinen cuff:n täyttö Sydänkirurgian verisuoniproteesi, suora Dacron - yli 20 cm pitkä. Vena ECMO-kanyyli Kardioplegiakanyyli, retrogradinen- automaattinen cuff:n täyttö",Sansia Oy
Switzerland – CT scanners,2026-05-12,CHE,,https://ted.europa.eu/en/notice/-/detail/222574-2026,222574-2026,33115100|33115100|33115000|50421200,"Beschaffung eines Computertomographen (CT) für das Spital Bülach inkl. Lieferung, Einbringung, Installation, Inbetriebnahme, Integration, Schulung und Projektleistungen. Die Wartungs-, Service-, Ersatzteil- und Updatefähigkeit des Systems ist für 10 Jahre sicherzustellen.",Spital Bülach AG (CSP AG)
Greece – Renal support devices,2026-05-12,GRC,,https://ted.europa.eu/en/notice/-/detail/222620-2026,222620-2026,33181000|33181000|33181000|33181000|33181000|33181000|33181000|33181000|33181000|33181000|33181000|33181000|33181000|33181000|33181000|33181000|33181000|33181000|33181000|33181000|33181000|33181000|33181000,Προμήθεια φίλτρων Μονάδας τεχνητού νεφρού του Γ.Ν Ρόδου για 24 μήνες με δικαίωμα προαίρεσης για άλλους 12 μήνες Προμήθεια φίλτρων Μονάδας τεχνητού νεφρού του Γ.Ν Ρόδου για 12 μήνες με δικαίωμα προαίρεσης για άλλους 12 μήνες Προμήθεια φίλτρων Μονάδας τεχνητού νεφρού του Γ.Ν Ρόδου για 12 μήνες με δικαίωμα προαίρεσης για άλλους 12 μήνες Προμήθεια φίλτρων Μονάδας τεχνητού νεφρού του Γ.Ν Ρόδου για 12 μήνες με δικαίωμα προαίρεσης για άλλους 12 μήνες Προμήθεια φίλτρων Μονάδας τεχνητού νεφρού του Γ.Ν Ρόδου για 12 μήνες με δικαίωμα προαίρεσης για άλλους 12 μήνες Προμήθεια φίλτρων Μονάδας τεχνητού νεφρού του Γ.Ν Ρόδου για 12 μήνες με δικαίωμα προαίρεσης για άλλους 12 μήνες Προμήθεια φίλτρων Μονάδας τεχνητού νεφρού του Γ.Ν Ρόδου για 12 μήνες με δικαίωμα προαίρεσης για άλλους 12 μήνες Προμήθεια φίλτρων Μονάδας τεχνητού νεφρού του Γ.Ν Ρόδου για 12 μήνες με δικαίωμα προαίρεσης για άλλους 12 μήνες Προμήθεια φίλτρων Μονάδας τεχνητού νεφρού του Γ.Ν Ρόδου για 12 μήνες με δικαίωμα προαίρεσης για άλλους 12 μήνες Προμήθεια φίλτρων Μονάδας τεχνητού νεφρού του Γ.Ν Ρόδου για 12 μήνες με δικαίωμα προαίρεσης για άλλους 12 μήνες Προμήθεια φίλτρων Μονάδας τεχνητού νεφρού του Γ.Ν Ρόδου για 12 μήνες με δικαίωμα προαίρεσης για άλλους 12 μήνες Προμήθεια φίλτρων Μονάδας τεχνητού νεφρού του Γ.Ν Ρόδου για 12 μήνες με δικαίωμα προαίρεσης για άλλους 12 μήνες Προμήθεια φίλτρων Μονάδας τεχνητού νεφρού του Γ.Ν Ρόδου για 12 μήνες με δικαίωμα προαίρεσης για άλλους 12 μήνες Προμήθεια φίλτρων Μονάδας τεχνητού νεφρού του Γ.Ν Ρόδου για 12 μήνες με δικαίωμα προαίρεσης για άλλους 12 μήνες Προμήθεια φίλτρων Μονάδας τεχνητού νεφρού του Γ.Ν Ρόδου για 12 μήνες με δικαίωμα προαίρεσης για άλλους 12 μήνες Προμήθεια φίλτρων Μονάδας τεχνητού νεφρού του Γ.Ν Ρόδου για 12 μήνες με δικαίωμα προαίρεσης για άλλους 12 μήνες Προμήθεια φίλτρων Μονάδας τεχνητού νεφρού του Γ.Ν Ρόδου για 12 μήνες με δικαίωμα προαίρεσης για άλλους 12 μήνες Προμήθεια φίλτρων Μονάδας τεχνητού νεφρού του Γ.Ν Ρόδου για 12 μήνες με δικαίωμα προαίρεσης για άλλους 12 μήνες Προμήθεια φίλτρων Μονάδας τεχνητού νεφρού του Γ.Ν Ρόδου για 12 μήνες με δικαίωμα προαίρεσης για άλλους 12 μήνες Προμήθεια φίλτρων Μονάδας τεχνητού νεφρού του Γ.Ν Ρόδου για 12 μήνες με δικαίωμα προαίρεσης για άλλους 12 μήνες Προμήθεια φίλτρων Μονάδας τεχνητού νεφρού του Γ.Ν Ρόδου για 12 μήνες με δικαίωμα προαίρεσης για άλλους 12 μήνες Προμήθεια φίλτρων Μονάδας τεχνητού νεφρού του Γ.Ν Ρόδου για 12 μήνες με δικαίωμα προαίρεσης για άλλους 12 μήνες,"ΓΕΝΙΚΟ ΝΟΣΟΚΟΜΕΙΟ ΡΟΔΟΥ ""ΑΝΔΡΕΑΣ ΠΑΠΑΝΔΡΕΟΥ"""
France – Disposable non-chemical medical consumables and haematological consumables,2026-05-04,FRA,,https://ted.europa.eu/en/notice/-/detail/222635-2026,222635-2026,33141000|33141000|33141000|33141000|33141000,"Dispositif médical stérile à usage unique Les tailles annoncées correspondent aux tailles actuellement utilisées (et sont donc indicatives) et peuvent varier en fonction des résultats des évaluations cliniques Le fournisseur pourra proposer en PSE l'ensemble de sa gamme correspondant à la demande Joindre la documentation technique et commerciale complète Un complément d'échantillons pourra être demandé ultérieurement pour la réalisation d'essais Le fournisseur précisera la présence d'oxyde d'éthylène (taux à fournir). Max en quantité par an 380 000 Unités de prélèvement sécurisées à ailettes stériles. avec adaptateur pré-monté Dispositif médical stérile à usage unique Les tailles annoncées correspondent aux tailles actuellement utilisées (et sont donc indicatives) et peuvent varier en fonction des résultats des évaluations cliniques Le fournisseur pourra proposer en PSE l'ensemble de sa gamme correspondant à la demande Joindre la documentation technique et commerciale complète Un complément d'échantillons pourra être demandé ultérieurement pour la réalisation d'essais Le fournisseur précisera la présence d'oxyde d'éthylène (taux à fournir). Max en quantité par an de 1 080 000 Dispositif médical stérile à usage unique Les tailles annoncées correspondent aux tailles actuellement utilisées (et sont donc indicatives) et peuvent varier en fonction des résultats des évaluations cliniques Le fournisseur pourra proposer en PSE l'ensemble de sa gamme correspondant à la demande Joindre la documentation technique et commerciale complète Un complément d'échantillons pourra être demandé ultérieurement pour la réalisation d'essais Le fournisseur précisera la présence d'oxyde d'éthylène (taux à fournir). Max en quantité par an 440 000 Dispositif médical stérile à usage unique permettant la fixation à court terme ou à long terme des cathéters type PICCline, fixation par ancrage sous cutanée. Les tailles annoncées correspondent aux tailles actuellement utilisées (et sont donc indicatives) et peuvent varier en fonction des résultats des évaluations cliniques Le fournisseur pourra proposer en PSE l'ensemble de sa gamme correspondant à la demande Joindre la documentation technique et commerciale complète Un complément d'échantillons pourra être demandé ultérieurement pour la réalisation d'essais Le fournisseur précisera la présence d'oxyde d'éthylène (taux à fournir). Max en quantité par an 520",Centre Hospitalier de Valenciennes
Italy – Medical equipments,2026-05-08,ITA,,https://ted.europa.eu/en/notice/-/detail/222779-2026,222779-2026,33100000|33111720|33111720,ID GARA 25A139 Procedura apertaper la fornitura di N. 2 fluorangiografi per l’Azienda Ospedale – Università Padova.,Azienda Ospedale-Università Padova
Croatia – Surgical gloves,2026-04-07,HRV,,https://ted.europa.eu/en/notice/-/detail/222784-2026,222784-2026,33141420|33141420|33141420|33141420|33141420|33141420|33141420|33141420|33141420|33141420|33141420|33141420|33141420,Kirurške rukavice Rukavice nitrilne Rukavice lateks Rukavice domaćinske Rukavice pamučne Jednokratne PE rukavice nesterilne i sterilne kopolimerne rukavice Kirurške rukavice 1. Rukavica za pacijente za sprječavanje samoozljeđivanja Rukavice sterilne lateks za rad u čistim prostorima klase A/B Gumeni prst Zaštitne rukavice protiv kemikalija i mikroorganizama Kirurške rukavice 2.,Klinički bolnički centar Sestre milosrdnice
Poland – Medical consumables,2026-05-04,POL,,https://ted.europa.eu/en/notice/-/detail/222812-2026,222812-2026,33140000|39518200|33141110|33140000|33140000|33140000|33140000|33140000|33140000|33140000|33140000|33140000|33140000|33140000|33140000|33140000|33140000|33140000|33140000|33140000|33140000|33140000|33140000|33140000|33140000|33140000|33141110|39518200|33141110|39518200|33141110|39518200|33141110|39518200|33141110|39518200|33141110|39518200|33141110|39518200|33141110|39518200|33141110|39518200|33141110|39518200|33141110|39518200|33141110|39518200|33141110|39518200|33141110|39518200|33141110|39518200|33141110|39518200|33141110|39518200|33141110|39518200|33141110|39518200|33141110|39518200|33141110|39518200|33141110|39518200|33141110|39518200,"Przedmiotem zamówienia jest dostawa opatrunków i obłożeń zgodnie z Załącznikiem nr 2 do SWZ, tj. zestawienie asortymentowo-cenowe. Przedmiotem zamówienia jest dostawa opatrunków i obłożeń zgodnie z Załącznikiem nr 2 do SWZ, tj. zestawienie asortymentowo-cenowe. Przedmiotem zamówienia jest dostawa opatrunków i obłożeń zgodnie z Załącznikiem nr 2 do SWZ, tj. zestawienie asortymentowo-cenowe. Przedmiotem zamówienia jest dostawa opatrunków i obłożeń zgodnie z Załącznikiem nr 2 do SWZ, tj. zestawienie asortymentowo-cenowe. Przedmiotem zamówienia jest dostawa opatrunków i obłożeń zgodnie z Załącznikiem nr 2 do SWZ, tj. zestawienie asortymentowo-cenowe. Przedmiotem zamówienia jest dostawa opatrunków i obłożeń zgodnie z Załącznikiem nr 2 do SWZ, tj. zestawienie asortymentowo-cenowe. Przedmiotem zamówienia jest dostawa opatrunków i obłożeń zgodnie z Załącznikiem nr 2 do SWZ, tj. zestawienie asortymentowo-cenowe. Przedmiotem zamówienia jest dostawa opatrunków i obłożeń zgodnie z Załącznikiem nr 2 do SWZ, tj. zestawienie asortymentowo-cenowe. Przedmiotem zamówienia jest dostawa opatrunków i obłożeń zgodnie z Załącznikiem nr 2 do SWZ, tj. zestawienie asortymentowo-cenowe. Przedmiotem zamówienia jest dostawa opatrunków i obłożeń zgodnie z Załącznikiem nr 2 do SWZ, tj. zestawienie asortymentowo-cenowe. Przedmiotem zamówienia jest dostawa opatrunków i obłożeń zgodnie z Załącznikiem nr 2 do SWZ, tj. zestawienie asortymentowo-cenowe. Przedmiotem zamówienia jest dostawa opatrunków i obłożeń zgodnie z Załącznikiem nr 2 do SWZ, tj. zestawienie asortymentowo-cenowe. Przedmiotem zamówienia jest dostawa opatrunków i obłożeń zgodnie z Załącznikiem nr 2 do SWZ, tj. zestawienie asortymentowo-cenowe. Przedmiotem zamówienia jest dostawa opatrunków i obłożeń zgodnie z Załącznikiem nr 2 do SWZ, tj. zestawienie asortymentowo-cenowe. Przedmiotem zamówienia jest dostawa opatrunków i obłożeń zgodnie z Załącznikiem nr 2 do SWZ, tj. zestawienie asortymentowo-cenowe. Przedmiotem zamówienia jest dostawa opatrunków i obłożeń zgodnie z Załącznikiem nr 2 do SWZ, tj. zestawienie asortymentowo-cenowe. Przedmiotem zamówienia jest dostawa opatrunków i obłożeń zgodnie z Załącznikiem nr 2 do SWZ, tj. zestawienie asortymentowo-cenowe. Przedmiotem zamówienia jest dostawa opatrunków i obłożeń zgodnie z Załącznikiem nr 2 do SWZ, tj. zestawienie asortymentowo-cenowe. Przedmiotem zamówienia jest dostawa opatrunków i obłożeń zgodnie z Załącznikiem nr 2 do SWZ, tj. zestawienie asortymentowo-cenowe. Przedmiotem zamówienia jest dostawa opatrunków i obłożeń zgodnie z Załącznikiem nr 2 do SWZ, tj. zestawienie asortymentowo-cenowe. Przedmiotem zamówienia jest dostawa opatrunków i obłożeń zgodnie z Załącznikiem nr 2 do SWZ, tj. zestawienie asortymentowo-cenowe. Przedmiotem zamówienia jest dostawa opatrunków i obłożeń zgodnie z Załącznikiem nr 2 do SWZ, tj. zestawienie asortymentowo-cenowe. Przedmiotem zamówienia jest dostawa opatrunków i obłożeń zgodnie z Załącznikiem nr 2 do SWZ, tj. zestawienie asortymentowo-cenowe.",Szpital Miejski w Gliwicach Sp. z o.o.
Poland – Medical equipments,2026-04-09,POL,,https://ted.europa.eu/en/notice/-/detail/222876-2026,222876-2026,33100000|33192000|33112200|33112200|33112200|33112200|33112200|33112200|33100000|33192000|33100000|33192000|33100000|33192000|33100000|33192000|33100000|33192000,"Przedmiotem zamówienia jest dostawa sprzętu i wyposażenia medycznego dla Zespołu Opieki Zdrowotnej we Włoszczowie - Szpitala Powiatowego im. Jana Pawła II. Zamówienie obejmuje: dostawę, instalację, uruchomienie sprzętu i szkolenie personelu. Przedmiotem zamówienia jest dostawa sprzętu i wyposażenia medycznego dla Zespołu Opieki Zdrowotnej we Włoszczowie - Szpitala Powiatowego im. Jana Pawła II. Zamówienie obejmuje: dostawę, instalację, uruchomienie sprzętu i szkolenie personelu. Przedmiotem zamówienia jest dostawa sprzętu i wyposażenia medycznego dla Zespołu Opieki Zdrowotnej we Włoszczowie - Szpitala Powiatowego im. Jana Pawła II. Zamówienie obejmuje: dostawę, instalację, uruchomienie sprzętu i szkolenie personelu. Przedmiotem zamówienia jest dostawa sprzętu i wyposażenia medycznego dla Zespołu Opieki Zdrowotnej we Włoszczowie - Szpitala Powiatowego im. Jana Pawła II. Zamówienie obejmuje: dostawę, instalację, uruchomienie sprzętu i szkolenie personelu. Przedmiotem zamówienia jest dostawa sprzętu i wyposażenia medycznego dla Zespołu Opieki Zdrowotnej we Włoszczowie - Szpitala Powiatowego im. Jana Pawła II. Zamówienie obejmuje: dostawę, instalację, uruchomienie sprzętu i szkolenie personelu.",Zespół Opieki Zdrowotnej we Włoszczowie Szpital Powiatowy im. Jana Pawła II
Poland – Medical equipments,2026-05-08,POL,,https://ted.europa.eu/en/notice/-/detail/222914-2026,222914-2026,33100000|33111500|33123200|33194110|33196000|33100000|33100000|33100000|33100000|33100000|33100000|33100000|33111500|33196000|33123200|33194110|33196000,Szczegółowy opis przedmiotu zamówienia został zawarty w załącznikach do SWZ tj. w specyfikacji asortymentowo-cenowej (załącznik nr 2.1) oraz w parametrach technicznych (załącznik nr 3.1) Szczegółowy opis przedmiotu zamówienia został zawarty w załącznikach do SWZ tj. w specyfikacji asortymentowo-cenowej (załącznik nr 2.2) oraz w parametrach technicznych (załącznik nr 3.2) Szczegółowy opis przedmiotu zamówienia został zawarty w załącznikach do SWZ tj. w specyfikacji asortymentowo-cenowej (załącznik nr 2.3) oraz w parametrach technicznych (załącznik nr 3.3) Szczegółowy opis przedmiotu zamówienia został zawarty w załącznikach do SWZ tj. w specyfikacji asortymentowo-cenowej (załącznik nr 3.4) oraz w parametrach technicznych (załącznik nr 3.4) Szczegółowy opis przedmiotu zamówienia został zawarty w załącznikach do SWZ tj. w specyfikacji asortymentowo-cenowej (załącznik nr 3.5) oraz w parametrach technicznych (załącznik nr 3.5) Szczegółowy opis przedmiotu zamówienia został zawarty w załącznikach do SWZ tj. w specyfikacji asortymentowo-cenowej (załącznik nr 3.6) oraz w parametrach technicznych (załącznik nr 3.6) Szczegółowy opis przedmiotu zamówienia został zawarty w załącznikach do SWZ tj. w specyfikacji asortymentowo-cenowej (załącznik nr 3.7) oraz w parametrach technicznych (załącznik nr 3.7),GÓRNOŚLĄSKIE CENTRUM ZDROWIA DZIECKA im. św. JANA PAWŁA II Samodzielny Publiczny Szpital Kliniczny Nr 6 Śląskiego Uniwersytetu Medycznego w Katowicach
Sweden – Disposable paper products,2026-05-01,SWE,,https://ted.europa.eu/en/notice/-/detail/223002-2026,223002-2026,33772000|33772000|19520000|33190000|33191000|33198000|22992000|30197610|44617100|33000000|33140000|33700000|33770000,"Upphandling avseende pappers- och plastvaror för Region Stockholms verksamheter. Inkluderar bla förkläden, tamponger, kartonger, förlossningspool, påsar mm.",Region Stockholm - Fastighets- och servicenämnden/Inköpscentralen
Czechia – Orthopaedic implants,2026-05-04,CZE,,https://ted.europa.eu/en/notice/-/detail/223044-2026,223044-2026,33183100|33183100|33183100|33183100|33183100|33183100|33183100|33183100|33183100|33183100|33183100,"Předmětem plnění veřejné zakázky je zajištění dodávek ortopedických implantátů, do míst plnění, po dobu 4 let, na základě aktuálních potřeb jednotlivých pracovišť zadavatele. Podrobné informace o předmětu plnění jsou uvedené v zadávací dokumentaci. Předmětem plnění veřejné zakázky je zajištění dodávek ortopedických implantátů, do míst plnění, po dobu 4 let, na základě aktuálních potřeb jednotlivých pracovišť zadavatele. Podrobné informace o předmětu plnění jsou uvedené v zadávací dokumentaci. Předmětem plnění veřejné zakázky je zajištění dodávek ortopedických implantátů, do míst plnění, po dobu 4 let, na základě aktuálních potřeb jednotlivých pracovišť zadavatele. Podrobné informace o předmětu plnění jsou uvedené v zadávací dokumentaci. Předmětem plnění veřejné zakázky je zajištění dodávek ortopedických implantátů, do míst plnění, po dobu 4 let, na základě aktuálních potřeb jednotlivých pracovišť zadavatele. Podrobné informace o předmětu plnění jsou uvedené v zadávací dokumentaci. Předmětem plnění veřejné zakázky je zajištění dodávek ortopedických implantátů, do míst plnění, po dobu 4 let, na základě aktuálních potřeb jednotlivých pracovišť zadavatele. Podrobné informace o předmětu plnění jsou uvedené v zadávací dokumentaci. Předmětem plnění veřejné zakázky je zajištění dodávek ortopedických implantátů, do míst plnění, po dobu 4 let, na základě aktuálních potřeb jednotlivých pracovišť zadavatele. Podrobné informace o předmětu plnění jsou uvedené v zadávací dokumentaci. Předmětem plnění veřejné zakázky je zajištění dodávek ortopedických implantátů, do míst plnění, po dobu 4 let, na základě aktuálních potřeb jednotlivých pracovišť zadavatele. Podrobné informace o předmětu plnění jsou uvedené v zadávací dokumentaci. Předmětem plnění veřejné zakázky je zajištění dodávek ortopedických implantátů, do míst plnění, po dobu 4 let, na základě aktuálních potřeb jednotlivých pracovišť zadavatele. Podrobné informace o předmětu plnění jsou uvedené v zadávací dokumentaci. Předmětem plnění veřejné zakázky je zajištění dodávek ortopedických implantátů, do míst plnění, po dobu 4 let, na základě aktuálních potřeb jednotlivých pracovišť zadavatele. Podrobné informace o předmětu plnění jsou uvedené v zadávací dokumentaci. Předmětem plnění veřejné zakázky je zajištění dodávek ortopedických implantátů, do míst plnění, po dobu 4 let, na základě aktuálních potřeb jednotlivých pracovišť zadavatele. Podrobné informace o předmětu plnění jsou uvedené v zadávací dokumentaci.","Nemocnice Pardubického kraje, a.s."
Poland – Autoclaves,2026-04-16,POL,,https://ted.europa.eu/en/notice/-/detail/223075-2026,223075-2026,33191110|33191110,"1. Przedmiotem zamówienia jest dostawa autoklawu laboratoryjnego pionowego, zwanego dalej „sprzętem”, dla Międzynarodowego Centrum Badań nad Szczepionkami Przeciwnowotworowymi Uniwersytetu Gdańskiego. 2. Zamówienie obejmuje dostawę, montaż, instalację sprzętu w miejscu wskazanym przez Zamawiającego oraz przeszkolenie 4 pracowników Zamawiającego z zakresu obsługi i podstawowej konserwacji sprzętu. 3. Kod Klasyfikacji Wspólnego Słownika Zamówień (CPV): 33191110-9 (autoklawy). 4. Szczegółowy opis przedmiotu zamówienia został określony w załączniku nr 6 do SWZ – opisie przedmiotu zamówienia. 5. Miejsce dostawy sprzętu: Uniwersytet Gdański, Międzynarodowe Centrum Badań nad Szczepionkami Przeciwnowotworowymi, ul. Kładki 24, 80-822 Gdańsk, pokój 304. 6. Zamawiający wymaga gwarancji na sprzęt na okres 24 miesięcy. Szczegóły dotyczące gwarancji zawarte są w § 7 projektu umowy – załączniku nr 5 do SWZ.",Uniwersytet Gdański
Germany – Medical aids,2026-05-15,DEU,,https://ted.europa.eu/en/notice/-/detail/223513-2026,223513-2026,33196000|33196000,Vertrag nach § 127 Absatz 1 SGB V über die Versorgung mit Hilfsmitteln der PG14 CPAP-Geräte zur Behandlung schlafbezogener Atmungsstörungen inkl. aller damit zusammenhängenden Dienst- und Serviceleistungen,IKK classic
Slovakia – Medical equipments,2026-05-04,SVK,,https://ted.europa.eu/en/notice/-/detail/223530-2026,223530-2026,33100000|33100000,"Predmetom zákazky je dodávka tovaru – systému na lokalizáciu nehmatných lézii prsníka. Podrobný opis predmetu zákazky, špecifikácia požadovaného je uvedená v prílohe C týchto súťažných podkladov – Opis predmetu zákazky.","Nemocnica Poprad, a.s."
Poland – Medical software package,2026-05-04,POL,,https://ted.europa.eu/en/notice/-/detail/223543-2026,223543-2026,48180000|72250000|33190000|33120000|72263000|48180000|48180000|48180000|72250000|33190000|33120000|72263000|33190000|72250000|72263000|33120000|33190000|72250000|72263000|33120000,Pozostałe zapisy znajdują się w Załączniku nr 4 - SWZ. Pozostałe zapisy znajdują się w Załączniku nr 4 - SWZ. Pozostałe zapisy znajdują się w Załączniku nr 4 - SWZ.,Katowickie Centrum Onkologii
Poland – Medical equipments,2026-04-30,POL,,https://ted.europa.eu/en/notice/-/detail/223590-2026,223590-2026,33100000|34152000|33190000|33182100|33112200|33100000|33100000|33100000|33100000|33100000|33100000|33190000|33182100|33190000|34152000|34152000|33112200,"Dostawa aparatu do znieczulenia z respiratorem, kardiomonitora Dostawa defibrylatorów Dostawa zestawu wyposażenia umożliwiającego odtworzenie warunków ulicznych Dostawa zaawansowanego symulatora laparoskopowego Dostawa zaawansowanego symulatora USG Dostawa aparatu USG",Uniwersytet Kaliski im. Prezydenta Stanisława Wojciechowskiego
Italy – Miscellaneous medical devices and products,2026-05-06,ITA,,https://ted.europa.eu/en/notice/-/detail/223639-2026,223639-2026,33190000|33190000,PROCEDURA APERTA TELEMATICA PER L'AFFIDAMENTO DELLA FORNITURA TRIENNALE DI AGHI EBUS-TBNA PER LUNITA OPERATIVA BRONCOPNEUMOLOGIA INTERVENTISTICA DELLAZIENDA OSPEDALIERA OSPEDALI RIUNITI VILLA SOFIA CERVELLO DI PALERMO,U.O.C. PROVVEDITORATO - Ospedali Riuniti Villa Sofia Cervello
Italy – Administration sets,2026-05-05,ITA,,https://ted.europa.eu/en/notice/-/detail/223681-2026,223681-2026,33141624|33141624|33141624|33141624|33141624|33141624|33141624|33141624|33141624|33141624|33141624|33141624|33141624|33141624|33141624|33141624|33141624|33141624|33141624|33141624|33141624|33141624|33141624|33141624|33141624|33141624|33141624|33141624|33141624|33141624|33141624|33141624|33141624|33141624|33141624|33141624|33141624|33141624|33141624|33141624|33141624|33141624|33141624|33141624,"MATERIALE DI CONSUMO ""BRACCIALI PRESSIONE NEONATALI"" DEDICATI ALL'APPARECCHIATURA DINAMAP in dotazione all'U.O. di Neonatologia del P.O. G.Paolo II di Ragusa DISPOSITIVI MEDICI DEDICATI AD APPARECCHIO PER DEFIBRILLAZIONE PHILIPS HEART START FORMEDICAL in dotazione alle UU.OO. di NEUROLOGIA e CARDIOLOGIA del P.O. GUZZARDI di VITTORIA DISPOSITIVI MEDICI DEDICATI a RESPIRATORE ANGIO MEDICA in dotazione a NEONATOLOGIA e Rianimazione di RAGUSA DISPOSITIVI MEDICI DEDICATI a RESPIRATORE OXIVENT di produzione HALSA in dotazione all'UTIN NEONATOLOGIA di RAGUSA Sistema di Nebulizzazione Liquidi e Farmaci a Membrana Oscillante Apparecchio in dotazione ad emodinamica del P.O di Ragusa DISPOSITIVI MEDICI DEDICATI ad apparecchiatura STERILIZZATRICE A GAS PLASMA STERRAD IN DOTAZIONE AL BLOCCO OPERATORIO DI RAGUSA E VITTORIA Apparecchio in dotazione a neonatologia del P.O di Ragusa Apparecchio in dotazione in senologia del P.O di Ragusa Apparecchio isola neonatale in dotazione pediatria di Modica Apparecchio in dotazione in anestesia del ASP di Ragusa POLISONNIGRAFI PORTATILI IN DOTAZIONE ALL'U.O.C. DI MEDICINA DELL'OSPEDALE DI MODICA DISPOSITIVI E PRESIDI MEDICI DEDICATI DA DESTINARE ALLA U.O.C. MEDICINA DELL'OSPEDALE MAGGIORE DI MODICA formalina neutra tamponata in soluzione al 10% contenitore di formato da ml 10 con formalina 5 ml . Il contenitore deve essere dotato di un tappo a tenuta che contenga la formalina Nastro adesivo autoclavabile per l'identificazione e la marcatura del ferro chirurgico varie colorazioni Misura: 6,3 mm x 762 cm Test all’ ureasi per la diagnosi endoscopica in vivo di Helicobacter Pilori Kit per test immunocromatografico per la diagnosi di rottura prematura delle membrane; sistema qualitativo su striscia ad interpretazione visiva per la determinazione del liquido amniotico in secreto vaginale in gravidanza mediante ricerca della proteina IGFBP-1 Kit per test immunocromatografico per la diagnosi di parto pretermine o imminente in presenza di membrane intatte, qualitativo su striscia ad interpretazione visiva, per la determinazione della forma fosforillata della proteina IGFBP-1 (insulinlikegrowthfactorbinding protein-1) DISPOSITIVI E PRESIDI MEDICI DEDICATI DA DESTINARE ALLA U.O.C.BLOCCO OPERATORIO ASP RAGUSA DISPOSITIVI MEDICI DEDICATI DA DESTINARE ALLA U.O.C.RIANIMAZIONE DISPOSITIVI MEDICI DEDICATI DA DESTINARE ALLA U.O.C.RIANIMAZIONE SALE OPERATORIE DI ORTOPEDIA DI RAGUSA, MODICA E VITTORIA DISPOSITIVI MEDICI DEDICATI DA DESTINARE ALLA U.O.C.NEUROLOGIA Formalina tamponata 10% ph 7,2-7,4 flac. 1 litro Montante sintetico per vetrini flac. 500 ml circa Adesivo per Microtomo criostato neutro flac. 100ml circa Reattivo di Shiff per istologia conf da 500 ml circa KIT per COLORAZIONI SPECIALI in confezioni da 50 o 100 test Giemsa colorante Ematossilina di Harris Papanicolau flac 2,5 litri Ematossilina di Harris flac 2,5 litri Ematossilina di Mayer liquida flac. EA50 colorazione citologica per Papanicolau flac 1 litro EA65 colorazione citologica per Papanicolau flac 1 litro OG6 colorazione citologica per Papanicolau flac 1 litro Alluminio cloruro-6-idrato Puro conf. Da 500 gr Ammonio idrato 33% flac. Da 1 litro Decalcificante con EDTA per Biopsia osteo-midoll. Flac da litri 1 Decalcificante rapido c/ correttore salino flac da 5 litri Paraffina in pastiglie per inclusioni, assolutamente priva di dimetil-solfato (DMSO), c/ grado di fusione 56°-58° Sodio iodato conf da 1 kg SODIO BISOLFITO polvere 2,5kg DISPOSITIVI MEDICI DEDICATI DA DESTINARE ALLA U.O.C. NEONATOLOGIA ASP RAGUSA",ASP RAGUSA
Czechia – Medical equipments,2026-04-17,CZE,,https://ted.europa.eu/en/notice/-/detail/223882-2026,223882-2026,33100000|33195000|33112000|33124120|33100000|33195000|33112000|33124120,"Předmětem plnění veřejné zakázky je dodávka a instalace ultrazvukového přístroje pro dětské oddělení, včetně instruktáže obsluhy, zajištění povinných prohlídek a servisních úkonů vyplývajících z legislativy o zdravotnických prostředcích po dobu dvouleté záruční doby. Součástí veřejné zakázky je rovněž zajištění pozáruční péče o přístroj, zahrnující provádění PBTK (periodických bezpečnostně technických kontrol) a veškerých dalších výrobcem předepsaných povinných kontrol.","Nemocnice Znojmo, příspěvková organizace"
"Czechia – Endoscopy, endosurgery devices",2026-05-04,CZE,,https://ted.europa.eu/en/notice/-/detail/224044-2026,224044-2026,33168000|38636100|50421000|33168000|38636100|50421000|50421000,"Předmětem plnění této veřejné zakázky je dodávka endoskopického vybavení ORL (dále a výše jen „přístroj“) včetně příslušenství pro potřeby Motolského onkologického centra FNMH. Součástí předmětu plnění je dále: (i.) Instalace přístroje a jeho uvedení do provozu včetně ověření jeho funkčnosti, provedení všech předepsaných zkoušek a testů. (ii.) Instruktáž/proškolení zdravotnického personálu prováděné osobou k tomu pověřenou dle § 41 zákona č. 375/2022 Sb., o zdravotnických prostředcích a diagnostických zdravotnických prostředcích in vitro (dále jen „zákon č. 375/2022 Sb.“). Předmětem plnění této veřejné zakázky je dodávka endoskopického vybavení ORL (dále a výše jen „přístroj“) včetně příslušenství pro potřeby Motolského onkologického centra FNMH. Součástí předmětu plnění je dále: (i.) Instalace přístroje a jeho uvedení do provozu včetně ověření jeho funkčnosti, provedení všech předepsaných zkoušek a testů. (ii.) Instruktáž/proškolení zdravotnického personálu prováděné osobou k tomu pověřenou dle § 41 zákona č. 375/2022 Sb., o zdravotnických prostředcích a diagnostických zdravotnických prostředcích in vitro (dále jen „zákon č. 375/2022 Sb.“).",Fakultní nemocnice Motol a Homolka
Sweden – Dental and subspecialty instruments and devices,2026-05-03,SWE,,https://ted.europa.eu/en/notice/-/detail/224047-2026,224047-2026,33130000|33130000|33130000|33130000|33130000|33130000,Ramavtal av inventarier och utrustning till tandvårdsmottagning. Unit och utrustning i maskinrum Dental utrustning Sadelstol Takbelysning,Kriminalvården
Czechia – Defibrillator,2026-04-23,CZE,,https://ted.europa.eu/en/notice/-/detail/224203-2026,224203-2026,33182100|33182100,Předmětem plnění veřejné zakázky je dodávka 13ks automatizovaných externích defibrilátorů pro Všeobecnou fakultní nemocnici v Praze.,Všeobecná fakultní nemocnice v Praze
Lithuania – Medical equipments,2030-05-20,LTU,,https://ted.europa.eu/en/notice/-/detail/224259-2026,224259-2026,33100000|33130000|33131000|33132000|33133000|33134000|33135000|33136000|33137000|33138000|33140000|33141000|33196000|33190000|33100000|33130000|33131000|33132000|33133000|33134000|33135000|33136000|33137000|33138000|33140000|33141000|33196000|33190000,"Odontologinės medžiagos, instrumentai ir kitos priemonės, naudojamos odontologijoje. Perkančiosios organizacijos sukurtos DPS pagrindu jos galiojimo laikotarpiu bus vykdomi konkretūs pirkimai. Konkrečius pirkimus vykdys perkančioji organizacija ir Vilniaus miesto savivaldybės tarybos kontroliuojamos perkančiosios organizacijos. Konkrečių pirkimų pagrindu pirkimo sutartis su laimėtojais sudarys perkančioji organizacija ir Vilniaus miesto savivaldybės tarybos kontroliuojamos perkančiosios organizacijos.",VILNIAUS MIESTO SAVIVALDYBĖS ADMINISTRACIJA
Spain – Medical consumables,2026-05-04,ESP,,https://ted.europa.eu/en/notice/-/detail/224293-2026,224293-2026,33140000|33140000|33140000|33140000|33140000,Reactivos primarios Reactivos de calidad Reactivos de procesamiento Fungible de procesamiento,Banc de Sang i Teixits
Croatia – Medical consumables,2026-04-20,HRV,,https://ted.europa.eu/en/notice/-/detail/224344-2026,224344-2026,33140000|33140000|33140000|33140000|33140000|33140000|33140000|33140000|33140000|33140000|33140000|33140000|33140000|33140000|33140000|33140000|33140000|33140000|33140000|33140000|33140000|33140000|33140000|33140000|33140000|33140000|33140000|33140000|33140000|33140000|33140000|33140000|33140000|33140000|33140000|33140000|33140000|33140000|33140000|33140000|33140000|33140000|33140000|33140000|33140000|33140000|33140000|33140000|33140000|33140000|33140000|33140000|33140000|33140000|33140000|33140000|33140000|33140000|33140000|33140000|33140000,"Setovi za enteralnu prehranu i drenaže Tubusi, kanile, kateteri Poveske, sustav pacijent cijevi Potrošni materijal za IV terapiju, hemodinamska mjerenja za jedinice intenzivnog liječenja Medicinski potrošni materijal za traheotomiju, respiratornu terapiju, zbrinjavanje akutne i kronične boli, dreniranje i punkciju thoraksa Kateter setovi Razvodne rampe, kanile i kateteri Potrošni materijal za pripremu i primjenu infuzijske terapije i regionalne anestezije Potrošni materijal za sukciju, endotrahealnu intubaciju i inhalaciju Potrošni materijal za respiratornu njegu Posteljice, manžete, maske Jednoluminalni i dvoluminalni kateteri, igle za port sisteme Centralni venski kateteri i pribor Potrošni pribor za respiratore Hamilton Medical Potrošni materijal za monitor mjerenja tlaka Potrošni materijal za terapijsku hipotermiju Potrošni materijal kompatibilan s uređajima i aparatima proizvođača Drager Senzori i potrošni materijal za nadzor sedacije, tkivne oksigenacije i pulsne oksimetrije Potrošni materijal za nadzor hemodinamskih i vezanih parametra kod pacijenata Potrošni materijal za zbrinjavanje respiratornog sustava Potrošni materijal za hemodinamsku optimizaciju i torakalnu drenažu Medicinski potrošni materijal za oralnu higijenu, higijenu nepokretnih i inkontinentnih pacijenata Sonde i adapteri za mjerenje brzine protoka Sustavi za mjerenje satne diureze, intraabdominalnog tlaka i zbrinjavanje fekalne inkontinencije Potrošni materijal za drenažu, toracentezu i maceratore Hemochron ACT LR test Respiratorni potrošni materijal Potrošni materijal za RYTHMIC i MINIRYTHMIC PCA pumpu Potrošni materijal za anesteziju 1 Kateteri Setovi za enteralnu prehranu i drenaže Jednokratni bronhoskopi Setovi, trljačice i deka Potrošni materijal za anesteziju 2 Potrošni materijal za anesteziju 3 Sonde za kisik, nosne, fiksirane Sonde, gravitacijski sistemi i setovi za infuziju Gravitacijski setovi za infuziju i transfuziju Držači kanile za traheostomu i udlage za fiksaciju ekstremiteta Potrošni za transkutani nadzor Potrošni za RapidPoint 500 Igle za port Posudica za uzimanje uzoraka, set za torakocentezu sa iglom, adapteri, kontejneri i stali potrošni materijal Potrošni materijal za anesteziju 4 Potrošni materijal za anesteziju 5 Potrošni materijal za doziranje NO, kompatibilno s uređajem Penelope i Potrošni materijal za primjenu Donope, kompatibilno s uređajem EMONO Potrošni materijal za anesteziju 6 Potrošni materijal za anesteziju 7 Potrošni materijal za anesteziju 8 Medicinski potrošni materijal za perkutanu dilataciju, pleuralnu drenažu i lavažu respiratornih pacijenata Jednokratni bronhoskopi i monitor Potrošni materijal za transportni respirator O-two Potrošni materijal za aspirator LSU Medicinski potrošni materijal za aspiracijske Potrošni materijal za anesteziju 9 Potrošni materijal za anesteziju 10 Potrošni materijal za anesteziju 11 Potrošni materijal za anesteziju 12 Kateter setovi 2 Potrošni materijal za monitor mjerenja tlaka 2",KB Dubrava
Sweden – Medical equipments,2026-05-04,SWE,,https://ted.europa.eu/en/notice/-/detail/224466-2026,224466-2026,33100000|33100000,"Upphandlingen omfattar: Leverans av 5 Laparoskopistaplar inkl installation, intrimning och provning till fullt driftfärdigt skick. Varav 3st ska vara utrustade med NIR/ICG - Klinisk och teknisk dokumentation - Utbildning av klinisk och teknisk personal -Option på servicekontrakt efter utrustningens garantitid. -Option på 2st staplar.",Region Kronoberg
Finland – Wire-cutter and bistoury; surgical gloves,2026-04-13,FIN,,https://ted.europa.eu/en/notice/-/detail/224565-2026,224565-2026,33141400|33141400,"Helsingin kaupungin pelastuslaitos hankkii vuosina 2026-2030 vaativaan ammattikäyttöön soveltuvia ensihoidon tutkimuskäsineitä puitejärjestelyllä. Ensihoidon tutkimuskäsineiden vähimmäisvaatimukset on kuvattu tässä dokumentissa. Arvio hankintamääristä koko puitesopimuksen ajaksi (2+2 vuotta) on 500000 kpl tutkimuskäsinettä. Tätä hankintasopimusta ei ole jaettu osiin, koska jakaminen tekee hankinnan eri osista yhteensopimattomia.",Helsingin kaupungin pelastuslaitos
Poland – Medical equipments,2026-04-16,POL,,https://ted.europa.eu/en/notice/-/detail/224582-2026,224582-2026,33100000|33110000|33182000|33123000|33193000|33100000|33100000|33100000|33100000|33110000|33182000|33123000|33193000,Część nr 1 – Echokardiografy Część nr 2 – Defibrylatory Część nr 3 – Urządzenia do diagnostyki sercowo-naczyniowej Część nr 4 – Wózek do przewożenia chorych,Samodzielny Publiczny Zespół Zakładów Opieki Zdrowotnej w Pruszkowie
Poland – Macerators for the treatment of sewage,2026-04-22,POL,,https://ted.europa.eu/en/notice/-/detail/224604-2026,224604-2026,42996110|33192230|33111500|33168100|33168100|33192000|42996110|38434000|38434000|38434560|33168000|33172000|33167000|44611200,"Część nr 1 - Stół operacyjny z regulacją Część nr 2 - Tomograf cyfrowy stomatologiczny Część nr 3 - Wideokolonoskop Część nr 4 - Wideogastroskop Część nr 5 - Wyposażenie Szpitalnego Oddziału Ratunkowego Część nr 6 - Macerator do pieluch Część nr 7 - Analizator parametrów krytycznych typ I Część nr 8 - Analizator parametrów krytycznych typ II Część nr 9 - Analizator parametrów krytycznych typ III Część nr 10 - Tor wizyjny z wyposażeniem Część nr 11 - Kolumna anestezjologiczna Część nr 12 - Lampa operacyjna dwuczaszowa (160 000 lux) Część nr 13 - Respirator wysokiej klasy, typ D - na wózku",Radomski Szpital Specjalistyczny im. dr. Tytusa Chałubińskiego
Czechia – Medical consumables,2026-04-27,CZE,,https://ted.europa.eu/en/notice/-/detail/224702-2026,224702-2026,33140000|33140000|33140000|33140000|33140000|33140000|33140000,Předmětem plnění veřejné zakázky jsou průběžné dodávky spotřebního zdravotnického materiálu pro Ústřední vojenskou nemocnici – Vojenskou fakultní nemocnici Praha v rozsahu a v souladu se zadávací dokumentací a jejími přílohami. Předmětem plnění veřejné zakázky jsou průběžné dodávky spotřebního zdravotnického materiálu pro Ústřední vojenskou nemocnici – Vojenskou fakultní nemocnici Praha v rozsahu a v souladu se zadávací dokumentací a jejími přílohami. Předmětem plnění veřejné zakázky jsou průběžné dodávky spotřebního zdravotnického materiálu pro Ústřední vojenskou nemocnici – Vojenskou fakultní nemocnici Praha v rozsahu a v souladu se zadávací dokumentací a jejími přílohami. Předmětem plnění veřejné zakázky jsou průběžné dodávky spotřebního zdravotnického materiálu pro Ústřední vojenskou nemocnici – Vojenskou fakultní nemocnici Praha v rozsahu a v souladu se zadávací dokumentací a jejími přílohami. Předmětem plnění veřejné zakázky jsou průběžné dodávky spotřebního zdravotnického materiálu pro Ústřední vojenskou nemocnici – Vojenskou fakultní nemocnici Praha v rozsahu a v souladu se zadávací dokumentací a jejími přílohami. Předmětem plnění veřejné zakázky jsou průběžné dodávky spotřebního zdravotnického materiálu pro Ústřední vojenskou nemocnici – Vojenskou fakultní nemocnici Praha v rozsahu a v souladu se zadávací dokumentací a jejími přílohami.,Ústřední vojenská nemocnice - Vojenská fakultní nemocnice Praha
Italy – Disposable non-chemical medical consumables and haematological consumables,,ITA,,https://ted.europa.eu/en/notice/-/detail/224893-2026,224893-2026,33141000|33190000,"Avviso volontario per la trasparenza preventiva, relativo alla procedura negoziata, senza previa pubblicazione di un bando di gara, ai sensi dell'art. 76 commi 1 e 2 lettera b9 del D. Lgs. n. 36/2023 per la fornitura in conto deposito di sostituto dermico alloplastico riassorbibile per la rigenerazione tissutale e gestione di ferite croniche ed ustioni di II e III grado, occorrenti alle UU.OO.CC. dell'A.R.N.A.S. Civico, Di Cristina, Benfratelli di Palermo",U.O.C. Provveditorato
Italy – Miscellaneous medical devices and products,2026-05-14,ITA,,https://ted.europa.eu/en/notice/-/detail/225061-2026,225061-2026,33190000|33190000|33190000|33190000|33190000|33190000|33190000|33190000|33190000|33190000|33190000|33190000|33190000|33190000|33190000|33190000|33190000|33190000|33190000|33190000|33190000|33190000|33190000|33190000|33190000|33190000|33190000|33190000|33190000|33190000|33190000|33190000|33190000|33190000|33190000|33190000|33190000|33190000|33190000|33190000|33190000|33190000|33190000|33190000|33190000|33190000|33190000|33190000|33190000|33190000|33190000|33190000|33190000|33190000|33190000|33190000|33190000|33190000|33190000|33190000|33190000|33190000|33190000|33190000|33190000|33190000|33190000|33190000|33190000|33190000|33190000|33190000|33190000|33190000|33190000|33190000|33190000|33190000|33190000|33190000|33190000|33190000|33190000|33190000|33190000|33190000|33190000|33190000|33190000|33190000|33190000|33190000|33190000|33190000|33190000|33190000|33190000|33190000|33190000|33190000|33190000,"Set da decompressione del colon; diametro catetere varie misure con fori laterali, filo guida in acciaio ricoperto da PTFE Boccagli per uso pediatrico monouso, latex free, con elastico di ritenzione diametro massimo 16mm. Boccagli per adulti, monouso, con abbassalingua, latex free, con elastico di ritenzione, fori laterali per agevolare manovre di aspirazione o di introduzione strumento o dilatatori. Boccagli per adulti, monouso, con abbassalingua, latex free, con elastico di ritenzione, con attacco per ossigeno. Campana in gomma per recupero corpi estranei taglienti Spazzolino monouso canale aria/acqua a doppia estremità più spazzolino per valvola Spazzolino pulizia canale bioptico monouso , con una o più spazzole, punta atraumatica. Spazzolino pulizia specifico per elevatore duodenoscopio Pinza monouso biopsia per strumento transnasale, compatibilità con canale bioptico da 2mm circa, varie forme e varie lunghezze Pinza monouso biopsia varie forme e varie lunghezze, con e senza ago. Pinza monouso da biopsia jumbo, valve di diverse tipologie, diverse lunghezze. Pinza monouso per biopsia a caldo per gastroscopio e colonscopia Pinza da biopsia cisti pancreatica in corso di ecoendoscopia tipo Morey, compatibile con ago da 19G. Confezione singola, sterile e monouso. Pinza pluriuso per recupero corpi estranei, valve di diverse tipologie e diverse lunghezze . Aghi per iniezione con guaina metallica per duodenoscopio diverse misure, puntale distale arrotondato, impugnatura dotata di molla di sicurezza.Sterile e monouso. Aghi da sclerosi monouso, da 23 e 25 G, lunghezza 200 mm, catetere interno a stella e sistema di bloccaggio. Aghi da FNA (Fine Needle Aspiration) ecoendoscopico in cromocobalto da 19G, 22G, 25G. Sterile e monouso. Aghi per FNB (Fine Needle Biopsy) a , 22G, 25G in cromocobalto con tre punte asimmetriche e pattern ecogenico circonferenziale fino alla punta. Con e senza stiletto super stiff. Confezione singola, sterile e monouso. Sistema precaricato con aghi per biopsia, ricaricabile Ago per aspirazione/biopsia FNA/FNB ecoendoscopica in nitinol flessibile da 19 G. punta ad altissima visibilità ecografica, regolazione esposizione ago e guaina con blocco di sicurezza, attacco luer-lock metallico, siringa per il vuoto, per permettere il passaggio di accessori in corso di ecoendoscopia operativa. Monouso, sterile. Stent ampie flange precaricato su sistema di rilascio one-shot con punta elettrocauterizzatrice in corso di ecoendoscopia. Diametri 6mm, 8mm, 10mm e 20mm. Lunghezze 10mm e 15mm. Sterile e monouso.Confezione singola, sterile e monouso. SISTEMA PER POSIZIONAMENTO PROTESI DOPPIO PIGTAIL Stent in nitinol autoespandibile per anastomosi epatogastrica, ricoperto per il 70%, con distale scoperto per evitare la migrazione e con marker radiopachi tra la parte scoperta e ricoperta. Confezione singola, sterile e monouso. Cistotomo per trattamento pseudocisti pancreatiche, costituito da due cateteri coassiali, esterno con diametro minimo 6F, guida 0,0035"", diversi diametri. Confezione singola, sterile e monouso. Stent ampie flange precaricato su sistema di rilascio con punta elettrocauterizzatrice in corso di ecoendoscopia. Diametri 8mm, 10mm e 16mm. Lunghezza 20mm. Confezione singola, sterile e monouso. Elettrodo per termoablazione a radiofrequenza biliare e ecoendoscopica, diametro ago 19G, diametro catetere 7Fr, lunghezze attive ago da 5, 10, 15 e 20 mm. Lunghezze attive catetere 18mm e 33mm. Confezione singola, sterile e monouso. Sistema motorizzato per resezione, aspirazione e asportazione simultanea di materiale necrotico, catetere da 3.1mm e da 5.5mm costituito da cannula esterna dotata di finestra di aspirazione e cannula interna dotata di lama rotante, monouso, sterile. Confezione singola, sterile e monouso. Ansa da polipectomia ovale,a caldo, PLURIFILAMENTO monouso, rotante e non, varie dimensioni, canale operativo minimo 2.8 mm, varie lunghezze, minimo 230 cm. Ansa da polipectomia crescent,plurifilamento, monouso, va",A.O. Sant'Andrea
Norway – Medical consumables,,NOR,,https://ted.europa.eu/en/notice/-/detail/225204-2026,225204-2026,33140000|33100000,Prior information notice for the tender documentation.,Sykehusinnkjøp HF
Spain – Medical equipments,2026-05-04,ESP,,https://ted.europa.eu/en/notice/-/detail/225239-2026,225239-2026,33100000|33192160|33192300|33100000|33192160|33192300,Según Pliego Condiciones Particulares Según Pliego Condiciones Particulares,"Mutua Universal Mugenat, Mutua Colaboradora con la Seguridad Social nº 10"
Poland – Medical equipments,2026-04-08,POL,,https://ted.europa.eu/en/notice/-/detail/225278-2026,225278-2026,33100000|33115100|45000000|45215143|45314300|39100000|33100000|33115100|45000000|45215143|45314300|39100000,"1. Przedmiotem niniejszego zamówienia jest dostawa aparatu PET/CT wraz z wykonaniem prac adaptacyjnych dla Narodowego Instytutu Onkologii im. Marii Skłodowskiej-Curie – Państwowego Instytutu Badawczego Oddziału w Gliwicach. 2. Opis przedmiotu zamówienia oraz warunki realizacji zamówienia zawarte są w załącznikach: 1) Specyfikacja asortymentowo-cenowa - załącznik nr 2 do SWZ, 2) Opis przedmiotu zamówienia - załącznik nr 3 do SWZ, 3) Wymagania dotyczące ochrony radiologicznej - załącznik nr 4 do SWZ, 4) Projektowane postanowienia umowy, które zostaną wprowadzone do treści umowy - załącznik nr 5 do SWZ. 3. Termin wykonania przedmiotu zamówienia: w nieprzekraczalnym terminie do dnia 26 czerwca 2026 r. Realizacja przedmiotu zamówienia składa się z trzech etapów: 1) etap I - obejmuje wykonanie prac adaptacyjnych niezbędnych do przekazana „Dokumentacji technicznej pracowni rentgenowskiej wskazującej na spełnienie wymagań ochrony radiologicznej” na potrzeby uzyskania zezwolenia Prezesa Państwowej Agencji Atomistyki w terminie do dnia 18 maja 2026 r., 2) etap II - obejmuje dostawę, instalację, sfinalizowanie prac adaptacyjnych oraz uruchomienie sprzętu w terminie do dnia 19 czerwca 2026 r., 3) etap III - obejmuje przekazanie „Dokumentacji projektowej medycznej pracowni rentgenowskiej” na potrzeby uzyskania zezwolenia Państwowego Wojewódzkiego Inspektora Sanitarnego, przeszkolenie personelu Zamawiającego (za wyjątkiem przeszkolenia aplikacyjnego) oraz przekazanie sprzętu do eksploatacji w terminie do dnia 26 czerwca 2026 r. 4. Zamawiający w niniejszym postępowaniu przetargowym przy ocenie ofert będzie stosował procedurę określoną w art. 139 ust. 1 ustawy Pzp. 5. Termin związania ofertą wynosi: 90 dni. Bieg terminu związania ofertą rozpoczyna się wraz z upływem terminu składania ofert. Dzień ten jest pierwszym dniem terminu związania ofertą. Powyższe oznacza, iż termin związania ofertą upływa w dniu 06.07.2026 r. 6. Kryterium oceny ofert: Cena 60%, Parametry oceniane 40%. Szczegółowe informacje dotyczące kryteriów oceny ofert zawarte są w SWZ.",Narodowy Instytut Onkologii im. Marii Skłodowskiej-Curie - Państwowy Instytut Badawczy Oddział w Gliwicach
Sweden – Medical equipments,2026-05-04,SWE,,https://ted.europa.eu/en/notice/-/detail/225294-2026,225294-2026,33100000|33194110|33100000|33194110,"Försvarsmakten önskar anskaffa sprutpumpar HBO, redo att användas för vård och behandling i Försvarsmaktens tryckkammare av medicinsk personal. I anskaffningen ska även användar- och teknikerutbildning ingå.",FMV
Spain – Surgical implants,,ESP,,https://ted.europa.eu/en/notice/-/detail/225315-2026,225315-2026,33184100,Suministro de Semillas de I-25 para el Servicio de Oncología Radioterápica del HUCA,Gerencia del Área Sanitaria IV del Servicio de Salud del Principado de Asturias
France – Medical consumables,2026-05-05,FRA,,https://ted.europa.eu/en/notice/-/detail/225352-2026,225352-2026,33140000|33140000|33140000|33140000|33140000|33140000|33140000|33140000|33140000|33140000|33140000|33140000|33140000|33140000|33140000|33140000|33140000|33140000|33140000|33140000|33140000|33140000|33140000|33140000|33140000|33140000|33140000|33140000|33140000|33140000|33140000|33140000|39220000|33141300|33140000|33140000|18424300|33140000|39225730|33141641|33140000|33140000|33140000|33140000|33140000|33140000|33140000|33793000|38437000|38550000|38300000|44618500|33140000|33140000|33140000|33140000|33140000|33140000|33140000|33140000|33140000|33140000,"Articles ménager et habillement&amp;lt;br/&amp;gt; Tubes sous vide&amp;lt;br/&amp;gt; Consommables divers pour analyses ESST&amp;lt;br/&amp;gt; Inoculations &amp;lt;br/&amp;gt; Protections individuelles&amp;lt;br/&amp;gt; Consommables divers de laboratoire 1&amp;lt;br/&amp;gt; Flaconnages&amp;lt;br/&amp;gt; Sondes et électrodes&amp;lt;br/&amp;gt; Consommables divers de laboratoire 2&amp;lt;br/&amp;gt; Consommables divers de laboratoire 3&amp;lt;br/&amp;gt; Consommables pour filtration&amp;lt;br/&amp;gt; Consommables en papier, plastique, verre et inox&amp;lt;br/&amp;gt; Petits matériels pour amplification&amp;lt;br/&amp;gt; Fournitures pour prélèvements alimentaires&amp;lt;br/&amp;gt; Consommables en plastiques de laboratoire&amp;lt;br/&amp;gt; Verrerie de laboratoire&amp;lt;br/&amp;gt; Pipettes et seringues stériles&amp;lt;br/&amp;gt; Compteurs&amp;lt;br/&amp;gt; Thermomètre à sonde et cartouche de gaz&amp;lt;br/&amp;gt; Cuves&amp;lt;br/&amp;gt; Consommables particuliers de chimie&amp;lt;br/&amp;gt; Divers contenants pour trichines et chimie&amp;lt;br/&amp;gt; Barreaux aimantés et poids de calibration &amp;lt;br/&amp;gt; Consommables divers de laboratoire 4&amp;lt;br/&amp;gt; Tubes de conservation pour micro organismes&amp;lt;br/&amp;gt; Gaines&amp;lt;br/&amp;gt; Consommables divers de laboratoire 5&amp;lt;br/&amp;gt; Plaques spécifiques pour appareil TECAN &amp;lt;br/&amp;gt; Matériel pour appareil KING FISHER&amp;lt;br/&amp;gt; Matériel pour Extracteur PCR&amp;lt;br/&amp;gt;",Département de la Lozère
Czechia – Disposable non-chemical medical consumables and haematological consumables,2026-05-06,CZE,,https://ted.europa.eu/en/notice/-/detail/225449-2026,225449-2026,33141000|33141000|33141000,"Předmětem této veřejné zakázky jsou průběžné dodávky spotřebního materiálu a diagnostik v souladu se zákonem č. 375/2022 Sb., o zdravotnických prostředcích a diagnostických zdravotnických prostředcích in vitro, v platném a účinném znění, konrétně: Odběrové sety pro deplečení léčebné aferetické odběry kompatibilní se separátory Spectra Optia; Předmětem této veřejné zakázky jsou průběžné dodávky spotřebního materiálu a diagnostik v souladu se zákonem č. 375/2022 Sb., o zdravotnických prostředcích a diagnostických zdravotnických prostředcích in vitro, v platném a účinném znění, konrétně: Odběrové sety pro výrobu TADR (trombocyty z aferézy deleukotizované v náhradním roztoku) kompatibilní se separátory Trima Accel",Institut klinické a experimentální medicíny
Poland – Medical equipments,2026-04-08,POL,,https://ted.europa.eu/en/notice/-/detail/225516-2026,225516-2026,33100000|39137000|39314000|48814000|33111000|48180000|33161000|33162000|33168000|33192120|33192000|33192300|33193000|33168100|33112200|33191000|33127000|38434580|42959000|33167000|33121000|33171000|33192130|35112100|39162200|33123200|33121500|33195000|33182100|33100000|33100000|33192120|33100000|33100000|33100000|33100000|42959000|48180000|33100000|33100000|33100000|33100000|33100000|33100000|33100000|33100000|33100000|33111000|48180000|33161000|33162000|33168000|33192000|33192300|33193000|33162200|33168100|33112200|33191000|33127000|38434580|39137000|39314000|51500000|48814000|33167000|33162200|33192300|33193000|33121000|35112000|33192120|33192130|33168100|33161000|33111000|35112100|39162200|33123200|33121500|33195000|33182100|33195000,"Pakiet obejmuje: 1. Aparat Rtg typu telekomando - 1 kpl. z dodatkową lampą na zawieszeniu sufitowym oraz stojakiem płucnym oraz dodatkowym detektorem bezprzewodowym 17x17"" wraz z opcją tomosyntezy. wraz z niezbędnymi pracami instalacyjnymi koniecznymi do podłączenie do infrastruktury Szpitala. 2. Aparat Rtg. - 1 kpl. wraz z niezbędnymi pracami instalacyjnymi koniecznymi do podłączenie do infrastruktury Szpitala. 3. System AI Telekonsultacji - 1 kpl. Szczegółowy opis, zakres i wielkość przedmiotu zamówienia zawiera załącznik nr 11.1 do SWZ. Zamawiający zastrzega konieczność składania ofert przez Wykonawcę na całość asortymentu w danym pakiecie. Realizacja i eksploatacja sprzętu medycznego będącego przedmiotu zamówienia nie narusza zasady ""nie czyń poważnej szkody"" dla żadnej z sześciu dziedzin środowiskowych, zgodnie z art. 17 Rozporządzenia (UE) 2020/852 - Wykonawca składa oświadczenie w formularzu ofertowym. W przypadku, gdy opis przedmiotu zamówienia został opisany przez wskazanie znaków towarowych, patentów lub pochodzenia, źródła lub szczególnego procesu, który charakteryzuje produkty lub usługi dostarczane przez konkretnego wykonawcę Zamawiający dopuszcza rozwiązania równoważne opisywanym, a wskazaniu takiemu towarzyszą wyrazy ""lub równoważny"". W przypadku, gdy opis przedmiotu zamówienia odnosi się do norm, ocen technicznych, specyfikacji technicznych i systemów referencji technicznych, o których mowa w art. 101 ust. 1 pkt 2 oraz ust. 3 PZP Zamawiający dopuszcza rozwiązania równoważne opisywanym, a odniesieniu takiemu towarzyszą wyrazy ""lub równoważne"". W przypadku wskazania w opisie przedmiotu zamówienia ww. określeń Zamawiający informuje, że zostały one podane wyłącznie w celu określenia wymaganych parametrów jakościowych, jakimi co najmniej winny odpowiadać zamawiane produkty/ usługi. Takie parametry, gwarantowane przez określonych producentów, pozwolą Zamawiającemu na utrzymanie standardów koniecznych do zapewnienia wymaganej jakości wykonywanych badań. Zamawiający, opisując przedmiot zamówienia poprzez wskazanie nazw handlowych, dopuszcza jednocześnie wszelkie ich odpowiedniki rynkowe, nie gorsze niż wskazane w SWZ. Zwrot ""równoważny"" oznacza, że Zamawiający dopuszcza produkt lub usługę zbliżone pod względem parametrów technicznych lub jakościowych do produktu lub usługi dostarczanej przez konkretnego wykonawcę, co nie oznacza identyczności z produktem lub usługą wskazanymi w opisie przedmiotu zamówienia, ale posiadanie zbliżonych cech i parametrów funkcjonalnych. Zastosowanie produktów równoważnych nie może pogorszyć jakości osiąganych wyników ani negatywnie wpłynąć na prawidłowe użytkowanie lub funkcjonowanie produktu lub usługi zgodnie z ich przeznaczeniem. W przypadku zaproponowania przez Wykonawcę w ofercie produktów/ usług równoważnych jakościowo do produktów/ usług wskazanych przez Zamawiającego, Wykonawca zobowiązany jest wykazać, że oferowane rozwiązania w równoważnym stopniu spełniają wymagania określone przez Zamawiającego. Rozwiązania równoważne muszą być zgodne w szczególności pod względem: 1) gabarytów i konstrukcji (wielkość, rodzaj, właściwości fizyczne, liczba elementów składowych), 2) charakteru użytkowego (tożsamość funkcji), 3) charakterystyki materiałowej (rodzaj i jakość materiałów), 4) parametrów technicznych (wytrzymałość, trwałość, dane techniczne, konstrukcje itd.), 5) parametrów bezpieczeństwa użytkowania itp. Przez certyfikaty równoważne Zamawiający rozumie certyfikaty, które są analogiczne co do zakresu z przykładowymi certyfikatami wskazanymi z nazwy dla danej roli, co jest rozumiane jako certyfikaty dotyczące: a) analogicznej dziedziny merytorycznej wynikającej z roli której dotyczy certyfikat; b) analogicznego stopnia poziomu kompetencji; c) analogicznego poziomu doświadczenia zawodowego wymaganego do otrzymania danego certyfikatu oraz potwierdzony jest egzaminem/ testami, jeśli są wymagane dla uzyskania certyfikacji w danej dziedzinie. Przez normy równoważne Zamawiający rozumie normy,",Samodzielny Publiczny Zespół Opieki Zdrowotnej w Kolbuszowej
Poland – Medical equipments,2026-04-10,POL,,https://ted.europa.eu/en/notice/-/detail/225577-2026,225577-2026,33100000|33140000|33192120|33112200|33123210|33195000|33195000|33123200|33172100|33182100|33194100|33186200|33191000|33192000|33190000|33192000|33192000|34114122|33192200|33190000,"1. Przedmiotem zamówienia jest zakup sprzętu i aparatury medycznej oraz wyposażenia dla Oddziału Kardiologii z Pododdziałem Kardiologicznym, Poradni Kardiologicznej, Pracowni Radiologii Zabiegowej (Pracowni Hemodynamicznej) oraz Izby Przyjęć Szpitala w ramach realizacji projektu z Krajowego Planu Odbudowy pn. „Modernizacja infrastruktury oraz bazy sprzętowej Wojewódzkiego Szpitala Specjalistycznego nr 4 w Bytomiu celem poprawy dostępu oraz podniesienie jakości opieki kardiologicznej w ramach Projektu Nr KPOD.07.02-IP.10-0354/25/KPO/13/2025/730 realizowanego w ramach Krajowego Planu Odbudowy i Zwiększania Odporności: Komponent D „Efektywność, dostępność i jakość systemu ochrony zdrowia”, Inwestycja D1.1.1 „Rozwój i modernizacja infrastruktury centrów opieki wysokospecjalistycznej i innych podmiotów leczniczych” 2. Szczegółowy opis przedmiotu zamówienia określa Załącznik Nr 1A – Formularz asortymentowo – cenowy, Załącznik Nr 1B – Zestawienie parametrów i warunków wymaganych. Informacje w zakresie zasad realizacji dostawy, gwarancji oraz wynagrodzenia zawiera Załącznik Nr 6 do SWZ – Projektowane postanowienia umowy. 1. Przedmiotem zamówienia jest zakup sprzętu i aparatury medycznej oraz wyposażenia dla Oddziału Kardiologii z Pododdziałem Kardiologicznym, Poradni Kardiologicznej, Pracowni Radiologii Zabiegowej (Pracowni Hemodynamicznej) oraz Izby Przyjęć Szpitala w ramach realizacji projektu z Krajowego Planu Odbudowy pn. „Modernizacja infrastruktury oraz bazy sprzętowej Wojewódzkiego Szpitala Specjalistycznego nr 4 w Bytomiu celem poprawy dostępu oraz podniesienie jakości opieki kardiologicznej w ramach Projektu Nr KPOD.07.02-IP.10-0354/25/KPO/13/2025/730 realizowanego w ramach Krajowego Planu Odbudowy i Zwiększania Odporności: Komponent D „Efektywność, dostępność i jakość systemu ochrony zdrowia”, Inwestycja D1.1.1 „Rozwój i modernizacja infrastruktury centrów opieki wysokospecjalistycznej i innych podmiotów leczniczych” 2. Szczegółowy opis przedmiotu zamówienia określa Załącznik Nr 1A – Formularz asortymentowo – cenowy, Załącznik Nr 1B – Zestawienie parametrów i warunków wymaganych. Informacje w zakresie zasad realizacji dostawy, gwarancji oraz wynagrodzenia zawiera Załącznik Nr 6 do SWZ – Projektowane postanowienia umowy. 1. Przedmiotem zamówienia jest zakup sprzętu i aparatury medycznej oraz wyposażenia dla Oddziału Kardiologii z Pododdziałem Kardiologicznym, Poradni Kardiologicznej, Pracowni Radiologii Zabiegowej (Pracowni Hemodynamicznej) oraz Izby Przyjęć Szpitala w ramach realizacji projektu z Krajowego Planu Odbudowy pn. „Modernizacja infrastruktury oraz bazy sprzętowej Wojewódzkiego Szpitala Specjalistycznego nr 4 w Bytomiu celem poprawy dostępu oraz podniesienie jakości opieki kardiologicznej w ramach Projektu Nr KPOD.07.02-IP.10-0354/25/KPO/13/2025/730 realizowanego w ramach Krajowego Planu Odbudowy i Zwiększania Odporności: Komponent D „Efektywność, dostępność i jakość systemu ochrony zdrowia”, Inwestycja D1.1.1 „Rozwój i modernizacja infrastruktury centrów opieki wysokospecjalistycznej i innych podmiotów leczniczych” 2. Szczegółowy opis przedmiotu zamówienia określa Załącznik Nr 1A – Formularz asortymentowo – cenowy, Załącznik Nr 1B – Zestawienie parametrów i warunków wymaganych. Informacje w zakresie zasad realizacji dostawy, gwarancji oraz wynagrodzenia zawiera Załącznik Nr 6 do SWZ – Projektowane postanowienia umowy. 1. Przedmiotem zamówienia jest zakup sprzętu i aparatury medycznej oraz wyposażenia dla Oddziału Kardiologii z Pododdziałem Kardiologicznym, Poradni Kardiologicznej, Pracowni Radiologii Zabiegowej (Pracowni Hemodynamicznej) oraz Izby Przyjęć Szpitala w ramach realizacji projektu z Krajowego Planu Odbudowy pn. „Modernizacja infrastruktury oraz bazy sprzętowej Wojewódzkiego Szpitala Specjalistycznego nr 4 w Bytomiu celem poprawy dostępu oraz podniesienie jakości opieki kardiologicznej w ramach Projektu Nr KPOD.07.02-IP.10-0354/25/KPO/13/2025/730 realizowanego w ramach Krajowego Planu Odbudowy i Zwiększ",Wojewódzki Szpital Specjalistyczny nr 4 w Bytomiu
Poland – Medical equipments,2026-04-08,POL,,https://ted.europa.eu/en/notice/-/detail/225704-2026,225704-2026,33100000|33100000|33100000|33100000|33172100|33172100|33157400,"Przedmiot zamówienia obejmuje następujący zakres: - dostawę przedmiotu zamówienia do siedziby zamawiającego - instalację i uruchomienie dostarczonej aparatury / sprzętu, - przeszkolenie personelu zamawiającego w zakresie obsługi, czyszczenia, dezynfekcji i konserwacji dostarczonego przedmiotu zamówienia, - przeszkolenie personelu zamawiającego w zakresie wykonywania badań, - przekazanie wymaganych dokumentów (zgodnie z zapisami umowy). Szczegółowy opis przedmiotu zamówienia - został wskazany w załączniku nr 2 - Parametry techniczne. Zamawiający żąda, by dostarczony przedmiot zamówienia spełniał wymogi określone ustawą z dnia 7 kwietnia 2022r. o wyrobach medycznych (Dz. U. z 2024r. poz. 1620, z późn. zm) oraz inne wymogi wskazane w innych obowiązujących przepisach szczególnych i normach dotyczących przedmiotu zamówienia oraz spełniał minimalne wymogi określone w SWZ. Wykonawca winien posiadać dokumenty potwierdzające powyższe i jest zobowiązany przekazać je zamawiającemu na każde żądanie i w każdym czasie - jeśli dotyczy. Zamawiający żąda, by przedmiot zamówienia był nowy, wolny od wad fizycznych i prawnych oraz fabrycznie opakowany, wyprodukowany nie wcześniej niż w 2025r. Zamawiający dopuszcza rozwiązania równoważne. Jako rozwiązanie równoważne należy rozumieć zastosowanie innego niż opisany parametr, z zachowaniem parametrów technicznych, jakościowych, użytkowych lub funkcjonalnych, o których mowa w SWZ. Zaoferowane urządzenie o parametrach równoważnych musi być dopuszczone do stosowania zgodnie z obowiązującym prawem. Zamawiający zastrzega, że zaproponowane rozwiązanie równoważne nie może posiadać cech jakościowych gorszych od parametrów wymaganych przez Zamawiającego w Specyfikacji Warunków Zamówienia. Zamawiający zastrzega, że w przypadku, gdy Wykonawca zaproponuje przedmiot zamówienia inny niż określony przez Zamawiającego (równoważny), zobowiązany jest (w celach porównawczych) przedłożyć Zamawiającemu stosowną dokumentację, w której zawarte będą w szczególności parametry proponowanego przedmiotu zamówienia. Przewiduje się możliwość unieważnienia postępowania o udzielenie zamówienia, w przypadku nieprzyznania środków, które zamawiający zamierzał przeznaczyć na sfinansowanie całości lub części zamówienia. Przedmiot zamówienia obejmuje następujący zakres: - dostawę przedmiotu zamówienia do siedziby zamawiającego - instalację i uruchomienie dostarczonej aparatury / sprzętu, - przeszkolenie personelu zamawiającego w zakresie obsługi, czyszczenia, dezynfekcji i konserwacji dostarczonego przedmiotu zamówienia, - przeszkolenie personelu zamawiającego w zakresie wykonywania badań, - przekazanie wymaganych dokumentów (zgodnie z zapisami umowy). Szczegółowy opis przedmiotu zamówienia - został wskazany w załączniku nr 2 - Parametry techniczne. Zamawiający żąda, by dostarczony przedmiot zamówienia spełniał wymogi określone ustawą z dnia 7 kwietnia 2022r. o wyrobach medycznych (Dz. U. z 2024r. poz. 1620, z późn. zm) oraz inne wymogi wskazane w innych obowiązujących przepisach szczególnych i normach dotyczących przedmiotu zamówienia oraz spełniał minimalne wymogi określone w SWZ. Wykonawca winien posiadać dokumenty potwierdzające powyższe i jest zobowiązany przekazać je zamawiającemu na każde żądanie i w każdym czasie - jeśli dotyczy. Zamawiający żąda, by przedmiot zamówienia był nowy, wolny od wad fizycznych i prawnych oraz fabrycznie opakowany, wyprodukowany nie wcześniej niż w 2025r. Zamawiający dopuszcza rozwiązania równoważne. Jako rozwiązanie równoważne należy rozumieć zastosowanie innego niż opisany parametr, z zachowaniem parametrów technicznych, jakościowych, użytkowych lub funkcjonalnych, o których mowa w SWZ. Zaoferowane urządzenie o parametrach równoważnych musi być dopuszczone do stosowania zgodnie z obowiązującym prawem. Zamawiający zastrzega, że zaproponowane rozwiązanie równoważne nie może posiadać cech jakościowych gorszych od parametrów wymaganych przez Zamawiającego w Specyfikacji Warunków Zamówienia. Zamawiający za",Szpital Miejski w Gliwicach Sp. z o.o.
Poland – Medical equipments,2026-04-10,POL,,https://ted.europa.eu/en/notice/-/detail/225813-2026,225813-2026,33100000|33100000|33100000|33100000|33100000|33100000|33100000,Część 1 – Sprzęt rehabilitacyjni i inne drobny sprzęt Część 2 – Łóżko elektryczne o podwyższonym standardzie 62 szt. Część 3 – Fotel kąpielowy – 2 szt. Część 4 – Łóżko kąpielowe - 2 szt. Część 5 – Waga najazdowa – 1 szt. Część 6 – Podnośnik sufitowy – 15 szt.,Samodzielny Publiczny Zespół Zakładów Opieki Zdrowotnej w Pruszkowie
Croatia – Medical consumables,2026-05-06,HRV,,https://ted.europa.eu/en/notice/-/detail/225936-2026,225936-2026,33140000|33140000|33140000|33140000|33140000|33140000,Medicinski potrošni materijal za transfuziologiju - GRUPA 1 Medicinski potrošni materijal za transfuziologiju – GRUPA 2 Medicinski potrošni materijal za transfuziologiju – GRUPA 3 Medicinski potrošni materijal za transfuziologiju – GRUPA 4 Medicinski potrošni materijal za transfuziologiju – GRUPA 5,KB Dubrava
Spain – Medical consumables,2026-04-27,ESP,,https://ted.europa.eu/en/notice/-/detail/226020-2026,226020-2026,33140000|33000000|33140000|33140000|33000000|33000000,1. Mantas térmicas para hipotermia 2. Manta térmica para hipotermia bajo paciente posición litotimia,Centro de Gestion Integrada y Proyectos Corporativos
Croatia – Medical consumables,2026-04-10,HRV,,https://ted.europa.eu/en/notice/-/detail/226067-2026,226067-2026,33140000|33140000|33140000|33140000|33140000|33140000|33140000|33140000|33140000|33140000|33140000|33140000|33140000|33140000|33140000|33140000|33140000|33140000|33140000|33140000|33140000|33140000|33140000|33140000|33140000|33140000|33140000|33140000|33140000|33140000|33140000|33140000,"Medicinski potrošni materijal za jednokratnu upotrebu (koji nije obuhvaćen ZN) - 7. dio - Zavojni materijal, za potrebe Opće bolnice Zadar. Opis se nalazi u specifikaciji predmeta nabave - Troškovniku. Medicinski potrošni materijal za jednokratnu upotrebu (koji nije obuhvaćen ZN) - 7. dio - Zavojni materijal, za potrebe Opće bolnice Zadar. Opis se nalazi u specifikaciji predmeta nabave - Troškovniku. Medicinski potrošni materijal za jednokratnu upotrebu (koji nije obuhvaćen ZN) - 7. dio - Zavojni materijal, za potrebe Opće bolnice Zadar. Opis se nalazi u specifikaciji predmeta nabave - Troškovniku. Medicinski potrošni materijal za jednokratnu upotrebu (koji nije obuhvaćen ZN) - 7. dio - Zavojni materijal, za potrebe Opće bolnice Zadar. Opis se nalazi u specifikaciji predmeta nabave - Troškovniku. Medicinski potrošni materijal za jednokratnu upotrebu (koji nije obuhvaćen ZN) - 7. dio - Zavojni materijal, za potrebe Opće bolnice Zadar. Opis se nalazi u specifikaciji predmeta nabave - Troškovniku. Medicinski potrošni materijal za jednokratnu upotrebu (koji nije obuhvaćen ZN) - 7. dio - Zavojni materijal, za potrebe Opće bolnice Zadar. Opis se nalazi u specifikaciji predmeta nabave - Troškovniku. Medicinski potrošni materijal za jednokratnu upotrebu (koji nije obuhvaćen ZN) - 7. dio - Zavojni materijal, za potrebe Opće bolnice Zadar. Opis se nalazi u specifikaciji predmeta nabave - Troškovniku. Medicinski potrošni materijal za jednokratnu upotrebu (koji nije obuhvaćen ZN) - 7. dio - Zavojni materijal, za potrebe Opće bolnice Zadar. Opis se nalazi u specifikaciji predmeta nabave - Troškovniku. Medicinski potrošni materijal za jednokratnu upotrebu (koji nije obuhvaćen ZN) - 7. dio - Zavojni materijal, za potrebe Opće bolnice Zadar. Opis se nalazi u specifikaciji predmeta nabave - Troškovniku. Medicinski potrošni materijal za jednokratnu upotrebu (koji nije obuhvaćen ZN) - 7. dio - Zavojni materijal, za potrebe Opće bolnice Zadar. Opis se nalazi u specifikaciji predmeta nabave - Troškovniku. Medicinski potrošni materijal za jednokratnu upotrebu (koji nije obuhvaćen ZN) - 7. dio - Zavojni materijal, za potrebe Opće bolnice Zadar. Opis se nalazi u specifikaciji predmeta nabave - Troškovniku. Medicinski potrošni materijal za jednokratnu upotrebu (koji nije obuhvaćen ZN) - 7. dio - Zavojni materijal, za potrebe Opće bolnice Zadar. Opis se nalazi u specifikaciji predmeta nabave - Troškovniku. Medicinski potrošni materijal za jednokratnu upotrebu (koji nije obuhvaćen ZN) - 7. dio - Zavojni materijal, za potrebe Opće bolnice Zadar. Opis se nalazi u specifikaciji predmeta nabave - Troškovniku. Medicinski potrošni materijal za jednokratnu upotrebu (koji nije obuhvaćen ZN) - 7. dio - Zavojni materijal, za potrebe Opće bolnice Zadar. Opis se nalazi u specifikaciji predmeta nabave - Troškovniku. Medicinski potrošni materijal za jednokratnu upotrebu (koji nije obuhvaćen ZN) - 7. dio - Zavojni materijal, za potrebe Opće bolnice Zadar. Opis se nalazi u specifikaciji predmeta nabave - Troškovniku. Medicinski potrošni materijal za jednokratnu upotrebu (koji nije obuhvaćen ZN) - 7. dio - Zavojni materijal, za potrebe Opće bolnice Zadar. Opis se nalazi u specifikaciji predmeta nabave - Troškovniku. Medicinski potrošni materijal za jednokratnu upotrebu (koji nije obuhvaćen ZN) - 7. dio - Zavojni materijal, za potrebe Opće bolnice Zadar. Opis se nalazi u specifikaciji predmeta nabave - Troškovniku. Medicinski potrošni materijal za jednokratnu upotrebu (koji nije obuhvaćen ZN) - 7. dio - Zavojni materijal, za potrebe Opće bolnice Zadar. Opis se nalazi u specifikaciji predmeta nabave - Troškovniku. Medicinski potrošni materijal za jednokratnu upotrebu (koji nije obuhvaćen ZN) - 7. dio - Zavojni materijal, za potrebe Opće bolnice Zadar. Opis se nalazi u specifikaciji predmeta nabave - Troškovniku. Medicinski potrošni materijal za jednokratnu upotrebu (koji nije obuhvaćen ZN) - 7. dio - Zavojni materijal, za potrebe Opće bolnice Zadar. Opis se nalazi u speci",OPĆA BOLNICA ZADAR
Estonia – Disposable non-chemical medical consumables and haematological consumables,2026-05-04,EST,,https://ted.europa.eu/en/notice/-/detail/226178-2026,226178-2026,33141000|33141000|33141000|33141000|33141000|33141000,Detailne tehniline kirjeldus on Lisas 1. / Kõrvaldamise alused ja kvalifitseerimistingimused: Vaata hanke alusdokumentidest Detailne tehniline kirjeldus on Lisas 1. / Kõrvaldamise alused ja kvalifitseerimistingimused: Vaata hanke alusdokumentidest Detailne tehniline kirjeldus on Lisas 1. / Kõrvaldamise alused ja kvalifitseerimistingimused: Vaata hanke alusdokumentidest Detailne tehniline kirjeldus on Lisas 1. / Kõrvaldamise alused ja kvalifitseerimistingimused: Vaata hanke alusdokumentidest Detailne tehniline kirjeldus on Lisas 1. / Kõrvaldamise alused ja kvalifitseerimistingimused: Vaata hanke alusdokumentidest,sihtasutus Tartu Ülikooli Kliinikum
Austria – Medical consumables,2026-05-04,AUT,,https://ted.europa.eu/en/notice/-/detail/226398-2026,226398-2026,33140000|33168000|33140000,Rahmenvereinbarung über 48 Monate zur Lieferung von Gastro Stents in verschiedenen Größen für die Gemeinnützige Salzburger Landeskliniken Betriebsgesellschaft mbH,Gemeinnützige Salzburger Landeskliniken Betriebsgesellschaft mbH
France – Medical furniture,2026-05-06,FRA,,https://ted.europa.eu/en/notice/-/detail/226411-2026,226411-2026,33192000|33192000|33192000,Mobiliers de soins et matelas de prévention et d’aide aux soins des escarres Equipements de soins et d'oxygénothérapie,Centre Hospitalier Universitaire de Nantes
Sweden – Medical equipments,2026-05-03,SWE,,https://ted.europa.eu/en/notice/-/detail/226494-2026,226494-2026,33100000|33100000|33100000|33100000|33100000|33100000|33100000|33100000|33100000|33100000|33100000|33100000,Inredning och utrustning till sjukvårdsmottagningar Inredning och utrustning till sjukvårdsmottagningar Inredning och utrustning till sjukvårdsmottagningar Inredning och utrustning till sjukvårdsmottagningar Inredning och utrustning till sjukvårdsmottagningar Inredning och utrustning till sjukvårdsmottagningar Inredning och utrustning till sjukvårdsmottagningar Inredning och utrustning till sjukvårdsmottagningar Inredning och utrustning till sjukvårdsmottagningar Inredning och utrustning till sjukvårdsmottagningar Inredning och utrustning till sjukvårdsmottagningar,Kriminalvården
Greece – Diagnostics and radiodiagnostic devices and supplies,2026-05-15,GRC,,https://ted.europa.eu/en/notice/-/detail/226565-2026,226565-2026,33124000|33124000|33124000,ΑΚΤΙΝΟΣΚΟΠΙΚΟ ΣΥΓΚΡΟΤΗΜΑ C-ARM ΟΡΘΟΠΕΔΙΚΗΣ ΧΡΗΣΗΣ ΣΥΣΤΗΜΑ ΥΠΕΡΗΧΟΕΝΔΟΣΚΟΠΗΣΗΣ EUS,ΓΕΝΙΚΟ ΝΟΣΟΚΟΜΕΙΟ ΙΩΑΝΝΙΝΩΝ «Γ. ΧΑΤΖΗΚΩΣΤΑ»
Poland – Software supply services,2026-04-13,POL,,https://ted.europa.eu/en/notice/-/detail/226573-2026,226573-2026,72268000|72262000|72267000|72230000|72263000|72212732|48180000|48814400|48814200|48460000|33124110|38434000|48730000|48732000|48218000|48517000|72260000|72268000|48218000|48814400|72212180|33124110|72212732|72262000|48180000|48517000|72260000|48814200|48460000|72267000|72230000|33124110|38434000|72263000|48732000|48730000,Zadanie nr 1 - Rozbudowa Systemów medycznych Zadanie nr 2 – Rozbudowa oprogramowania do zarządzania oraz nadzoru stacji komputerowych Zadanie nr 3 – Rozbudowa oprogramowania do produkcji cytostatyków oraz planowania leczenia pacjentów onkologicznych Zadanie nr 4 – Integracja systemu VNA/PACS Zamawiającego z Platformą Usług Inteligentnych (PUI) Centrum e-Zdrowia Zadanie nr 5 – Dostawa i wdrożenie sieciowego systemu analizatorów przyłóżkowych typu POCT z integracją z systemem HIS Zadanie nr 6 – Rozbudowa infrastruktury pocztowej o mechanizmy MFA oraz system ochrony klasy Enterprise,Beskidzkie Centrum Onkologii- Szpital Miejski im. Jana Pawła II w Bielsku-Białej.
Croatia – Medical consumables,2026-05-04,HRV,,https://ted.europa.eu/en/notice/-/detail/226678-2026,226678-2026,33140000|33140000|33140000|33140000|33140000|33140000|33140000,Grupa 1. Razni sanitetski potrošni materijal Grupa 2.- razni sanitetski potrošni materijal Grupa 3.- razni sanitetski potrošni materijal Grupa 4.- razni sanitetski potrošni materijal Grupa 5. Razni sanitetski potrošni materijal Grupa 6. Razni sanitetski potrošni materijal,Klinička bolnica Merkur
Spain – Medical consumables,2026-05-04,ESP,,https://ted.europa.eu/en/notice/-/detail/226775-2026,226775-2026,33140000|33140000|33140000|33140000|33140000|33140000|33140000|33140000,SEM-2026-113-1 Guía intubar SEM-2026-113-2 Apósito acceso venoso periferico SEM-2026-113-3 Venda autoadherente SEM-2026-113-4 Cánulas supraglóticas pediatricas SEM-2026-113-5 Detectores monoxido carbono SEM-2026-113-6 Set de pneumotorax emergencia SEM-2026-113-7 Material Videolaringoscopi,Sistema d'Emergències Mèdiques
"Norway – Occupational clothing, special workwear and accessories",2026-04-29,NOR,,https://ted.europa.eu/en/notice/-/detail/226840-2026,226840-2026,18100000|18110000|18130000|18140000|18200000|18220000|18230000|18330000|18400000|18410000|18420000|18440000|18800000|18810000|18830000|18900000|33141623|18100000|18110000|18130000|18140000|18200000|18220000|18230000|18330000|18400000|18410000|18420000|18440000|18800000|18810000|18830000|18900000|33141623,"Akasia Kirke og Gravplass AS, together with the other companies in the Akasia Group (Akasia Holding AS, Akasia AS, Akasia Gravstell AS and Kokstaddalen 27 AS), intends to enter into a framework agreement with a single supplier for the provision of workwear and personal protective equipment. The supplier shall offer a broad, consistent and high-quality product range within the requested categories, tailored to the Contracting Authority’s various areas of activity and work tasks, including electrical work, carpentry and joinery, masonry, building maintenance, cleaning, landscaping, contractor services, arboriculture, crematorium services, funeral services and office-based work.",AKASIA KIRKE OG GRAVPLASS AS
Poland – Medical equipments,2026-04-10,POL,,https://ted.europa.eu/en/notice/-/detail/226938-2026,226938-2026,33100000|38423000|33123200|33182100|33157400|33190000|33100000|33100000|33100000|33100000|33100000|33100000|33100000|33123200|38423000|33123200|33123200|33123200|33123200|33123200,CZĘŚĆ 1: Echokardiograf – 1 szt. Szczegółowy opis przedmiotu zamówienia objętego CZĘŚCIĄ 1 zamówienia znajduje się w załączniku nr 3 do specyfikacji warunków zamówienia. CZĘŚĆ 2: Holter ciśnieniowy – 5 szt. Szczegółowy opis przedmiotu zamówienia objętego CZĘŚCIĄ 2 zamówienia znajduje się w załączniku nr 4 do specyfikacji warunków zamówienia. CZĘŚĆ 3: Holter EKG nr 1 – 5 szt. Szczegółowy opis przedmiotu zamówienia objętego CZĘŚCIĄ 3 zamówienia znajduje się w załączniku nr 5 do specyfikacji warunków zamówienia. CZĘŚĆ 4: Holter EKG nr 2 – 1 szt. Szczegółowy opis przedmiotu zamówienia objętego CZĘŚCIĄ 4 zamówienia znajduje się w załączniku nr 6 do specyfikacji warunków zamówienia. CZĘŚĆ 5:Respirator – 4 szt. Szczegółowy opis przedmiotu zamówienia objętego CZĘŚCIĄ 5 zamówienia znajduje się w załączniku nr 7 do specyfikacji warunków zamówienia. CZĘŚĆ 6:Defibrylator z wyposażeniem–1 szt. Szczegółowy opis przedmiotu zamówienia objętego CZĘŚCIĄ 6 zamówienia znajduje się w załączniku nr 8 do specyfikacji warunków zamówienia. CZĘŚĆ 7:Materac przeciwodleżynowy z pompą i pokrowcem– 12 szt. Szczegółowy opis przedmiotu zamówienia objętego CZĘŚCIĄ 7 zamówienia znajduje się w załączniku nr 9 do specyfikacji warunków zamówienia.,Szpital w Ostródzie S.A.
"Switzerland – Sterilisation, disinfection and hygiene devices",2026-05-12,CHE,,https://ted.europa.eu/en/notice/-/detail/227024-2026,227024-2026,33191000|33191000,"Acquisition de laveurs désinfecteurs ou lave-bassins pour remplacer le parc des HUG, ainsi que pour répondre aux besoins des membres de la CAIB pour les prochaines années.",Centrale d'achats et d'ingénierie biomédicale Vaud-Genève (CAIB)
Estonia – Catheters,2026-05-05,EST,,https://ted.europa.eu/en/notice/-/detail/227089-2026,227089-2026,33141200|33141220|33140000|33140000|33140000|33141200|33141200|33141200|33141220,"Elektrofüsioloogia ja kateeterablatsioonide teostamiks vajalike kateetrite, kanüülide jm tarvikute ostmine / Kõrvaldamise alused ja kvalifitseerimistingimused: Vaata hanke alusdokumentidest Elektrofüsioloogia ja kateeterablatsioonide teostamiks vajalike kateetrite, kanüülide jm tarvikute ostmine / Kõrvaldamise alused ja kvalifitseerimistingimused: Vaata hanke alusdokumentidest Elektrofüsioloogia ja kateeterablatsioonide teostamiks vajalike kateetrite, kanüülide jm tarvikute ostmine / Kõrvaldamise alused ja kvalifitseerimistingimused: Vaata hanke alusdokumentidest Elektrofüsioloogia ja kateeterablatsioonide teostamiks vajalike kateetrite, kanüülide jm tarvikute ostmine / Kõrvaldamise alused ja kvalifitseerimistingimused: Vaata hanke alusdokumentidest Elektrofüsioloogia ja kateeterablatsioonide teostamiks vajalike kateetrite, kanüülide jm tarvikute ostmine / Kõrvaldamise alused ja kvalifitseerimistingimused: Vaata hanke alusdokumentidest",sihtasutus Põhja-Eesti Regionaalhaigla
Czechia – Protective and safety clothing,2026-05-08,CZE,,https://ted.europa.eu/en/notice/-/detail/227100-2026,227100-2026,35113400|18140000|18830000|18143000|18130000|18142000|18444100|33735100|35113000|33140000|33741000|35112300|39514100|35113400|35113400|18444100|33140000|18130000|18830000|18143000|18140000|18142000|39514100|33735100|35113000|35112300|33741000|18444100|33140000|18130000|18830000|18143000|18140000|18142000|39514100|33735100|35113000|35112300|33741000,"Předmětem plnění této zakázky je dodávka ochranných osobních pracovních prostředků pro zajištění bezpečnosti práce (dále jen „zboží”). Podrobná specifikace položek zboží, které bude kupující moci objednávat na základě uzavřené rámcové dohody formou jednotlivých objednávek je uvedena v příslušné k dané části veřejné zakázky. Předmětem plnění této zakázky je dodávka ochranných osobních pracovních prostředků pro zajištění bezpečnosti práce (dále jen „zboží”). Podrobná specifikace položek zboží, které bude kupující moci objednávat na základě uzavřené rámcové dohody formou jednotlivých objednávek je uvedena v příslušné k dané části veřejné zakázky.",Centrum výzkumu Řež s.r.o.
Bulgaria – Medical consumables,2026-05-04,BGR,,https://ted.europa.eu/en/notice/-/detail/227253-2026,227253-2026,33140000|33141320|33141320|33141310|33141310|33141321|33141200|33141210|33141200|33141000|33141200|33141220|33141220|33141000|33141200|33157200|33696100|33141000|33170000|33170000|33170000|33194120|33194120|33194120|33141000|33141411|33141411|33141000|33141642|33141615|33141000|33141100|39518200|31711140|33141000|18424300|18424300|18424300|33141000|39830000|39830000|33141000|44613800|33140000|33141110|33190000|33190000|33696500,"№ по ред  /Наименование /Описание/Технически изисквания/Мярка/ Прогнозно количество за 24 мес. 1. Инжекционни игли - от № 18 G 40 mm /- Инжекционни игли, стерилни, еднократни, изработени от неръждаема стомана,  с атравматичен връх, тип ""Луер"" - от № 18 G 40 mm - брой-135000 2. Инжекционни иглиот №20G 1 1/2 -Инжекционни игли, стерилни, еднократни, изработени от неръждаема стомана,  с атравматичен връх, тип ""Луер"" - от №20G 1 1/2-брой-200 3. Инжекционни игли - от № 21G 50 mm-Инжекционни игли, стерилни, еднократни, изработени от неръждаема стомана,  с атравматичен връх, тип ""Луер"" - от № 21G 50 mm-брой-10000 4. Инжекционни игли- от № 25G 16 mm -Инжекционни игли, стерилни, еднократни, изработени от неръждаема стомана,  с атравматичен връх, тип ""Луер"" - от № 25G 16 mm -брой-200 5. Инжекционни игли- от №27G , 3/4 - Инжекционни игли, стерилни, еднократни, изработени от неръждаема стомана,  с атравматичен връх, тип ""Луер"" - от №27G , 3/4 - брой -100000 6. Игла инжекционна тип ""Луер"" /еднократни/  №16G x 1 1/2 - Игла инжекционна тип ""Луер"" /еднократни/  триповърхностно острие, ръбове (лазерно заточени), силиконово покритие №16G x 1 1/2 - брой - 150000 7. Игла,   /Катетри тип ""Бътерфлай""/ - № 25 - Игла, устойчива на прегъване, прозрачна, за краткотрайна периферна инфузия с крилца, изработена от висококачествена стомана, с Луер-Лок заключване  /Катетри тип ""Бътерфлай""/ - № 25 - брой - 1000 Задължително е условието за комплектност на предложението по обособената позиция – участникът оферира всички номенклатурни единици от позицията. ​​​​​​​Навсякъде в Спецификацията, където се посочва конкретен модел, източник, процес, търговска марка, тип, произход или производство, което би довело до облагодетелстването или елиминирането на определени лица или продукти, да се чете и разбира „или еквивалент“. № по ред  /Наименование /Описание/Технически изисквания/Мярка/ Прогнозно количество за 24 мес. 1. Игла инжекционна тип ""Луер"" /еднократни/  №18G x 1 1/2 - Игла инжекционна тип ""Луер"" /еднократни/ i.m,,i.v.,s.c.,  триповърхностно острие, ръбове (лазерно заточени), силиконово покритие №18G x 1 1/2 - брой - 260000 2. Игла инжекционна тип ""Луер"" /еднократни/  №20G x 1 1/2 - Игла инжекционна тип ""Луер"" /еднократни/ i.m,,i.v.,s.c.,  триповърхностно острие, ръбове (лазерно заточени), силиконово покритие №20G 1 1/2 - брой - 255000 3. Игла инжекционна тип ""Луер"" /еднократни/  №22G x 1 1/2 - Игла инжекционна тип ""Луер"" /еднократни/ i.m,,i.v.,s.c.,  триповърхностно острие, ръбове (лазерно заточени), силиконово покритие №22G , 1 1/2 - брой - 160000 4. Игла инжекционна тип ""Луер"" /еднократни/  №27G x 3/4 - Игла инжекционна тип ""Луер"" /еднократни/ i.m,,i.v.,s.c.,  триповърхностно острие, ръбове (лазерно заточени), силиконово покритие №27G , 3/4 - брой - 100000 5. Игла инжекционна тип ""Луер"" /еднократни/  №14G x 4 3/4, 2.00х120пп . Игла инжекционна тип ""Луер"" /еднократни/ i.m,,i.v.,s.c.,  триповърхностно острие, ръбове (лазерно заточени), силиконово покритие №14G x 4 3/4, 2.00х120пп - брой - 1000 6. Игла инсулинова /еднократни/  №29G x 12,7мм - Игла инсулинова /еднократни/  №29G x 12,7мм - брой - 1000 ​​​​​​​Задължително е условието за комплектност на предложението по обособената позиция – участникът оферира всички номенклатурни единици от позицията. ​​​​​​​Навсякъде в Спецификацията, където се посочва конкретен модел, източник, процес, търговска марка, тип, произход или производство, което би довело до облагодетелстването или елиминирането на определени лица или продукти, да се чете и разбира „или еквивалент“. № по ред  /Наименование /Описание/Технически изисквания/Мярка/ Прогнозно количество за 24 мес. 1. Спринцовка 8 сс с винтова връзка - Спринцовка 8 сс с винтова връзка - брой - 150 2. Спринцовка 1мл ИНСУЛИНОВА С ИГЛА 0,4х13 - СПРИНЦОВКА 1 мл ИНСУЛИНОВА С ИГЛА 0,4 х 13 мм х 1 бр. Прозрачно тяло от полипропилен;  уплътнение под формата на двоен пръстен върху стопера на буталото,  разположен в горната част на буталото; плавно плъзгане на буталото; ограничителен ","УНИВЕРСИТЕТСКА МНОГОПРОФИЛНА БОЛНИЦА ЗА АКТИВНО ЛЕЧЕНИЕ ""АЛЕКСАНДРОВСКА"" ЕАД"
"Croatia – Laboratory, optical and precision equipments (excl. glasses)",2026-04-13,HRV,,https://ted.europa.eu/en/notice/-/detail/227472-2026,227472-2026,38000000|38000000|38000000|38000000|38000000|38000000|38000000|38000000|38000000|38000000|38000000|38000000|38000000|38000000|38000000|38000000|38000000|38000000|38500000|38433000|38500000|38900000|42630000|42623000|42621000|42123400|38500000|33136000|38425500|39180000|39130000|30211400|30214000|38500000|33152000|38500000|38434000|38511000|42990000|38900000|42990000|43720000|38430000|38433000|42611000|30232000|30232100|38342000|31720000|38900000,"Predmet nabave uključuje: Isporuku, unošenje na lokaciju, postavljanje opreme te ostalo navedeno u tehničkim specifikacijama za Uređaj 1/2 Optički emisijski spektrometar za određivanje kemijskog sastava različitih legura i uređaj 2/2 Instrument za određivanje ugljika. Detaljan opis predmeta nabave nalazi se u tehničkim specifikacijama/troškovniku. Predmet nabave uključuje: Isporuku, unošenje na lokaciju, postavljanje opreme te ostalo navedeno u tehničkim specifikacijama za Uređaj 1/1 Stolni rentgenski difraktometar za praškaste uzorke. Detaljan opis predmeta nabave nalazi se u tehničkim specifikacijama/troškovniku Predmet nabave uključuje: Isporuku, unošenje na lokaciju, postavljanje opreme te ostalo navedeno u tehničkim specifikacijama za Uređaj 1/5 CNC glodalica s napravama i alatima za obradu odvajanjem čestica, uređaj 2/5 CNC tokarilica s napravama i alatima za obradu odvajanjem čestica, uređaj 3/5 Tračna pila, uređaj 4/5 Stolna bušilica i uređaj 5/5 Kompresor za zrak. Detaljan opis predmeta nabave nalazi se u tehničkim specifikacijama/troškovniku. Predmet nabave uključuje: Isporuku, unošenje na lokaciju, postavljanje opreme te ostalo navedeno u tehničkim specifikacijama za Uređaj 1/4 Uređaj za poluautomatsko brušenje i poliranje uzoraka, uređaj 2/5 Automatska precizna rezalica, uređaj 3/5 Set za toplo i hladno kalupljenje uzoraka, uređaj 4/5 Precizna rezalica i uređaj 5/5 Multifunkcionalni tvrdomjer. Detaljan opis predmeta nabave nalazi se u tehničkim specifikacijama/troškovniku. Predmet nabave uključuje: Isporuku, unošenje na lokaciju, postavljanje opreme te ostalo navedeno u tehničkim specifikacijama za Uređaj 1/1 Dinamička kidalica za polimere i kompozite s temperaturnom komorom. Detaljan opis predmeta nabave nalazi se u tehničkim specifikacijama/troškovniku. Predmet nabave uključuje: Isporuku, unošenje na lokaciju, postavljanje opreme te ostalo navedeno u tehničkim specifikacijama za Uređaj (set) 1/1 Laboratorijski, radionički i uredski namještaj i oprema za prezentacije s uključenom dostavom i montažom na lokaciji kupca Detaljan opis predmeta nabave nalazi se u tehničkim specifikacijama/troškovniku. Predmet nabave uključuje: Isporuku, unošenje na lokaciju, postavljanje opreme te ostalo navedeno u tehničkim specifikacijama za Uređaj 1/2 Radna stanica, uređaj 2/2 Super server. Detaljan opis predmeta nabave nalazi se u tehničkim specifikacijama/troškovniku. Predmet nabave uključuje: Isporuku, unošenje na lokaciju, postavljanje opreme te ostalo navedeno u tehničkim specifikacijama za Uređaj 1/8 Sušionik, uređaj 2/8 Sustav za pripremu laboratorijske vode, uređaj 3/8 Uređaj za ekstrakciju, uređaj 4/8 Filtracija s vakuum pumpama, uređaj 5/8 Floakulator, uređaj 6/8 Laboratorijska napa s usisnom rukom, uređaj 7/8 Inkubator i uređaj 8/8 Laminar (mikrobiološki zaštitni kabinet) Detaljan opis predmeta nabave nalazi se u tehničkim specifikacijama/troškovniku. Predmet nabave uključuje: Isporuku, unošenje na lokaciju, postavljanje opreme te ostalo navedeno u tehničkim specifikacijama za Uređaj 1/1 Simultani termogravimetrijski analizator s vagom. Detaljan opis predmeta nabave nalazi se u tehničkim specifikacijama/troškovniku Predmet nabave uključuje: Isporuku, unošenje na lokaciju, postavljanje opreme te ostalo navedeno u tehničkim specifikacijama za Uređaj 1/2 Uređaj za transmisijsku elektronsku mikroskopiju visoke rezolucije (HRTEM) i uređaj 2/2 Uređaj za pretražnu elektronsku i ionsku mikroskopiju (FIB-FEGSEM) . Detaljan opis predmeta nabave nalazi se u tehničkim specifikacijama/troškovniku Predmet nabave uključuje: Isporuku, unošenje na lokaciju, postavljanje opreme te ostalo navedeno u tehničkim specifikacijama za Uređaj 1/2 Klima komora i uređaj 2/2 Slana komora . Detaljan opis predmeta nabave nalazi se u tehničkim specifikacijama/troškovniku. Predmet nabave uključuje: Isporuku, unošenje na lokaciju, postavljanje opreme te ostalo navedeno u tehničkim specifikacijama za Uređaj 1/1 Uređaj za vakuumsko lijevanje. Detaljan opis p",Istarsko veleučilište - Università Istriana di scienze applicate
Poland – Angiography devices,2026-04-21,POL,,https://ted.europa.eu/en/notice/-/detail/227625-2026,227625-2026,33111720|33194110|45310000|71250000|45350000|45430000|45450000|45220000|45300000|45320000|45440000|33111720|33194110|45310000|71250000|45350000|45430000|45450000|45220000|45300000|45320000|45440000,"1. Przedmiotem zamówienia jest: zakup angiografu oraz zestawu pomp infuzyjnych wraz z wykonaniem niezbędnej adaptacji pomieszczenia umożliwiającej ich prawidłową instalację i użytkowanie w Wielospecjalistycznym Szpitalu – SPZOZ w Zgorzelcu. 2. Nazwa zadania: „Zapewnienie pacjentom dostępu do najwyższej jakości procesów diagnostycznych i terapeutycznych oraz kompleksowej opieki kardiologicznej w WS-SP ZOZ w Zgorzelcu”, szczegółowo opisany w załączonym do wniosku Opisie Przedmiotu Zamówienia 3. Zamówienie objęte wsparciem ze środków planu rozwojowego Przedsięwzięcia pn. „Zapewnienie pacjentom dostępu do najwyższej jakości procesów diagnostycznych i terapeutycznych oraz kompleksowej opieki kardiologicznej w WS-SP ZOZ w Zgorzelcu”, realizowanego w ramach Krajowego Planu Odbudowy i Zwiększenia Odporności, Komponent D „Efektywność, dostępność i jakość systemów ochrony zdrowia”, Inwestycja D.1.1.1 „Rozwój i modernizacja infrastruktury centrów opieki wysokospecjalistycznej i innych podmiotów leczniczych"" 4. Opis przedmiotu zamówienia zawarty został w załącznikach nr 2, 2A, 2B, 2C, 2D, 2E, 5 do SWZ. Numeracja zgodna z SWZ: 18. Wymagania dotyczące zabezpieczenia należytego wykonania umowy. 18.1. Zamawiający nie wymaga wniesienia zabezpieczenia należytego wykonania umowy. 16.3. Za ofertę najkorzystniejszą uznana zostanie oferta, która w sumie uzyska największą ilość punktów. Przy dokonywaniu wyboru oferty Zamawiający stosował będzie wyłącznie kryteria określone w niniejszej SWZ. 16.4. W celu wyłonienia najkorzystniejszej oferty w świetle kryterium ceny, Zamawiający do porównania ofert będzie brał pod uwagę cenę brutto. 16.5. W toku oceny ofert Zamawiający może żądać od Wykonawcy pisemnych wyjaśnień dotyczących treści złożonej oferty. 16.6. Zamawiający udzieli zamówienia Wykonawcy, którego oferta odpowiada wszystkim wymaganiom przedstawionym w ustawie Prawo zamówień publicznych oraz SWZ i została oceniona jako najkorzystniejsza w oparciu o podane kryteria wyboru.",Wielospecjalistyczny Szpital - Samodzielny Publiczny Zespół Opieki Zdrowotnej w Zgorzelcu
"Czechia – Research, testing and scientific technical simulator",2026-05-05,CZE,,https://ted.europa.eu/en/notice/-/detail/227662-2026,227662-2026,38970000|38900000|33100000|33190000|33130000|38970000|38970000|38900000|33100000|33190000|33130000|38900000|33100000|33190000|33130000,"Předmětem veřejné zakázky jsou dodávky spočívající v: Části 1 – Dentální simulátory Dodávka dentálních simulátorů (12 kusů) na principu virtuální reality, určených jako doplněk výuky na standartních stomatologických fantomech. Součástí dodávky je rovněž učitelská stanice, přičemž všechny dodávané komponenty (simulátory a učitelská stanice) tvoří jeden funkční celek. Dodávka sestav (2 kusy) pro upgrade stávajících výukových fantomů o vyhodnocovací systém, zahrnující 3D skener pro skenování preparace fantomových zubů, software pro objektivní vyhodnocení úkolu a související počítačové vybavení.",Univerzita Karlova
Sweden – Miscellaneous medical devices and products,2026-05-02,SWE,,https://ted.europa.eu/en/notice/-/detail/227672-2026,227672-2026,33190000|33190000|33190000|33190000|33190000|33190000|33190000|33190000|33190000|33196000|34430000|34912100|33196000|34430000|34912100|33196000|34430000|34912100|33196000|34430000|34912100|33196000|34430000|34912100|33196000|34430000|34912100|33196000|34430000|34912100|33196000|34430000|34912100,"Upphandlingen omfattar ramavtal på Cyklar och sittvagnar till Region Västerbotten, Region Jämtland Härjedalen och Region Norrbotten. Upphandlingen omfattar ramavtal på Cyklar och sittvagnar till Region Västerbotten, Region Jämtland Härjedalen och Region Norrbotten. Upphandlingen omfattar ramavtal på Cyklar och sittvagnar till Region Västerbotten, Region Jämtland Härjedalen och Region Norrbotten. Upphandlingen omfattar ramavtal på Cyklar och sittvagnar till Region Västerbotten, Region Jämtland Härjedalen och Region Norrbotten. Upphandlingen omfattar ramavtal på Cyklar och sittvagnar till Region Västerbotten, Region Jämtland Härjedalen och Region Norrbotten. Upphandlingen omfattar ramavtal på Cyklar och sittvagnar till Region Västerbotten, Region Jämtland Härjedalen och Region Norrbotten. Upphandlingen omfattar ramavtal på Cyklar och sittvagnar till Region Västerbotten, Region Jämtland Härjedalen och Region Norrbotten. Upphandlingen omfattar ramavtal på Cyklar och sittvagnar till Region Västerbotten, Region Jämtland Härjedalen och Region Norrbotten.",Region Västerbotten
Sweden – Bone reconstruction cements,2026-05-09,SWE,,https://ted.europa.eu/en/notice/-/detail/227735-2026,227735-2026,33697110|33183100|33697110|33697110|33697110|33183100|33183100|33183100,Upphandling av ortopediskt bencement Upphandling av ortopediskt bencement Upphandling av ortopediskt bencement,Region Kronoberg
Austria – Medical consumables,2026-05-05,AUT,,https://ted.europa.eu/en/notice/-/detail/227798-2026,227798-2026,33140000|33140000,Liefervertrag auf unbestimmte Zeit zur Lieferung von Gefäßversiegelungsinstrumenten & Zubehör für die bereits vorhandenen Ethicon Generatoren für die Salzburger Landeskliniken als zentrale Beschaffungsstelle (inkl. aller bestehenden und künftigen Standorten) sowie den optionalen Abrufberechtigten die Tauernkliniken GmbH A.ö. Tauernklinikum.,Gemeinnützige Salzburger Landeskliniken Betriebsgesellschaft mbH
Poland – Miscellaneous medical devices and products,2026-04-21,POL,,https://ted.europa.eu/en/notice/-/detail/227813-2026,227813-2026,33190000|45400000|45210000|45210000|45330000|45311000|45232460|45262522|24111500|45421000|45421146|45432130|45431000|45432000|45440000|45442000|45450000|33190000|45400000|45210000|45210000|45330000|45311000|45232460|45262522|24111500|45421000|45421146|45432130|45431000|45432000|45440000|45442000|45450000,"1. Przedmiotem zamówienia jest: Dostawa sprzętu medycznego i wyposażenia wraz z niezbędnym remontem na potrzeby Oddziału Kardiologicznego, szczegółowo wskazanego w Opisie Przedmiotu Zamówienia. 2. Nazwa zadania: Zapewnienie pacjentom dostępu do najwyższej jakości procesów diagnostycznych i terapeutycznych oraz kompleksowej opieki kardiologicznej w WS-SP ZOZ w Zgorzelcu”, polegające na wykonaniu prac remontowych pomieszczeń Oddziału Kardiologicznego oraz dostawie i montażu wyposażenia. 3. Zamówienie objęte wsparciem ze środków planu rozwojowego Przedsięwzięcia pn. „Zapewnienie pacjentom dostępu do najwyższej jakości procesów diagnostycznych i terapeutycznych oraz kompleksowej opieki kardiologicznej w WS-SP ZOZ w Zgorzelcu”, realizowanego w ramach Krajowego Planu Odbudowy i Zwiększenia Odporności, Komponent D „Efektywność, dostępność i jakość systemów ochrony zdrowia”, Inwestycja D.1.1.1 „Rozwój i modernizacja infrastruktury centrów opieki wysokospecjalistycznej i innych podmiotów leczniczych"" 4. Opis przedmiotu zamówienia zawarty został w załącznikach nr 2, 2A, 2B, 2C, 2D, 2E, 2F, 5 do SWZ. Numeracja zgodna z SWZ: 18. Wymagania dotyczące zabezpieczenia należytego wykonania umowy. 18.1. Zamawiający nie wymaga wniesienia zabezpieczenia należytego wykonania umowy. 16.3. Za ofertę najkorzystniejszą uznana zostanie oferta, która w sumie uzyska największą ilość punktów. Przy dokonywaniu wyboru oferty Zamawiający stosował będzie wyłącznie kryteria określone w niniejszej SWZ. 16.4. W celu wyłonienia najkorzystniejszej oferty w świetle kryterium ceny, Zamawiający do porównania ofert będzie brał pod uwagę cenę brutto. 16.5. W toku oceny ofert Zamawiający może żądać od Wykonawcy pisemnych wyjaśnień dotyczących treści złożonej oferty. 16.6. Zamawiający udzieli zamówienia Wykonawcy, którego oferta odpowiada wszystkim wymaganiom przedstawionym w ustawie Prawo zamówień publicznych oraz SWZ i została oceniona jako najkorzystniejsza w oparciu o podane kryteria wyboru.",Wielospecjalistyczny Szpital - Samodzielny Publiczny Zespół Opieki Zdrowotnej w Zgorzelcu
Belgium – Medical consumables,2026-05-05,BEL,,https://ted.europa.eu/en/notice/-/detail/227891-2026,227891-2026,33140000|33140000|33140000|33141620|33141620,Deze medische materialen zullen in pakketten verstuurd worden naar de student rechtstreeks. Deze medische materialen worden niet in pakket samengesteld en zullen rechtstreeks aan de school geleverd worden als oefenmaterialen.,UC Limburg Vzw
Austria – Radiodiagnostic devices,2026-05-18,AUT,,https://ted.europa.eu/en/notice/-/detail/227899-2026,227899-2026,33124200|33124200,"Lieferung, Aufstellung, Inbetriebnahme und Wartung einer digitalen Röntgendurchleuchtungsanlage für das Institut für diagnostische und interventionelle Radiologie des Landesklinikums Mödling.",NÖ Landesgesundheitsagentur
Poland – Medical consumables,2026-05-05,POL,,https://ted.europa.eu/en/notice/-/detail/228127-2026,228127-2026,33140000|33141200|33141320|33141640|33140000|33140000|33140000|33140000|33140000|33140000|33140000|33140000|33140000|33140000|33140000|33140000|33140000|33140000|33140000|33140000|33140000|33140000|33140000|33140000|33140000|33140000|33140000|33140000|33140000|33140000|33140000|33140000|33140000|33140000|33140000|33140000|33140000|33140000|33140000|33140000|33141320|33141320|33141200|33141320|33141200|33141200|33141200|33141320|33141200|33141320|33141640|33141320|33141320|33141320,"Przedmiotem zamówienia jest sukcesywna dostawa sprzętu jednorazowego i wyrobów medycznych. Przedmiot zamówienia został szczegółowo opisany w Załączniku nr 2 do SWZ - Formularz asortymentowo-cenowy, w którym podano ilość przedmiotu zamówienia oraz opis przedmiotu zamówienia. Przedmiot zamówienia dostarczony będzie na koszt, ryzyko i transportem Wykonawcy. Warunki realizacji Przedmiotu Zamówienia zawarte zostały również w Projektowanych Postanowieniach Umowy, stanowiących Załącznik nr 4 do SWZ.SWZ wraz z załącznikami Zamawiający udostępni na stronie internetowej prowadzonego postępowania: https://www.platformazakupowa.pl/transakcja/1286986. Przedmiotem zamówienia jest sukcesywna dostawa sprzętu jednorazowego i wyrobów medycznych. Przedmiot zamówienia został szczegółowo opisany w Załączniku nr 2 do SWZ - Formularz asortymentowo-cenowy, w którym podano ilość przedmiotu zamówienia oraz opis przedmiotu zamówienia. Przedmiot zamówienia dostarczony będzie na koszt, ryzyko i transportem Wykonawcy. Warunki realizacji Przedmiotu Zamówienia zawarte zostały również w Projektowanych Postanowieniach Umowy, stanowiących Załącznik nr 4 do SWZ.SWZ wraz z załącznikami Zamawiający udostępni na stronie internetowej prowadzonego postępowania: https://www.platformazakupowa.pl/transakcja/1286986. Przedmiotem zamówienia jest sukcesywna dostawa sprzętu jednorazowego i wyrobów medycznych. Przedmiot zamówienia został szczegółowo opisany w Załączniku nr 2 do SWZ - Formularz asortymentowo-cenowy, w którym podano ilość przedmiotu zamówienia oraz opis przedmiotu zamówienia. Przedmiot zamówienia dostarczony będzie na koszt, ryzyko i transportem Wykonawcy. Warunki realizacji Przedmiotu Zamówienia zawarte zostały również w Projektowanych Postanowieniach Umowy, stanowiących Załącznik nr 4 do SWZ.SWZ wraz z załącznikami Zamawiający udostępni na stronie internetowej prowadzonego postępowania: https://www.platformazakupowa.pl/transakcja/1286986. Przedmiotem zamówienia jest sukcesywna dostawa sprzętu jednorazowego i wyrobów medycznych. Przedmiot zamówienia został szczegółowo opisany w Załączniku nr 2 do SWZ - Formularz asortymentowo-cenowy, w którym podano ilość przedmiotu zamówienia oraz opis przedmiotu zamówienia. Przedmiot zamówienia dostarczony będzie na koszt, ryzyko i transportem Wykonawcy. Warunki realizacji Przedmiotu Zamówienia zawarte zostały również w Projektowanych Postanowieniach Umowy, stanowiących Załącznik nr 4 do SWZ.SWZ wraz z załącznikami Zamawiający udostępni na stronie internetowej prowadzonego postępowania: https://www.platformazakupowa.pl/transakcja/1286986. Przedmiotem zamówienia jest sukcesywna dostawa sprzętu jednorazowego i wyrobów medycznych. Przedmiot zamówienia został szczegółowo opisany w Załączniku nr 2 do SWZ - Formularz asortymentowo-cenowy, w którym podano ilość przedmiotu zamówienia oraz opis przedmiotu zamówienia. Przedmiot zamówienia dostarczony będzie na koszt, ryzyko i transportem Wykonawcy. Warunki realizacji Przedmiotu Zamówienia zawarte zostały również w Projektowanych Postanowieniach Umowy, stanowiących Załącznik nr 4 do SWZ.SWZ wraz z załącznikami Zamawiający udostępni na stronie internetowej prowadzonego postępowania: https://www.platformazakupowa.pl/transakcja/1286986. Przedmiotem zamówienia jest sukcesywna dostawa sprzętu jednorazowego i wyrobów medycznych. Przedmiot zamówienia został szczegółowo opisany w Załączniku nr 2 do SWZ - Formularz asortymentowo-cenowy, w którym podano ilość przedmiotu zamówienia oraz opis przedmiotu zamówienia. Przedmiot zamówienia dostarczony będzie na koszt, ryzyko i transportem Wykonawcy. Warunki realizacji Przedmiotu Zamówienia zawarte zostały również w Projektowanych Postanowieniach Umowy, stanowiących Załącznik nr 4 do SWZ.SWZ wraz z załącznikami Zamawiający udostępni na stronie internetowej prowadzonego postępowania: https://www.platformazakupowa.pl/transakcja/1286986. Przedmiotem zamówienia jest sukcesywna dostawa sprzętu jednorazowego i wyrobów medycznych. Przedmiot zamówienia został",Wojewódzki Szpital Zespolony im. Romana Ostrzyckiego w Koninie
Poland – Medical equipments,2026-05-08,POL,,https://ted.europa.eu/en/notice/-/detail/228224-2026,228224-2026,33100000|33100000|33100000|33100000|33100000|33100000|33100000|33100000|33100000|33100000|33100000|33100000|33100000|33100000|33100000|33100000|33100000|33100000,"Stół zabiegowy Kozetka z regulacją wysokości Lampa zabiegowa Defibrylator półautomatyczny ze stolikiem System terapeutyczny do terapii fotodynamicznej i leczenia brodawek Laser CO2 Urządzenie do elektrochirurgii RF Lampa LED Kabina do fototerapii całego ciała x2 Lampa UVB oraz UVA System terapeutyczny do naświetlania stóp, dłoni i podudzi x3 Wideodermatoskop Pompa objętościowa Pompa Infuzyjna Lampa UVA1 Laser excimerowy Wózek zabiegowy",Uniwersytecki Szpital Kliniczny Nr 1 w Lublinie
Italy – Resuscitation devices,,ITA,,https://ted.europa.eu/en/notice/-/detail/228265-2026,228265-2026,33172200|33172200,"AVVISO PUBBLICO DI INDAGINE DI MERCATO PER ESCLUSIVITA’ TECNICA, PER LA FORNITURA DI SISTEMA PER ASSISTENZA VENTRICOLARE PERCUTANEA, OCCORRENTE ALLA SC ANESTESIA E RIANIMAZIONE CARDIOCHIRURGICA DELL’AZIENDA OSPEDALIERA DI ALESSANDRIA.",AZIENDA OSPEDALIERO UNIVERSITARIA SS ANTONIO E BIAGIO E C. ARRIGO DI ALESSANDRIA
Poland – Autoclaves,2026-04-20,POL,,https://ted.europa.eu/en/notice/-/detail/228284-2026,228284-2026,33191110|33191110,"1. Przedmiotem zamówienia jest dostawa autoklawu laboratoryjnego pionowego, zwanego dalej „sprzętem”, dla Międzynarodowego Centrum Badań nad Szczepionkami Przeciwnowotworowymi Uniwersytetu Gdańskiego. 2. Zamówienie obejmuje dostawę, montaż, instalację sprzętu w miejscu wskazanym przez Zamawiającego oraz przeszkolenie 4 pracowników Zamawiającego z zakresu obsługi i podstawowej konserwacji sprzętu. 3. Kod Klasyfikacji Wspólnego Słownika Zamówień (CPV): 33191110-9 (autoklawy). 4. Szczegółowy opis przedmiotu zamówienia został określony w załączniku nr 6 do SWZ – opisie przedmiotu zamówienia. 5. Miejsce dostawy sprzętu: Uniwersytet Gdański, Międzynarodowe Centrum Badań nad Szczepionkami Przeciwnowotworowymi, ul. Kładki 24, 80-822 Gdańsk, pokój 304. 6. Zamawiający wymaga gwarancji na sprzęt na okres 24 miesięcy. Szczegóły dotyczące gwarancji zawarte są w § 7 projektu umowy – załączniku nr 5 do SWZ.",Uniwersytet Gdański
"Czechia – Echo, ultrasound and doppler imaging equipment",2026-05-04,CZE,,https://ted.europa.eu/en/notice/-/detail/228346-2026,228346-2026,33112000|50421000|33112000|33112000|33112000|33112000|50421000|50421000|50421000|50421000,"Předmětem plnění této veřejné zakázky je dodávka ultrazvuku pro KZM (dále a výše jen „přístroj“) včetně příslušenství pro potřeby Motolského onkologického centra FNMH. Součástí předmětu plnění je dále: (i.) Instalace přístroje a jeho uvedení do provozu včetně ověření jeho funkčnosti, provedení všech předepsaných zkoušek a testů. (ii.) Instruktáž/proškolení zdravotnického personálu prováděné osobou k tomu pověřenou dle § 41 zákona č. 375/2022 Sb., o zdravotnických prostředcích a diagnostických zdravotnických prostředcích in vitro (dále jen „zákon č. 375/2022 Sb.“). (iii.) Záruční a pozáruční servis přístroje, který bude provádět osoba k této činnosti pověřená, a to na základě certifikátu výrobce o proškolení servisního technika dle § 44–46 zákona č. 375/2022 Sb. Předmětem plnění této veřejné zakázky je dodávka ultrazvuku MAMO pro brachyterapii (dále a výše jen „přístroj“) včetně příslušenství pro potřeby Motolského onkologického centra FNMH. Součástí předmětu plnění je dále: (i.) Instalace přístroje a jeho uvedení do provozu včetně ověření jeho funkčnosti, provedení všech předepsaných zkoušek a testů. (ii.) Instruktáž/proškolení zdravotnického personálu prováděné osobou k tomu pověřenou dle § 41 zákona č. 375/2022 Sb., o zdravotnických prostředcích a diagnostických zdravotnických prostředcích in vitro (dále jen „zákon č. 375/2022 Sb.“). (iii.) Záruční a pozáruční servis přístroje, který bude provádět osoba k této činnosti pověřená, a to na základě certifikátu výrobce o proškolení servisního technika dle § 44–46 zákona č. 375/2022 Sb. Předmětem plnění této veřejné zakázky je dodávka ultrazvuku MAMO pro KZM (dále a výše jen „přístroj“) včetně příslušenství pro potřeby Motolského onkologického centra FNMH. Součástí předmětu plnění je dále: (i.) Instalace přístroje a jeho uvedení do provozu včetně ověření jeho funkčnosti, provedení všech předepsaných zkoušek a testů. (ii.) Instruktáž/proškolení zdravotnického personálu prováděné osobou k tomu pověřenou dle § 41 zákona č. 375/2022 Sb., o zdravotnických prostředcích a diagnostických zdravotnických prostředcích in vitro (dále jen „zákon č. 375/2022 Sb.“). (iii.) Záruční a pozáruční servis přístroje, který bude provádět osoba k této činnosti pověřená, a to na základě certifikátu výrobce o proškolení servisního technika dle § 44–46 zákona č. 375/2022 Sb. Předmětem plnění této veřejné zakázky je dodávka ultrazvuku pro KZM (dále a výše jen „přístroj“) včetně příslušenství pro potřeby Motolského onkologického centra FNMH. Součástí předmětu plnění je dále: (i.) Instalace přístroje a jeho uvedení do provozu včetně ověření jeho funkčnosti, provedení všech předepsaných zkoušek a testů. (ii.) Instruktáž/proškolení zdravotnického personálu prováděné osobou k tomu pověřenou dle § 41 zákona č. 375/2022 Sb., o zdravotnických prostředcích a diagnostických zdravotnických prostředcích in vitro (dále jen „zákon č. 375/2022 Sb.“). (iii.) Záruční a pozáruční servis přístroje, který bude provádět osoba k této činnosti pověřená, a to na základě certifikátu výrobce o proškolení servisního technika dle § 44–46 zákona č. 375/2022 Sb.",Fakultní nemocnice Motol a Homolka
Switzerland – Operating tables,2026-05-11,CHE,,https://ted.europa.eu/en/notice/-/detail/228388-2026,228388-2026,33192230|33192230,"Gegenstand der vorliegenden Ausschreibung ist die Lieferung, Installation und Inbetriebnahme neuer universeller OP-Tische für das Spital Uster einschliesslich des erforderlichen Zubehörs sowie der damit verbundenen Schulungs-, Service- und Wartungsleistungen. Die zu beschaffende Lösung muss den Anforderungen des Spitalbetriebs sowie den fachspezifischen Bedürfnissen der betroffenen Disziplinen entsprechen. Massgeblich sind dabei die in den Ausschreibungsunterlagen definierten funktionalen, technischen und betrieblichen Anforderungen sowie die Vorgaben zu optionalen Ausstattungsmerkmalen und Zubehörkomponenten. Nicht Bestandteil des Beschaffungsgegenstands sind Leistungen, welche bauseitig oder durch das Spital selbst beziehungsweise durch Dritte erbracht werden.",Spital Uster AG
Sweden – Emergency and security equipment,2026-05-05,SWE,,https://ted.europa.eu/en/notice/-/detail/228429-2026,228429-2026,35100000|35100000|35000000|35110000|35111000|35111300|35112000|33182000,"Upphandlingen avser att tillgodose behovet av bandskyddsprodukter samt tillhörande tjänster för service och underhåll i enlighet med gällande lagar och föreskrifter inom brandskydd. Upphandlingen avser även att tillgodose behovet av hjärtstartare samt tillhörande tjänster som service, underhåll och utbildning.",Linköpings kommun
Sweden – Dental chairs,2026-04-25,SWE,,https://ted.europa.eu/en/notice/-/detail/228474-2026,228474-2026,33192410|33192410|33130000,Upphandlingen omfattar Mobila Operationsstolar och Mobila Behandlingsenheter för sjukhus- och kirurgitandvård samt allmän tandvård gällande barn och vuxna.   Närmare information om upphandlingens omfattning i detalj framgår av upphandlingsdokumenten.,Folktandvården Stockholms län AB
Poland – Diagnostic kits,2026-04-09,POL,,https://ted.europa.eu/en/notice/-/detail/228550-2026,228550-2026,33141625|33141625|33141625|33141625|33141625|33141625|33141625|33141625|33141625|33141625|33141625|33141625|33141625|33141625|33141625|33141625|33141625,Szczegółowy opis przedmiotu zamówienia stanowi załącznik Nr 1/1 do SWZ - Formularz cenowy Szczegółowy opis przedmiotu zamówienia stanowi załącznik Nr 1/2 do SWZ - Formularz cenowy Szczegółowy opis przedmiotu zamówienia stanowi załącznik Nr 1/3 do SWZ - Formularz cenowy Szczegółowy opis przedmiotu zamówienia stanowi załącznik Nr 1/4 do SWZ - Formularz cenowy Szczegółowy opis przedmiotu zamówienia stanowi załącznik Nr 1/5 do SWZ - Formularz cenowy Szczegółowy opis przedmiotu zamówienia stanowi załącznik Nr 1/6 do SWZ - Formularz cenowy Szczegółowy opis przedmiotu zamówienia stanowi załącznik Nr 1/7 do SWZ - Formularz cenowy Szczegółowy opis przedmiotu zamówienia stanowi załącznik Nr 1/8 do SWZ - Formularz cenowy Szczegółowy opis przedmiotu zamówienia stanowi załącznik Nr 1/9 do SWZ - Formularz cenowy Szczegółowy opis przedmiotu zamówienia stanowi załącznik Nr 1/10 do SWZ - Formularz cenowy Szczegółowy opis przedmiotu zamówienia stanowi załącznik Nr 1/11 do SWZ - Formularz cenowy Szczegółowy opis przedmiotu zamówienia stanowi załącznik Nr 1/12 do SWZ - Formularz cenowy Szczegółowy opis przedmiotu zamówienia stanowi załącznik Nr 1/13 do SWZ - Formularz cenowy Szczegółowy opis przedmiotu zamówienia stanowi załącznik Nr 1/14 do SWZ - Formularz cenowy Szczegółowy opis przedmiotu zamówienia stanowi załącznik Nr 1/15 do SWZ - Formularz cenowy Szczegółowy opis przedmiotu zamówienia stanowi załącznik Nr 1/16 do SWZ - Formularz cenowy,Wojewódzka Stacja Sanitarno-Epidemiologiczna w Olsztynie
Bulgaria – Medical consumables,2026-05-14,BGR,,https://ted.europa.eu/en/notice/-/detail/228740-2026,228740-2026,33140000|33140000|33140000|33140000|33140000|33140000|33140000|33140000|33140000|33140000|33140000|33140000|33140000|33140000|33140000|33141700|33141700|33141700|33696500|33696500|33696500|33696500|33696500|33696500|33696500|33696500|33696500,"Периодични доставки на медицински консумативи по 25 номенклатурни единици, описани подробно по вид и прогнозни количества (количествата са в зависимост от необходимостта им в лечебния процес в МБАЛ ""Свети Николай Чудотворец"" ЕООД, гр. Лом) в прогнозно-количествена спецификация и технически изисквания в документацията за участие и Техническа спецификация - Приложение №5. Периодични доставки на медицински консумативи по 15 номенклатурни единици, описани подробно по вид и прогнозни количества (количествата са в зависимост от необходимостта им в лечебния процес в МБАЛ ""Свети Николай Чудотворец"" ЕООД, гр. Лом) в прогнозно-количествена спецификация и технически изисквания в документацията за участие и Техническа спецификация - Приложение №5. Периодични доставки на медицински консумативи по 2 номенклатурни единици, описани подробно по вид и прогнозни количества (количествата са в зависимост от необходимостта им в лечебния процес в МБАЛ ""Свети Николай Чудотворец"" ЕООД, гр. Лом) в прогнозно-количествена спецификация и технически изисквания в документацията за участие и Техническа спецификация - Приложение №5. Периодични доставки на медицински консумативи по 19 номенклатурни единици, описани подробно по вид и прогнозни количества (количествата са в зависимост от необходимостта им в лечебния процес в МБАЛ ""Свети Николай Чудотворец"" ЕООД, гр. Лом) в прогнозно-количествена спецификация и технически изисквания в документацията за участие и Техническа спецификация - Приложение №5. Периодични доставки на медицински консумативи по 5 номенклатурни единици, описани подробно по вид и прогнозни количества (количествата са в зависимост от необходимостта им в лечебния процес в МБАЛ ""Свети Николай Чудотворец"" ЕООД, гр. Лом) в прогнозно-количествена спецификация и технически изисквания в документацията за участие и Техническа спецификация - Приложение №5. Периодични доставки на медицински консумативи по 1 номенклатурна единица, описани подробно по вид и прогнозни количества (количествата са в зависимост от необходимостта им в лечебния процес в МБАЛ ""Свети Николай Чудотворец"" ЕООД, гр. Лом) в прогнозно-количествена спецификация и технически изисквания в документацията за участие и Техническа спецификация - Приложение №5. Периодични доставки на медицински консумативи по 13 номенклатурни единици, описани подробно по вид и прогнозни количества (количествата са в зависимост от необходимостта им в лечебния процес в МБАЛ ""Свети Николай Чудотворец"" ЕООД, гр. Лом) в прогнозно-количествена спецификация и технически изисквания в документацията за участие и Техническа спецификация - Приложение №5. Периодични доставки на медицински консумативи по 2 номенклатурни единици, описани подробно по вид и прогнозни количества (количествата са в зависимост от необходимостта им в лечебния процес в МБАЛ ""Свети Николай Чудотворец"" ЕООД, гр. Лом) в прогнозно-количествена спецификация и технически изисквания в документацията за участие и Техническа спецификация - Приложение №5. Периодични доставки на медицински консумативи по 44 номенклатурни единици, описани подробно по вид и прогнозни количества (количествата са в зависимост от необходимостта им в лечебния процес в МБАЛ ""Свети Николай Чудотворец"" ЕООД, гр. Лом) в прогнозно-количествена спецификация и технически изисквания в документацията за участие и Техническа спецификация - Приложение №5. Периодични доставки на медицински консумативи по 12 номенклатурни единици, описани подробно по вид и прогнозни количества (количествата са в зависимост от необходимостта им в лечебния процес в МБАЛ ""Свети Николай Чудотворец"" ЕООД, гр. Лом) в прогнозно-количествена спецификация и технически изисквания в документацията за участие и Техническа спецификация - Приложение №5. Периодични доставки на медицински консумативи по 26 номенклатурни единици, описани подробно по вид и прогнозни количества (количествата са в зависимост от необходимостта им в лечебния процес в МБАЛ ""Свети Николай Чудотворец"" ЕООД, гр. Лом) в прогнозно-количествена специфика",МНОГОПРОФИЛНА БОЛНИЦА ЗА АКТИВНО ЛЕЧЕНИЕ - СВЕТИ НИКОЛАЙ ЧУДОТВОРЕЦ ЕООД
Denmark – Catheters,2027-03-26,DNK,,https://ted.europa.eu/en/notice/-/detail/228783-2026,228783-2026,33141200|33141210|33141240|33141500|33141600|33141610|33141615|33141620|33141621|44411800|33141200|33141200|33141200|33141210|33141240|33141500|33141600|33141610|33141615|33141620|33141621|44411800|33141210|33141240|33141500|33141600|33141610|33141615|33141620|33141621|44411800|33141210|33141240|33141500|33141600|33141610|33141615|33141620|33141621|44411800,"Urologiske produkter til kommuner og regioner, delaftalerne 5,12A og 24 Urologiske produkter til kommuner og regioner, delaftalerne 5,12A og 24 Urologiske produkter til kommuner og regioner, delaftalerne 5,12A og 24",Region Midtjylland
Greece – Ophthalmology equipment,2026-05-27,GRC,,https://ted.europa.eu/en/notice/-/detail/228837-2026,228837-2026,33122000|33141321|33122000|33122000,ΤΜΗΜΑ 1: ΑΝΑΛΩΣΙΜΑ ΟΦΘΑΛΜΟΛΟΓΙΚΑ ΥΛΙΚΑ ΤΜΗΜΑ 2: ΑΝΑΛΩΣΙΜΑ ΟΦΘΑΛΜΟΛΟΓΙΚΑ ΥΛΙΚΑ ΜΕ ΔΩΡΕΑΝ ΠΑΡΑΧΩΡΗΣΗ ΕΞΟΠΛΙΣΜΟΥ,ΓΕΝΙΚΟ ΝΟΣΟΚΟΜΕΙΟ ΚΑΒΑΛΑΣ
Denmark – Surgical gloves,,DNK,,https://ted.europa.eu/en/notice/-/detail/229038-2026,229038-2026,33141420|33141400|33141420|33141400,"Ifbm. kommende udbud af operationshandsker til Region Hovedstaden og Region Sjælland sendes udkast til kravspecifikation med bilag og opmærksomhedspunkter i høring. Formålet er at sikre, at der ikke udelukkes gode tilbud/produkter pga. af uhensigtsmæssige krav, samt at sikre en så bred konkurrence som muligt. Region Hovedstaden indbyder derfor alle potentielle leverandører, til at gennemlæse vedlagte dokumenter, og fremsende høringssvar om fundne uhensigtsmæssigheder, samt forslag til forbedringer. Høringssvar bedes fremsendt jf. følgebrev.",Region Hovedstaden
Czechia – Operating-theatre devices,2026-05-06,CZE,,https://ted.europa.eu/en/notice/-/detail/229289-2026,229289-2026,33162100|50420000|33140000|33162100|50420000|33140000,"Dodávka, a uvedení do provozu nové laparoskopické sestavy vč. příslušenství, servisní zajištění přístrojového vybavení po dobu jeho předpokládané životnosti, tedy po dobu nejméně 8 let a průběžné dodávky spotřebního zdravotnického materiálu k přístrojovému vybavení po dobu 8 let.",Fakultní nemocnice Motol a Homolka
Poland – Medical consumables,2026-04-17,POL,,https://ted.europa.eu/en/notice/-/detail/229327-2026,229327-2026,33140000|39513200|33141620|33199000|33140000|33140000|33140000|33140000|33140000|33140000|33140000|33140000|33140000|39513200|33141620|33199000|39513200|33141620|33199000|39513200|33141620|33199000|39513200|33141620|33199000|39513200|33141620|33199000|39513200|33141620|33199000|39513200|33141620|33199000|39513200|33141620|33199000|39513200|33141620|33199000,szczegółowy opis przedmiotu zamówienia zawiera załącznik do SWZ szczegółowy opis przedmiotu zamówienia zawiera załącznik do SWZ szczegółowy opis przedmiotu zamówienia zawiera załącznik do SWZ szczegółowy opis przedmiotu zamówienia zawiera załącznik do SWZ szczegółowy opis przedmiotu zamówienia zawiera załącznik do SWZ szczegółowy opis przedmiotu zamówienia zawiera załącznik do SWZ szczegółowy opis przedmiotu zamówienia zawiera załącznik do SWZ szczegółowy opis przedmiotu zamówienia zawiera załącznik do SWZ szczegółowy opis przedmiotu zamówienia zawiera załącznik do SWZ,GÓRNOŚLĄSKIE CENTRUM ZDROWIA DZIECKA im. św. JANA PAWŁA II Samodzielny Publiczny Szpital Kliniczny Nr 6 Śląskiego Uniwersytetu Medycznego w Katowicach
France – School furniture,2026-05-13,FRA,,https://ted.europa.eu/en/notice/-/detail/229390-2026,229390-2026,39160000|39130000|39150000|33192000|39160000|39160000|39160000|39160000|33192000|39130000|39150000|33192000|39130000|39130000|39150000|33192000|39160000|39130000|39150000|33192000|39160000|39130000|39150000|33192000,Mobiliers de bureaux spécifiques et mobiliers ayant des spécificités médicales Mobiliers et équipements de bureaux Mobiliers scolaires Mobiliers de restauration scolaire,Mairie du Gosier
Poland – Medical consumables,2026-04-27,POL,,https://ted.europa.eu/en/notice/-/detail/229492-2026,229492-2026,33140000|33140000|33140000|33140000|33140000|33140000|33140000|33140000|33140000|33140000|33140000|33140000|33140000|33140000|33140000|33140000|33140000|33140000|33140000|33140000|33140000|33140000|33140000|33140000|33140000|33140000|33140000|33140000|33140000|33140000|33140000|33140000|33140000|33140000|33140000|33140000|33140000|33140000,dostawy materiałów do zabiegów kardiologicznych wieńcowych na zasadach określonych w SWZ i w załączniku nr 1 do SWZ - pakiet nr 1 dostawy materiałów do zabiegów kardiologicznych wieńcowych na zasadach określonych w SWZ i w załączniku nr 1 do SWZ - pakiet nr 2 dostawy materiałów do zabiegów kardiologicznych wieńcowych na zasadach określonych w SWZ i w załączniku nr 1 do SWZ - pakiet nr 3 dostawy materiałów do zabiegów kardiologicznych wieńcowych na zasadach określonych w SWZ i w załączniku nr 1 do SWZ - pakiet nr 4 dostawy materiałów do zabiegów kardiologicznych wieńcowych na zasadach określonych w SWZ i w załączniku nr 1 do SWZ - pakiet nr 5 dostawy materiałów do zabiegów kardiologicznych wieńcowych na zasadach określonych w SWZ i w załączniku nr 1 do SWZ - pakiet nr 6 dostawy materiałów do zabiegów kardiologicznych wieńcowych na zasadach określonych w SWZ i w załączniku nr 1 do SWZ - pakiet nr 7 dostawy materiałów do zabiegów kardiologicznych wieńcowych na zasadach określonych w SWZ i w załączniku nr 1 do SWZ - pakiet nr 8 dostawy materiałów do zabiegów kardiologicznych wieńcowych na zasadach określonych w SWZ i w załączniku nr 1 do SWZ - pakiet nr 9 dostawy materiałów do zabiegów kardiologicznych wieńcowych na zasadach określonych w SWZ i w załączniku nr 1 do SWZ - pakiet nr 10 dostawy materiałów do zabiegów kardiologicznych wieńcowych na zasadach określonych w SWZ i w załączniku nr 1 do SWZ - pakiet nr 11 dostawy materiałów do zabiegów kardiologicznych wieńcowych na zasadach określonych w SWZ i w załączniku nr 1 do SWZ - pakiet nr 12 dostawy materiałów do zabiegów kardiologicznych wieńcowych na zasadach określonych w SWZ i w załączniku nr 1 do SWZ - pakiet nr 13 dostawy materiałów do zabiegów kardiologicznych wieńcowych na zasadach określonych w SWZ i w załączniku nr 1 do SWZ - pakiet nr 14 dostawy materiałów do zabiegów kardiologicznych wieńcowych na zasadach określonych w SWZ i w załączniku nr 1 do SWZ - pakiet nr 15 dostawy materiałów do zabiegów kardiologicznych wieńcowych na zasadach określonych w SWZ i w załączniku nr 1 do SWZ - pakiet nr 16 dostawy materiałów do zabiegów kardiologicznych wieńcowych na zasadach określonych w SWZ i w załączniku nr 1 do SWZ - pakiet nr 17 dostawy materiałów do zabiegów kardiologicznych wieńcowych na zasadach określonych w SWZ i w załączniku nr 1 do SWZ - pakiet nr 18 dostawy materiałów do zabiegów kardiologicznych wieńcowych na zasadach określonych w SWZ i w załączniku nr 1 do SWZ - pakiet nr 19 dostawy materiałów do zabiegów kardiologicznych wieńcowych na zasadach określonych w SWZ i w załączniku nr 1 do SWZ - pakiet nr 20 dostawy materiałów do zabiegów kardiologicznych wieńcowych na zasadach określonych w SWZ i w załączniku nr 1 do SWZ - pakiet nr 21 dostawy materiałów do zabiegów kardiologicznych wieńcowych na zasadach określonych w SWZ i w załączniku nr 1 do SWZ - pakiet nr 22 dostawy materiałów do zabiegów kardiologicznych wieńcowych na zasadach określonych w SWZ i w załączniku nr 1 do SWZ - pakiet nr 23 dostawy materiałów do zabiegów kardiologicznych wieńcowych na zasadach określonych w SWZ i w załączniku nr 1 do SWZ - pakiet nr 24 dostawy materiałów do zabiegów kardiologicznych wieńcowych na zasadach określonych w SWZ i w załączniku nr 1 do SWZ - pakiet nr 25 dostawy materiałów do zabiegów kardiologicznych wieńcowych na zasadach określonych w SWZ i w załączniku nr 1 do SWZ - pakiet nr 26 dostawy materiałów do zabiegów kardiologicznych wieńcowych na zasadach określonych w SWZ i w załączniku nr 1 do SWZ - pakiet nr 27 dostawy materiałów do zabiegów kardiologicznych wieńcowych na zasadach określonych w SWZ i w załączniku nr 1 do SWZ - pakiet nr 28 dostawy materiałów do zabiegów kardiologicznych wieńcowych na zasadach określonych w SWZ i w załączniku nr 1 do SWZ - pakiet nr 29 dostawy materiałów do zabiegów kardiologicznych wieńcowych na zasadach określonych w SWZ i w załączniku nr 1 do SWZ - pakiet nr 30 dostawy materiałów do zabiegów kardiologicznych wieńcowych na zasadach określon,5 Wojskowy Szpital Kliniczny z Polikliniką SP ZOZ w Krakowie
Austria – X-ray devices,2026-04-15,AUT,,https://ted.europa.eu/en/notice/-/detail/229693-2026,229693-2026,33111000|33000000|33100000|33111800|50421200|50400000|33111000|33000000|33100000|33111800|50400000|50421200,"Die Gesundheit Burgenland führt zur Vorbereitung eines in Aussicht genommenen Vergabeverfahrens betreffend die Lieferung, Installation und Wartung eines 2D/3D Röntgensystems, eine europaweite Markterkundung gemäß § 24 BVergG 2018 durch. Da es sich um eine unverbindliche Marktabfrage handelt, sind sowohl die Gesundheit Burgenland als auch die teilnehmenden Unternehmen nicht an die Angaben und Ergebnisse der Markterkundung gebunden.",Burgenländische Krankenanstalten-Gesellschaft m.b.H.
Czechia – Surgical instruments,2026-04-13,CZE,,https://ted.europa.eu/en/notice/-/detail/229965-2026,229965-2026,33169000|33169000,Předmětem zadávacího řízení je uzavření rámcové kupní smlouvy na dodávky zdravotnického materiálu dle potřeb zadavatele.,Fakultní nemocnice Brno
Poland – X-ray devices,,POL,,https://ted.europa.eu/en/notice/-/detail/230063-2026,230063-2026,33111000|33111800,"1.Dostarczony sprzęt musi być fabrycznie nowy i pochodzić z sieci dystrybucyjnej przeznaczonej na rynek UE oraz posiadać deklarację zgodności UE. 2.Aparat RTG musi posiadać wpis do rejestru Aparatów medycznych w Polsce, 3.Aparatura w pełni cyfrowa, 4.Funkcja automatycznego pozycjonowania lampy i stojaka płucnego oraz późniejsze sklejanie obrazów- stitching dla zdjęć posturalnych. 5.Stitching jest traktowany jako wyposażenie dodatkowe niewymagane obowiązkowo przez Zamawiającego, 6.Kołpak (głowica) z lampą; Obroty lampy w dwóch osiach; Automatyczny kolimator z oświetleniem pola obrazowania, laserowy centrator; Kolimator wyposażony w dodatkowy zestaw filtrów, Ekran, co najmniej 9 cali na obudowie lampy pozwalający na sterowanie aparatem, manipulowanie parametrami ekspozycji (generator); Ekran LCD lub LED na kołpaku z lampą do wyświetlania informacji o odległości SID do stołu i statywu, wyświetlania parametrów generatora oraz AEC; Lampa RTG pojemność cieplna anody co najmniej 300 kHU, dwuogniskowa co najmniej 0,6/1,3 mm lub mniejsze; System do pomiaru dawki o ogniskach nie większych niż: małe ognisko 0,6x0,6; duże ognisko 1,3x1,3, 6.1. Kołpak (głowica) z lampą mocowany w do sufitu (zawieszenie sufitowe - opcjonalnie) -Obroty lampy w dwóch osiach. -Automatyczny kolimator z oświetleniem pola obrazowania, laserowy centrator. -Kolimator wyposażony w dodatkowy zestaw filtrów ……. -Kamera 3D do podglądu pacjenta zabudowana w kolimatorze. -Automatyczne wykrycie przez algorytm położenia kręgosłupa lub nóg oraz automatyczne wyznaczenie zakresu badania kości długich. -Ekran, co najmniej 9 cali na obudowie lampy pozwalający na sterowanie aparatem, manipulowanie parametrami ekspozycji (generator). -Ekran LCD lub LED na kołpaku z lampą do: wyświetlania informacji o odległości SID do stołu i statywu, wyświetlania parametrów generatora oraz AEC. -Zakres motorowego ruchu kolumny z lampą RTG: min 350+/-10% cm wzdłużnie oraz min 210+/-10% cm poprzecznie. -Obrót lampy wokół osi pionowej kolumny 180°+/-10%. -Obrót lampy wokół osi poziomej kolumny ±135°+/-10%. -Zakres ruchu pionowego 180 cm+/-15%, dający możliwość diagnozowania pacjentów na wyciągach ortopedycznych 7.Stół pływający z szerokim zakresem regulacji; zmożliwym ruchem wzdłużnym szuflady detektora; System automatycznego ładowania zasilania detektora w szufladzie; maksymalne obciążenie stołu co najmniej 250kg; Kratka przeciwrozproszeniowa wyjmowana bez użycia narzędzi: Uchwyt rąk pacjenta/możliwość ograniczenia ruchów pacjenta, 8.Statyw płucny; mocowany do podłogi i/lub ściany; Zmechanizowany – synchronizacja z lampą; Odległość środka detektora, licząc od podłogi w pozycji pionowej panela: min. 45 cm +/-10 cm; max. 170 cm +/- 10 cm (podać państwa wymiary); Motorowe pochylanie panelu statywu w zakresie do min 90 (czy dostępne, ile kosztuje); Obrót panelu statywu co najmniej 90°; Możliwość wyciągania i wymiany kratki bez pomocy narzędzi; Uchwyt dłoni pacjenta dla wykonywania badań w projekcjach bocznych; Możliwość wykonywania badań odległościowych na statywie płucnym promieniem poziomym na wysokości poniżej poziomu blatu stołu. 9.System obrazowania cyfrowego z dwoma cyfrowymi panelami wysokiej rozdzielczości: 9.1. Cechy przenośnego płaskiego panelu DR do pracy w statywie oraz w stole: - Płaski panel cyfrowy. - Wymiar obszaru obrazowania (format detektora): 43 x 43 cm. - Wielkość piksela 100 μm +/-20%. - rozdzielczość: 5 pl/mm+/-20%. - Liczba pixeli detektora FPD min 3100x3100. - Waga: nie więcej niż 4,5 kg (z baterią). - Odporność na wodę i pył – IP56. - Detektor zainstalowany ze stałym podłączeniem do sieci zasilającej i logicznej. - Technologia – Scyntylator Csl (Jodek Cezu) – krzem amorficzny ze scyntylatorem z jodku cezu. - Obciążalność do 250 kg. 10. Stacja operatora z oprogramowaniem 10.1.Wysokiej wydajności komputer; Dostępne narzędzia programowe: - filtry przestrzenne, - obrót obrazu, - odwrócenie skali szarości, - auto-wyrównanie, - wzmocnienie krawędzi, - kolimacja obrazu, - możliwość ","Miejskie Centrum Opieki dla Osób Starszych, Przewlekle Niepełnosprawnych oraz Niesamodzielnych w Krakowie"
Belgium – Medical equipments,2026-05-06,BEL,,https://ted.europa.eu/en/notice/-/detail/230080-2026,230080-2026,33100000|33100000,Marché de Fournitures relatif à la « Fourniture et installation des équipements médicaux de l’Hôpital de District de CIBITOKE »,Enabel
Sweden – Medical equipments,2026-05-04,SWE,,https://ted.europa.eu/en/notice/-/detail/230188-2026,230188-2026,33100000|33194110|33100000|33194110,"Försvarsmakten önskar anskaffa sprutpumpar HBO, redo att användas för vård och behandling i Försvarsmaktens tryckkammare av medicinsk personal. I anskaffningen ska även användar- och teknikerutbildning ingå.",FMV
Poland – Medical equipments,2026-04-09,POL,,https://ted.europa.eu/en/notice/-/detail/230200-2026,230200-2026,33100000|33115100|45000000|45215143|45314300|39100000|33100000|33115100|45000000|45215143|45314300|39100000,"1. Przedmiotem niniejszego zamówienia jest dostawa aparatu PET/CT wraz z wykonaniem prac adaptacyjnych dla Narodowego Instytutu Onkologii im. Marii Skłodowskiej-Curie – Państwowego Instytutu Badawczego Oddziału w Gliwicach. 2. Opis przedmiotu zamówienia oraz warunki realizacji zamówienia zawarte są w załącznikach: 1) Specyfikacja asortymentowo-cenowa - załącznik nr 2 do SWZ, 2) Opis przedmiotu zamówienia - załącznik nr 3 do SWZ, 3) Wymagania dotyczące ochrony radiologicznej - załącznik nr 4 do SWZ, 4) Projektowane postanowienia umowy, które zostaną wprowadzone do treści umowy - załącznik nr 5 do SWZ. 3. Termin wykonania przedmiotu zamówienia: w nieprzekraczalnym terminie do dnia 26 czerwca 2026 r. Realizacja przedmiotu zamówienia składa się z trzech etapów: 1) etap I - obejmuje wykonanie prac adaptacyjnych niezbędnych do przekazana „Dokumentacji technicznej pracowni rentgenowskiej wskazującej na spełnienie wymagań ochrony radiologicznej” na potrzeby uzyskania zezwolenia Prezesa Państwowej Agencji Atomistyki w terminie do dnia 18 maja 2026 r., 2) etap II - obejmuje dostawę, instalację, sfinalizowanie prac adaptacyjnych oraz uruchomienie sprzętu w terminie do dnia 19 czerwca 2026 r., 3) etap III - obejmuje przekazanie „Dokumentacji projektowej medycznej pracowni rentgenowskiej” na potrzeby uzyskania zezwolenia Państwowego Wojewódzkiego Inspektora Sanitarnego, przeszkolenie personelu Zamawiającego (za wyjątkiem przeszkolenia aplikacyjnego) oraz przekazanie sprzętu do eksploatacji w terminie do dnia 26 czerwca 2026 r. 4. Zamawiający w niniejszym postępowaniu przetargowym przy ocenie ofert będzie stosował procedurę określoną w art. 139 ust. 1 ustawy Pzp. 5. Termin związania ofertą wynosi: 90 dni. Bieg terminu związania ofertą rozpoczyna się wraz z upływem terminu składania ofert. Dzień ten jest pierwszym dniem terminu związania ofertą. Powyższe oznacza, iż termin związania ofertą upływa w dniu 07.07.2026 r. 6. Kryterium oceny ofert: Cena 60%, Parametry oceniane 40%. Szczegółowe informacje dotyczące kryteriów oceny ofert zawarte są w SWZ.",Narodowy Instytut Onkologii im. Marii Skłodowskiej-Curie - Państwowy Instytut Badawczy Oddział w Gliwicach
"Netherlands – Sterilisation, disinfection and hygiene devices",2026-05-12,NLD,,https://ted.europa.eu/en/notice/-/detail/230308-2026,230308-2026,33191000|41110000|33191000|41110000,Levering van UV reactoren ten behoeve van een nieuw te bouwen drinkwaterzuivering,Evides N.V.
Netherlands – Breast prostheses,2026-05-26,NLD,,https://ted.europa.eu/en/notice/-/detail/230432-2026,230432-2026,33184400|33184400,"Dit is een Europese Openbare aanbesteding van Stichting Radboud universitair medisch centrum, hierna te noemen Radboudumc. Het doel van de aanbesteding is het selecteren en contracteren van één (1) Ondernemer voor het leveren van borstimplantaten, tissue-expanders en sizers t.b.v. de afdeling Plastische Chirurgie van het Radboudumc. De leveringen van de  borstimplantaten, tissue-expanders en sizers dienen te worden uitgevoerd conform de eisen en wensen in de aanbestedingsstukken. Tevens zal gedurende de gehele looptijd van de overeenkomst continu aandacht dienen te zijn voor duurzaamheid in de dienstverlening, onder meer door uitvoering te geven aan de Green Deal Duurzame Zorg die Radboudumc (mede) ondertekent heeft en haar eigen Duurzaamheidsbeleid 2021-2025 die in samenspraak met de Radboud Universiteit tot stand is gekomen. De beoogde duur van de Raamovereenkomst bedraagt drie (3) jaar behoudens een optionele (eenzijdig uit te oefenen door Radboudumc) verlenging van maximaal één (1) x één (1) jaar. De totale contractduur is daarmee maximaal vier (4) jaar.",Radboud Universitair Medisch Centrum/Radboudumc
Germany – Medical equipments,2026-05-05,DEU,,https://ted.europa.eu/en/notice/-/detail/230586-2026,230586-2026,33100000|33000000|33100000|33000000,"Für die Bestückung von Einsatzfahrzeugen im Rettungswesen schreibt der Landkreis Mecklenburgische Seenplatte, Eigenbetrieb Rettung MSE, eine Rahmenvereinbarung mit einer Laufzeit von vier Jahren für die Lieferung von Rucksäcken, Modultaschen und Schienen mit folgenden Stückzahlen aus: - Ausstattung Rettungswagen: Mindestmenge 24 Stück, Höchstmenge 28 Stück - Ausstattung Notarzteinsatzfahrzeuge: Mindestmenge 3, Höchstmenge 7 - Ausstattung Krankentransportwagen: Mindestmenge 6, Höchstmenge 12",Landkreis Mecklenburgische Seenplatte
Poland – Medical equipments,2026-04-20,POL,,https://ted.europa.eu/en/notice/-/detail/230614-2026,230614-2026,33100000|33100000|33100000|33100000|33100000|33100000|33100000|33100000|33100000|33100000|33100000|33100000|33100000,Pompa infuzyjna objętościowa do żywienia dojelitowego Wózek do przewożenia chorych Fotel transportowy Koncentrator tlenu Waga dla pacjenta Lodówka na leki Pulsoksymetr z ładowarką Krzesła obrotowe Rower treningowy Lampy lawa Ściana wodna Fotel biurowy,Miejskie Centrum Medyczne im. dr. Karola Jonschera w Łodzi
Croatia – Medical consumables,2026-04-29,HRV,,https://ted.europa.eu/en/notice/-/detail/230764-2026,230764-2026,33140000|33140000|33140000|33140000|33140000|33140000|33140000|33140000|33140000|33140000|33140000|33140000|33140000|33140000|33140000|33140000|33140000|33140000|33140000|33140000|33140000|33140000|33140000|33140000|33140000|33140000|33140000|33140000|33140000|33140000|33140000|33140000|33140000|33140000|33140000|33140000|33140000|33140000|33140000,"Medicinski potrošni materijal -Razni, Grupa 1. Medicinski potrošni materijal -Razni, Grupa 2. Medicinski potrošni materijal -Razni, Grupa 3. Medicinski potrošni materijal -Razni, Grupa 4. Medicinski potrošni materijal -Razni, Grupa 5. Medicinski potrošni materijal -Razni, Grupa 6. Medicinski potrošni materijal -Razni, Grupa 7. Medicinski potrošni materijal -Razni, Grupa 8. Medicinski potrošni materijal -Razni, Grupa 9. Medicinski potrošni materijal -Razni, Grupa 10. Medicinski potrošni materijal -Razni, Grupa 11. Medicinski potrošni materijal -Razni, Grupa 12. Medicinski potrošni materijal -Razni, Grupa 13. Medicinski potrošni materijal -Razni, Grupa 14. Medicinski potrošni materijal -Razni, Grupa 15. Medicinski potrošni materijal -Razni, Grupa 16. Medicinski potrošni materijal -Razni, Grupa 17. Medicinski potrošni materijal -Razni, Grupa 18. Medicinski potrošni materijal -Razni, Grupa 19. Medicinski potrošni materijal -Razni, Grupa 20. Medicinski potrošni materijal -Razni, Grupa 21. Medicinski potrošni materijal -Razni, Grupa 22. Medicinski potrošni materijal -Razni, Grupa 23. Medicinski potrošni materijal -Razni, Grupa 24. Medicinski potrošni materijal -Razni, Grupa 25. Medicinski potrošni materijal -Razni, Grupa 26. Medicinski potrošni materijal -Razni, Grupa 27. Medicinski potrošni materijal -Razni, Grupa 28. Medicinski potrošni materijal -Razni, Grupa 29. Medicinski potrošni materijal -Razni, Grupa 30. Medicinski potrošni materijal -Razni, Grupa 31. Medicinski potrošni materijal -Razni, Grupa 32. Medicinski potrošni materijal -Razni, Grupa 33. Medicinski potrošni materijal -Razni, Grupa 34. Medicinski potrošni materijal -Razni, Grupa 35. Medicinski potrošni materijal -Razni, Grupa 36. Medicinski potrošni materijal -Razni, Grupa 37. Medicinski potrošni materijal -Razni, Grupa 38.",Opća županijska bolnica Pakrac i bolnica hrvatskih veterana
"Czechia – Echo, ultrasound and doppler imaging equipment",2026-05-04,CZE,,https://ted.europa.eu/en/notice/-/detail/230897-2026,230897-2026,33112000|50421000|33112000|33112000|33112000|33112000|33112000|50421000|50421000|50421000|50421000|50421000,"Předmětem plnění této veřejné zakázky je dodávka ultrazvuku pro urologickou ambulanci (dále a výše jen „přístroj“) včetně příslušenství pro potřeby Motolského onkologického centra FNMH. Součástí předmětu plnění je dále: (i.) Instalace přístroje a jeho uvedení do provozu včetně ověření jeho funkčnosti, provedení všech předepsaných zkoušek a testů. (ii.) Instruktáž/proškolení zdravotnického personálu prováděné osobou k tomu pověřenou dle § 41 zákona č. 375/2022 Sb., o zdravotnických prostředcích a diagnostických zdravotnických prostředcích in vitro (dále jen „zákon č. 375/2022 Sb.“). (iii.) Záruční a pozáruční servis přístroje, který bude provádět osoba k této činnosti pověřená, a to na základě certifikátu výrobce o proškolení servisního technika dle § 44–46 zákona č. 375/2022 Sb. Předmětem plnění této veřejné zakázky je dodávka ultrazvuku pro urologické sály (dále a výše jen „přístroj“) včetně příslušenství pro potřeby Motolského onkologického centra FNMH. Součástí předmětu plnění je dále: (i.) Instalace přístroje a jeho uvedení do provozu včetně ověření jeho funkčnosti, provedení všech předepsaných zkoušek a testů. (ii.) Instruktáž/proškolení zdravotnického personálu prováděné osobou k tomu pověřenou dle § 41 zákona č. 375/2022 Sb., o zdravotnických prostředcích a diagnostických zdravotnických prostředcích in vitro (dále jen „zákon č. 375/2022 Sb.“). (iii.) Záruční a pozáruční servis přístroje, který bude provádět osoba k této činnosti pověřená, a to na základě certifikátu výrobce o proškolení servisního technika dle § 44–46 zákona č. 375/2022 Sb. Předmětem plnění této veřejné zakázky je dodávka ultrazvuku pro rehabilitaci (dále a výše jen „přístroj“) včetně příslušenství pro potřeby Motolského onkologického centra FNMH. Součástí předmětu plnění je dále: (i.) Instalace přístroje a jeho uvedení do provozu včetně ověření jeho funkčnosti, provedení všech předepsaných zkoušek a testů. (ii.) Instruktáž/proškolení zdravotnického personálu prováděné osobou k tomu pověřenou dle § 41 zákona č. 375/2022 Sb., o zdravotnických prostředcích a diagnostických zdravotnických prostředcích in vitro (dále jen „zákon č. 375/2022 Sb.“). (iii.) Záruční a pozáruční servis přístroje, který bude provádět osoba k této činnosti pověřená, a to na základě certifikátu výrobce o proškolení servisního technika dle § 44–46 zákona č. 375/2022 Sb. Předmětem plnění této veřejné zakázky je dodávka ultrazvuku pro vyšetřovnu cévních vstupů (dále a výše jen „přístroj“) včetně příslušenství pro potřeby Motolského onkologického centra FNMH. Součástí předmětu plnění je dále: (i.) Instalace přístroje a jeho uvedení do provozu včetně ověření jeho funkčnosti, provedení všech předepsaných zkoušek a testů. (ii.) Instruktáž/proškolení zdravotnického personálu prováděné osobou k tomu pověřenou dle § 41 zákona č. 375/2022 Sb., o zdravotnických prostředcích a diagnostických zdravotnických prostředcích in vitro (dále jen „zákon č. 375/2022 Sb.“). (iii.) Záruční a pozáruční servis přístroje, který bude provádět osoba k této činnosti pověřená, a to na základě certifikátu výrobce o proškolení servisního technika dle § 44–46 zákona č. 375/2022 Sb. Předmětem plnění této veřejné zakázky je dodávka ultrazvuku pro bronchoskopii (dále a výše jen „přístroj“) včetně příslušenství pro potřeby Motolského onkologického centra FNMH. Součástí předmětu plnění je dále: (i.) Instalace přístroje a jeho uvedení do provozu včetně ověření jeho funkčnosti, provedení všech předepsaných zkoušek a testů. (ii.) Instruktáž/proškolení zdravotnického personálu prováděné osobou k tomu pověřenou dle § 41 zákona č. 375/2022 Sb., o zdravotnických prostředcích a diagnostických zdravotnických prostředcích in vitro (dále jen „zákon č. 375/2022 Sb.“). (iii.) Záruční a pozáruční servis přístroje, který bude provádět osoba k této činnosti pověřená, a to na základě certifikátu výrobce o proškolení servisního technika dle § 44–46 zákona č. 375/2022 Sb.",Fakultní nemocnice Motol a Homolka
Finland – Medical equipments,2026-05-10,FIN,,https://ted.europa.eu/en/notice/-/detail/230967-2026,230967-2026,33100000|33100000|33100000|33100000|33100000|33100000|33100000|33100000|33140000|33140000|33140000|33140000|33140000|33140000|33140000,"A) LÄÄKINNÄLLINEN HOITOSUKKA POLVI CCL1 B) LÄÄKINNÄLLINEN HOITOSUKKA POLVI CCL2 C) LÄÄKINNÄLLINEN HOITOSUKKA POLVI CCL3 D) LÄÄKINNÄLLINEN HOITOSUKKA REISI CCL2 E) LÄÄKINNÄLLINEN KAKSIOSAINEN HOITOSUKKA POLVI CCL3 F) LÄÄKINNÄLLINEN KAKSIOSAINEN HOITOSUKKA POLVI CCL3 VETOKETJULLA A) ANTIEMBOLIASUKKA POLVIPITUUS B) ANTIEMBOLIASUKKA REISIPITUUS A) KOMPRESSIOSIDE ITSEENSÄKIINNITTYVÄ B) KOMPRESSIOSIDE VÄHÄELASTINEN C) KOMPRESSIOSIDE RUNSASELASTINEN D) KOMPRESSIOSIDE RUNSASELASTINEN, STERIILI E) TUKISIDE STERIILI A) 2‑KERROSSIDE (normaali kompressio) B) 2‑KERROSSIDE LITE C) SÄÄDETTÄVÄT KOMPRESSIOJÄRJESTELMÄT (wrap‑tyyppiset) A) ABDOMINAALITUKI 1 B) ABDOMINAALITUKI 2 C) RINTAKEHÄN TUKI D) SIDOSTEN KIINNITYSLIIVIT E) ENSIVAIHEEN KOMPRESSIOLIIVI MUOTOON OMMELLUT YKSILÖLLISET KOMPRESSIOTUOTTEET (CCL1–CCL3) A) LÄÄKINNÄLLISET YKSILÖLLISET PAINEVAATTEET CCL1 JA CCL2 B) ARPIHOIDON YKSILÖLLISET PAINETTA ANTAVAT PAINEVAATTEET C) LÄÄKINNÄLLISET VAKIOMITTAISET PAINEVAATTEET D) TASAISEN KEVYEN PAINEEN (10-18 mmHg) VAKIOMITTAISET TUOTTEET",Pohjois-Pohjanmaan hyvinvointialue
Spain – Medical needles,,ESP,,https://ted.europa.eu/en/notice/-/detail/231095-2026,231095-2026,33141320|33141320|33141320|33912000|33940000|38000000|33912000|39330000|33198200|18100000|33191110|38651000|33920000|39830000|33912000|33940000|38000000|33912000|39330000|33198200|18100000|33191110|38651000|33920000,PRODUCTOS SANITARIOS DESECHABLES UTILLAJE QUIRURGICO Y DIAGNOSTICO TRASPORTE SANITARIO MATERIAL DE LABORATORIO INSTRUMENTAL FORENSE PRODUCTOS DESINFECCION PRODUCTOS ESTERILIZACION EPIS SANITARIOS MOBILIARIO FOTOGRAFIA INSTRUMENTAL SANITARIO,"Consejería de Hacienda, Justicia y Asuntos Europeos."
Poland – Hospital beds,2026-04-15,POL,,https://ted.europa.eu/en/notice/-/detail/231140-2026,231140-2026,33192120|33192120,zgodnie z opisem przedmiotu zamówienia stanowiącym załącznik nr 1 do SWZ,Szpital Miejski w Siemianowicach Śląskich Sp. z o.o.
Sweden – Renal support devices,2026-04-30,SWE,,https://ted.europa.eu/en/notice/-/detail/231209-2026,231209-2026,33181000|33140000|33181000|33140000,"Upphandling avser dialysmaskiner, portabel vattenrenare, tillbehör och förbrukningsmaterial till hemodialysbehandlingar som funktion.",Region Dalarna
Poland – Digital angiography devices,2026-04-03,POL,,https://ted.europa.eu/en/notice/-/detail/231213-2026,231213-2026,33111721|33111721,"1. Przedmiotem zamówienia jest zakup (dostawa) wraz z montażem i instalacją angiografu, wraz z dostosowaniem pomieszczeń dla potrzeb Pracowni Hemodynamiki realizowanego w ramach Przedsięwzięcia pn. „Rozwój i modernizacja infrastruktury opieki kardiologicznej w SPWSzS w Chełmie - zakup angiografu wraz z adaptacją pomieszczeń” realizowanego w ramach Przedsięwzięcia pn. „Rozwój i modernizacja infrastruktury opieki kardiologicznej w SPWSzS w Chełmie” Krajowy Plan Odbudowy i Zwiększania Odporności: Komponent D „Efektywność, dostępność i jakość systemu ochrony zdrowia” Inwestycja D1.1.1 „Rozwój i modernizacja infrastruktury centrów opieki wysokospecjalistycznej i innych podmiotów leczniczych”, nr wniosku o dofinansowanie KPOD.07.02-IP.10-0376/25, Umowa o objęcie wsparciem ze środków plany rozwojowego Przedsięwzięcia Nr KPOD.07.02-IP.10 0376/25/KPO/198/2025/759, zgodnie z Wykazem parametrów technicznych – załącznik nr 7 oraz Opisem technicznym zakresu prac – załącznik nr 8. 2.",Samodzielny Publiczny Wojewódzki Szpital Specjalistyczny w Chełmie
Sweden – Renal support devices,2026-04-15,SWE,,https://ted.europa.eu/en/notice/-/detail/231251-2026,231251-2026,33181000|33181000,Funktionsupphandling av dialysutrustning till Region Västmanland.,Region Västmanland
Germany – Medical equipments,2026-05-12,DEU,,https://ted.europa.eu/en/notice/-/detail/231277-2026,231277-2026,33100000|33000000|33100000|33000000,"Für die Bestückung von Einsatzfahrzeugen im Rettungswesen schreibt der Landkreis Mecklenburgische Seenplatte, Eigenbetrieb Rettung MSE, eine Rahmenvereinbarung mit einer Laufzeit von vier Jahren für die Lieferung Pulsoximetern, Vakuummatratzen, Transferhilfen, Combi Carrier und Schaufeltragen mit folgenden Stückzahlen aus: - Breuer Pulsoximeter: Mindestmenge 12 Stück, Höchstmenge 22 Stück - redVac Vakuummatratze: Mindestmenge 5, Höchstmenge 15 - Vakuummatratze - Ergo-Mat mit Wärmeelement: Mindestmenge 24, Höchstmenge 35 - WERO Transferhilfen: Mindestmenge 12, Höchstmenge 30 - Combi Carrier II Spineboard: Mindestmenge 24, Höchstmenge 31 - Schaufeltrage ultraSCOOP: Mindestmenge 6, Höchstmenge 15",Landkreis Mecklenburgische Seenplatte
Belgium – Dialysis solutions,2026-04-17,BEL,,https://ted.europa.eu/en/notice/-/detail/231322-2026,231322-2026,33692800|33692800|33692800|33181520,"Heilig Hart Ziekenhuis Lier wenst voor dialyseafdeling een raamovereenkomst af te sluiten voor een periode van 4 jaar. Er zijn drie leveringsadressen : Lier , Herentals en Mechelen De opdracht bestaat er in een voorstel te doen voor de kunstnieren die op dit moment worden ingezet in de 3 dialysecentra. Een overzicht van de huidig referenties vindt men terug bij de technische kenmerken. De voorbeelden zijn ter informatie weergegeven. De verwachting is dat aanbieders 1 type kunstnier aanbieden per gevraagde referentie, met behoud van huidige kwaliteit of beter en dus 1 op 1 vervangbaar . Leveringsplaats: diverse locaties",HeiligHartziekenhuis Lier
France – Medical consumables,2026-05-04,FRA,,https://ted.europa.eu/en/notice/-/detail/231418-2026,231418-2026,33140000|33124130|33140000,"Le présent accord-cadre a pour objet la fourniture et la livraison de consommables pour le laboratoire d'analyse médicales, destinés aux établissements adhérents au groupement, dont les quantités et les caractéristiques sont indiquées dans les tableaux récapitulatifs annexés in fine et établis selon la fiche des besoins de chaque établissement. Le marché public est passé après mise en concurrence en la forme d'un appel d'offres ouvert.",GCS laboratoire Ingrès Quercy
Poland – Surgical implants,2026-05-08,POL,,https://ted.europa.eu/en/notice/-/detail/231472-2026,231472-2026,33184100|33184100|33184100|33184100|33184100|33184100|33184100|33184100,"GRUPA 1 - Materiały jednorazowe do systemu neuronawigacji śródoperacyjnej Stealth Statim S8 będąca na wyposażeniu Zamawiającego - KOMIS Poz. 1 - Jednorazowy zestaw do wykonywania nawigowanych biopsji współdziałający z systemem optycznym neuronawigacji , skład zestawu :- igła biopsyjna wraz z miarka ogranicznikiem, wężykiem aspiracyjnym kpl. 5 Poz. 2 - Jednorazowe, optyczne markery do neuronawigacji, Markery współpracujące z posiadanym przez Zamawiającego instrumentarium pasywnym i aktywnym do zabiegów w obrębie głowy z włączeniem biopsji z użyciem systemu neuronawigacji Pakowanie podwójne sterylne. Możliwość wyboru opakowań zbiorczych z podajnikami. szt. 1000 Poz. 3 - Nawigowana Igła biopsyjna, PakNeedle - szt. 5 Poz. 4 - Piny do montażu ramki referencyjnej w talerzu kości biodrowej - szt. 5 Poz. 5 - Nawigowane wiertła i ostrza zintegrowane z kątnicą - kpl. 50 Poz. 6 - Nawigowane wiertła i ostrza do kątnic 10,14 i 15 cm - szt. 30 Szczegółowy opis przedmiotu zamówienia zawiera SWZ. GRUPA 2 - Klatki międzytrzonowe do odcinka szyjnego - KOMIS Poz. 1 - Klatka międzytrzonowa szyjna tytanowa ACIF 3D blokowana wkrętami. Klatka międzytrzonowa, wprowadzana z dostępu przedniego do kręgosłupa szyjnego wraz z 2 wkrętami szyjnymi wkręcanymi przez klatkę pod kątem do sąsiadujących trzonów. Dwa rodzaje klatek: kątowe oraz wypukłe (anatomiczne). Dwie odmiany gabarytowe (szerokość x głębokość): 15x12mm, 17x13mm, dostępne w 6 rozmiarach wysokości w zakresie od 5 do 10mm dla każdej z odmian kształtowych. Ząbkowana górna i dolna powierzchnia zwiększająca stabilność osadzenia implantu oraz zapobiegająca jego migracji. Dodatkowo implanty wyposażone w 2 wkręty szyjne, zabezpieczające przed wysunięciem się implantu z przestrzeni międzykręgowej. Dostępność 2 rodzajów wkrętów szyjnych samowiercące i samogwintujące w 2 zakresach średnic 3,5mm i 4,0mm w zakresie długości 10-16mm. Trwałe oznakowanie implantów w celu ich identyfikacji. Implanty dostarczane w wersji sterylnej. Zestaw narzędzi zawierający komplet przymiarów dla ułatwienia doboru rozmiaru implantu oraz nakładki celujące, trokary umożliwiające jednoznaczne przygotowanie miejsca pod osadzenie wkrętów szyjnych. Kompaktowy zestaw palet do przechowywania i sterylizacji narzędzi. Skład kompletu: 1 tytanowa klatka, 2 wkręty szyjne blokowane. A/Klatka tytanowa - szt. 20 B/Wkręt blokujący - szt. 400 Poz. 2 - Klatka międzytrzonowa szyjna tytanowa, typu ACIF 3D. Klatka szyjna, wprowadzana z dostępu przedniego do kręgosłupa szyjnego. Implanty wykonane ze stopu tytanu o budowie przestrzennej kratowej 3D do stabilizacji międzytrzonowej kręgosłupa. Konstrukcja przestrzenna sprzyjająca przerostowi kostnemu. Dwa rodzaje klatek: kątowe oraz wypukłe (anatomiczne). Trzy odmiany gabarytowe (szerokość x głębokość): 13x11mm, 15x12mm, 17x13mm, dostępne w 7 rozmiarach wysokości w zakresie od 4 do 10mm dla każdej z odmian kształtowych. Ząbkowana górna i dolna powierzchnia zwiększająca stabilność osadzenia implantu oraz zapobiegająca jego migracji. Dodatkowo implanty wyposażone 2 kolce na górnej i 2 kolce na dolnej powierzchni, zabezpieczające przed wysunięciem się implantu z przestrzeni międzykręgowej. Dostępne implanty bez kolców. Trwałe oznakowanie implantów w celu ich identyfikacji. Implanty dostarczane w wersji sterylnej. Zestaw narzędzi zawierający komplet przymiarów dla ułatwienia doboru rozmiaru implantu, raszple oraz dystraktor szyjny Caspara z grotami dwóch rozmiarach długości. Kompaktowy zestaw palet do przechowywania i sterylizacji narzędzi. Skład kompletu: 1 tytanowa klatka międzytrzonowa typu 3D. A/Klatka szyjna - szt. 80 Poz. 3 - Klatka międzytrzonowa szyjna z PEEK typu ACIF PEEK z wypełnieniem. Klatka szyjna, wprowadzana z dostępu przedniego do kręgosłupa szyjnego, wykonana z PEEK (Polieteroeteroketon). Dwie odmiany kształtowe: kątowa oraz wypukła (anatomiczna). Trzy odmiany gabarytowe (szerokość x głębokość): 13x11mm, 15x12mm, 17x13mm, dostępne w 7 rozmiarach wysokości w zakresie od 4 do 10mm dla każde",Szpital Specjalistyczny im. Edmunda Biernackiego Mielcu
Finland – Autoclaves,2026-05-05,FIN,,https://ted.europa.eu/en/notice/-/detail/231598-2026,231598-2026,33191110|33191110|33191100|33100000|33191000|51410000,Ålands hälso- och sjukvård (ÅHS) begär in anbud för leverans och installation av tre (3) autoklaver till verksamheten. Avtal kommer att tecknas med en leverantör för leverans av samtliga autoklaver.,Ålands Hälso- och Sjukvård
Romania – Medical equipments,,ROU,,https://ted.europa.eu/en/notice/-/detail/231600-2026,231600-2026,33100000|33111000|42122419|42122419|33100000|33123210|42122419|33123210|33100000|33100000|33123210|33112200|33123210|33123210|33112200|33112200,"Cantitate = 1 buc. Valoarea estimata contract = 572,500.00 lei fara TVA/ lot. Cantitate = 5 buc. Valoarea estimata contract = 55,000.00 lei fara TVA/ lot. Cantitate = 4 buc. Valoarea estimata contract = 44,000.00 lei fara TVA/ lot. Cantitate = 6 buc. Valoarea estimata contract = 45,300.00 lei fara TVA/ lot. Cantitate = 1 buc. Valoarea estimata contract = 482,000.00 lei fara TVA/ lot. Cantitate = 6 buc. Valoarea estimata contract = 180,000.00 lei fara TVA/ lot. Cantitate = 2 buc. Valoarea estimata contract = 40,000.00 lei fara TVA/ lot. Cantitate = 1 buc. Valoarea estimata contract = 193,000.00 lei fara TVA/ lot. Cantitate = 5 buc. Valoarea estimata contract = 1,100,000.00 lei fara TVA/ lot. Cantitate = 2 buc. Valoarea estimata contract = 30,000.00 lei fara TVA/ lot. Cantitate = 1 buc. Valoarea estimata contract = 100,000.00 lei fara TVA/ lot. Cantitate = 1 buc. Valoarea estimata contract = 198,268.00 lei fara TVA/ lot. Cantitate = 5 buc. Valoarea estimata contract = 215,000.00 lei fara TVA/ lot. Cantitate = 4 buc. Valoarea estimata contract = 160,000.00 lei fara TVA/ lot. Cantitate = 1 buc. Valoarea estimata contract = 306,000.00 lei fara TVA/ lot.","SPITALUL CLINIC JUDETEAN DE URGENTA ""SFANTUL IOAN CEL NOU"" SUCEAVA"
Belgium – Gamma cameras,2026-04-15,BEL,,https://ted.europa.eu/en/notice/-/detail/231682-2026,231682-2026,33111620|33111620|33111620,"Le service de médecine nucléaire de l’Hôpital de la Citadelle (C.H.R. de la Citadelle) est un service phare du bassin liégeois qui souhaite maintenir une offre optimale pour la prise en charge des patients et ce avec du matériel de haute qualité. Le but principal de l’achat de ce type de caméra (un SPECT-CT) est essentiellement de renouveler une partie du parc actuel (remplacement de deux caméras devenue obsolètes [1 tête et 2 têtes] sans CT) afin de maintenir mais aussi d’améliorer notre activité de médecine nucléaire classique, non TEP, voire de l’accroître, en maintenant la qualité d’images et de protocole, tout en limitant la dose injectée (et donc la dose absorbée par le patient) mais aussi la dose en lien avec le CT (évolution des techniques et des algorithmes de reconstructions). Les objectifs de l’investissement sont dès lors de disposer d’une caméra performante en termes de rapidité d’acquisition, de qualité d’images (résolution spatiale, réduction des artéfacts), et de résolution en énergie optimale (acquisition simultanée avec plusieurs isotopes). De plus, l’évolution de la médecine nucléaire passe par le développement de la théranostique. La gamma-caméra attendue doit pouvoir s’inscrire activement dans ce développement. Le système devra également être couplé à un CT –scanner afin d’obtenir une image hybride de type SPECT-CT. Un minimum de 32 barrettes est requis pour le CT.",C.H.R. de la Citadelle
Czechia – Medical kits,2026-04-08,CZE,,https://ted.europa.eu/en/notice/-/detail/231694-2026,231694-2026,33141620|33140000|33141620|33141620|33140000|33140000,"Předmětem plnění veřejné zakázky jsou průběžné dodávky jednorázových sterilních operačních a zákrokových setů pro Oddělení centrálních sálů a sterilizace, které slouží k zarouškování pacienta na operačním sále, a to po dobu 4 let podle aktuálních potřeb zadavatele. Předmětem plnění veřejné zakázky jsou průběžné dodávky jednorázových sterilních operačních a zákrokových setů pro Porodnickou a gynekologickou kliniku, které slouží k zarouškování pacienta na operačním sále, a to po dobu 4 let podle aktuálních potřeb zadavatele.",Fakultní nemocnice Hradec Králové
Sweden – Medical equipments,2026-05-08,SWE,,https://ted.europa.eu/en/notice/-/detail/231696-2026,231696-2026,33100000|33100000|33100000,Handhållen och stationär blåsvolymsmätare. Handhållen och stationär blåsvolymsmätare.,Region Östergötland
Czechia – Medical equipments,2026-04-13,CZE,,https://ted.europa.eu/en/notice/-/detail/231708-2026,231708-2026,33100000|33100000,"Předmětem plnění veřejné zakázky jsou průběžné a opakované dodávky zdravotnických přístrojů - dobíjitelných neuromodulačních systémů pro terapii chronické, neuropatické a ischemické bolesti pro Neurochirurgickou kliniku.",Fakultní nemocnice Ostrava
Poland – Medical consumables,2026-04-16,POL,,https://ted.europa.eu/en/notice/-/detail/231763-2026,231763-2026,33140000|33140000|33140000|33140000|33140000|33140000|33140000|33140000|33140000|33140000,"1. Biologiczne rusztowanie do chirurgii piersi – 1 pozycja w Części 2. Szczegółowy opis przedmiotu zamówienia, wymagania Zamawiającego określono w Formularzu cenowo – ofertowym – Załączniku nr 1 do SWZ. 3. Zakres zamówienia obejmuje dostawę przedmiotów zamówienia w ilościach wyszczególnionych w Formularzu cenowo – ofertowym na okres: - Część nr 1 – 24 miesiące. 4. Zamawiający nie dopuszcza składania ofert równoważnych. 5. TERMIN WYKONANIA ZAMÓWIENIA: 5.1 Zakup i sukcesywna dostawa przedmiotów zamówienia: Część nr 1 - przez okres 24 miesięcy, licząc od dnia zawarcia umowy. 5.2 Zamawiający w Części nr 1 dopuszcza możliwość zmiany terminu obowiązywania umowy zawartej z Wykonawcą w przypadku nie zrealizowania w okresie jej trwania całości przedmiotu umowy. W takim przypadku zmiana umowy wymaga podpisania aneksu, z tym że Zamawiający jednostronnie zawiadamia Wykonawcę o proponowanym przedłużeniu umowy przed upływem terminu na jaki została ona zawarta. 1. Siatki do naprawy przepuklin – makroporowe – 8 pozycji w Części 2. Szczegółowy opis przedmiotu zamówienia, wymagania Zamawiającego określono w Formularzu cenowo – ofertowym – Załączniku nr 1 do SWZ. 3. Zakres zamówienia obejmuje dostawę przedmiotów zamówienia w ilościach wyszczególnionych w Formularzu cenowo – ofertowym na okres: - Część nr 2 – 24 miesiące. 4. Zamawiający nie dopuszcza składania ofert równoważnych. 5. TERMIN WYKONANIA ZAMÓWIENIA: 5.1 Zakup i sukcesywna dostawa przedmiotów zamówienia: Część nr 2 - przez okres 24 miesięcy, licząc od dnia zawarcia umowy. 5.2 Zamawiający w Części nr 2 dopuszcza możliwość zmiany terminu obowiązywania umowy zawartej z Wykonawcą w przypadku nie zrealizowania w okresie jej trwania całości przedmiotu umowy. W takim przypadku zmiana umowy wymaga podpisania aneksu, z tym że Zamawiający jednostronnie zawiadamia Wykonawcę o proponowanym przedłużeniu umowy przed upływem terminu na jaki została ona zawarta. 1. Siatki do naprawy przepuklin – dootrzewnowe – 4 pozycje w Części 2. Szczegółowy opis przedmiotu zamówienia, wymagania Zamawiającego określono w Formularzu cenowo – ofertowym – Załączniku nr 1 do SWZ. 3. Zakres zamówienia obejmuje dostawę przedmiotów zamówienia w ilościach wyszczególnionych w Formularzu cenowo – ofertowym na okres: - Część nr 3 – 24 miesiące. 4. Zamawiający nie dopuszcza składania ofert równoważnych. 5. TERMIN WYKONANIA ZAMÓWIENIA: 5.1 Zakup i sukcesywna dostawa przedmiotów zamówienia: Część nr 3 - przez okres 24 miesięcy, licząc od dnia zawarcia umowy. 5.2 Zamawiający w Części nr 3 dopuszcza możliwość zmiany terminu obowiązywania umowy zawartej z Wykonawcą w przypadku nie zrealizowania w okresie jej trwania całości przedmiotu umowy. W takim przypadku zmiana umowy wymaga podpisania aneksu, z tym że Zamawiający jednostronnie zawiadamia Wykonawcę o proponowanym przedłużeniu umowy przed upływem terminu na jaki została ona zawarta. 1. Samomocujące siatki do zaopatrywania przepuklin – 6 pozycji w Części 2. Szczegółowy opis przedmiotu zamówienia, wymagania Zamawiającego określono w Formularzu cenowo – ofertowym – Załączniku nr 1 do SWZ. 3. Zakres zamówienia obejmuje dostawę przedmiotów zamówienia w ilościach wyszczególnionych w Formularzu cenowo – ofertowym na okres: - Część nr 4 – 24 miesiące. 4. Zamawiający nie dopuszcza składania ofert równoważnych. 5. TERMIN WYKONANIA ZAMÓWIENIA: 5.1 Zakup i sukcesywna dostawa przedmiotów zamówienia: Część nr 4 - przez okres 24 miesięcy, licząc od dnia zawarcia umowy. 5.2 Zamawiający w Części nr 4 dopuszcza możliwość zmiany terminu obowiązywania umowy zawartej z Wykonawcą w przypadku nie zrealizowania w okresie jej trwania całości przedmiotu umowy. W takim przypadku zmiana umowy wymaga podpisania aneksu, z tym że Zamawiający jednostronnie zawiadamia Wykonawcę o proponowanym przedłużeniu umowy przed upływem terminu na jaki została ona zawarta. 1. Siatki do naprawy przepuklin – dedykowane do laparoskopii – 4 pozycje w Części 2. Szczegółowy opis przedmiotu zamówienia, wymagania Zamawiającego okre",Uniwersytecki Szpital Kliniczny im. Fryderyka Chopina w Rzeszowie
Poland – Disposable non-chemical medical consumables and haematological consumables,2026-04-22,POL,,https://ted.europa.eu/en/notice/-/detail/231804-2026,231804-2026,33141000|33141000|33141000|33141000|33141000|33141000|33141000|33141000|33141000|33141000|33141000|33141000|33141000|33141000|33141000|33141000|33141000|33141000|33141000|33141000|33141000|33141000|33141000|33141000|33141000|33141000|33141000|33141000|33141000|33141000|33141000|33141000|33141000,"1. Przedmiotem zamówienia jest: dostawa elektrod do defibrylatora Lifepak – zgodnie z wyszczególnieniem w formularzu asortymentowo-cenowym stanowiącym Załącznik nr 3 do SWZ. 2. Oferowany przez Wykonawcę przedmiot zamówienia musi posiadać cechy zgodne z opisem zawartym w Załączniku nr 3 do SWZ - Formularzem asortymentowo-cenowym oraz spełniać warunki określone w niniejszej SWZ. 3. Zaoferowane wyroby medyczne, muszą być dopuszczone do obrotu i używania na terenie Polski zgodnie z obowiązującymi przepisami prawa i posiadać dokumenty potwierdzające przeprowadzenie odpowiedniej procedury oceny zgodności i być oznaczone znakiem CE. 4. Zamawiający wymaga od Wykonawcy złożenia przedmiotowych środków dowodowych wraz z ofertą w postaci: - dokumentów zawierających parametry użytkowe przedmiotu dostawy (np. karta produktu, katalogi, instrukcje stosowania, ulotki informacyjne, foldery), wystawione przez Producenta lub jego autoryzowanego przedstawiciela zawierająca informacje w szczególności dane o nazwie przedmiotu zamówienia, jego składzie, jego cechach i przeznaczeniu, parametrach, w celu potwierdzenia spełnienia przez oferowane dostawy wymagań określonych przez Zamawiającego w SWZ. 1. Przedmiotem zamówienia jest: dostawa wzierników ginekologicznych – zgodnie z wyszczególnieniem w formularzu asortymentowo-cenowym stanowiącym Załącznik nr 3 do SWZ. 2. Oferowany przez Wykonawcę przedmiot zamówienia musi posiadać cechy zgodne z opisem zawartym w Załączniku nr 3 do SWZ - Formularzem asortymentowo-cenowym oraz spełniać warunki określone w niniejszej SWZ. 3. Zaoferowane wyroby medyczne, muszą być dopuszczone do obrotu i używania na terenie Polski zgodnie z obowiązującymi przepisami prawa i posiadać dokumenty potwierdzające przeprowadzenie odpowiedniej procedury oceny zgodności i być oznaczone znakiem CE. 4. Zamawiający wymaga od Wykonawcy złożenia przedmiotowych środków dowodowych wraz z ofertą w postaci: - dokumentów zawierających parametry użytkowe przedmiotu dostawy (np. karta produktu, katalogi, instrukcje stosowania, ulotki informacyjne, foldery), wystawione przez Producenta lub jego autoryzowanego przedstawiciela zawierająca informacje w szczególności dane o nazwie przedmiotu zamówienia, jego składzie, jego cechach i przeznaczeniu, parametrach, w celu potwierdzenia spełnienia przez oferowane dostawy wymagań określonych przez Zamawiającego w SWZ. 1. Przedmiotem zamówienia jest: dostawa dializatorów – zgodnie z wyszczególnieniem w formularzu asortymentowo-cenowym stanowiącym Załącznik nr 3 do SWZ. 2. Oferowany przez Wykonawcę przedmiot zamówienia musi posiadać cechy zgodne z opisem zawartym w Załączniku nr 3 do SWZ - Formularzem asortymentowo-cenowym oraz spełniać warunki określone w niniejszej SWZ. 3. Zaoferowane wyroby medyczne, muszą być dopuszczone do obrotu i używania na terenie Polski zgodnie z obowiązującymi przepisami prawa i posiadać dokumenty potwierdzające przeprowadzenie odpowiedniej procedury oceny zgodności i być oznaczone znakiem CE. 4. Zamawiający wymaga od Wykonawcy złożenia przedmiotowych środków dowodowych wraz z ofertą w postaci: - dokumentów zawierających parametry użytkowe przedmiotu dostawy (np. karta produktu, katalogi, instrukcje stosowania, ulotki informacyjne, foldery), wystawione przez Producenta lub jego autoryzowanego przedstawiciela zawierająca informacje w szczególności dane o nazwie przedmiotu zamówienia, jego składzie, jego cechach i przeznaczeniu, parametrach, w celu potwierdzenia spełnienia przez oferowane dostawy wymagań określonych przez Zamawiającego w SWZ. 1. Przedmiotem zamówienia jest: dostawa przyrządów do podawania płynów – zgodnie z wyszczególnieniem w formularzu asortymentowo-cenowym stanowiącym Załącznik nr 3 do SWZ. 2. Oferowany przez Wykonawcę przedmiot zamówienia musi posiadać cechy zgodne z opisem zawartym w Załączniku nr 3 do SWZ - Formularzem asortymentowo-cenowym oraz spełniać warunki określone w niniejszej SWZ. 3. Zaoferowane wyroby medyczne, muszą być dopuszczone do obrotu i używania",Wojewódzki Szpital Specjalistyczny im. Stefana Kardynała Wyszyńskiego Samodzielny Publiczny Zakład Opieki Zdrowotnej
Poland – Medical equipments,2026-04-09,POL,,https://ted.europa.eu/en/notice/-/detail/231988-2026,231988-2026,33100000|33100000|33100000|33100000|33100000|33100000|33110000|33112200|33112200|33112200|33112200,"Przedmiot zamówienia obejmuje następujący zakres: - dostawę przedmiotu zamówienia do siedziby zamawiającego - instalację i uruchomienie dostarczonej aparatury / sprzętu, - przeszkolenie personelu zamawiającego w zakresie obsługi, czyszczenia, dezynfekcji i konserwacji dostarczonego przedmiotu zamówienia, - przekazanie wymaganych dokumentów (zgodnie z zapisami umowy). Szczegółowy opis przedmiotu zamówienia - został wskazany w załączniku nr 2 - Parametry techniczne. Zamawiający żąda, by dostarczony przedmiot zamówienia spełniał wymogi określone ustawą z dnia 7 kwietnia 2022r. o wyrobach medycznych (Dz. U. z 2024r. poz. 1620, z późn. zm) oraz inne wymogi wskazane w innych obowiązujących przepisach szczególnych i normach dotyczących przedmiotu zamówienia oraz spełniał minimalne wymogi określone w SWZ. Wykonawca winien posiadać dokumenty potwierdzające powyższe i jest zobowiązany przekazać je zamawiającemu na każde żądanie i w każdym czasie - jeśli dotyczy. Zamawiający żąda, by przedmiot zamówienia był nowy, wolny od wad fizycznych i prawnych oraz fabrycznie opakowany, wyprodukowany nie wcześniej niż w 2025r. Zamawiający dopuszcza rozwiązania równoważne. Jako rozwiązanie równoważne należy rozumieć zastosowanie innego niż opisany parametr, z zachowaniem parametrów technicznych, jakościowych, użytkowych lub funkcjonalnych, o których mowa w SWZ. Zaoferowane urządzenie o parametrach równoważnych musi być dopuszczone do stosowania zgodnie z obowiązującym prawem. Zamawiający zastrzega, że zaproponowane rozwiązanie równoważne nie może posiadać cech jakościowych gorszych od parametrów wymaganych przez Zamawiającego w Specyfikacji Warunków Zamówienia. Zamawiający zastrzega, że w przypadku, gdy Wykonawca zaproponuje przedmiot zamówienia inny niż określony przez Zamawiającego (równoważny), zobowiązany jest (w celach porównawczych) przedłożyć Zamawiającemu stosowną dokumentację, w której zawarte będą w szczególności parametry proponowanego przedmiotu zamówienia. Przewiduje się możliwość unieważnienia postępowania o udzielenie zamówienia, w przypadku nieprzyznania środków, które zamawiający zamierzał przeznaczyć na sfinansowanie całości lub części zamówienia. Przedmiot zamówienia obejmuje następujący zakres: - dostawę przedmiotu zamówienia do siedziby zamawiającego - instalację i uruchomienie dostarczonej aparatury / sprzętu, - przeszkolenie personelu zamawiającego w zakresie obsługi, czyszczenia, dezynfekcji i konserwacji dostarczonego przedmiotu zamówienia, - przeszkolenie personelu zamawiającego w zakresie wykonywania badań, - przekazanie wymaganych dokumentów (zgodnie z zapisami umowy). Szczegółowy opis przedmiotu zamówienia - został wskazany w załączniku nr 2 - Parametry techniczne. Zamawiający żąda, by dostarczony przedmiot zamówienia spełniał wymogi określone ustawą z dnia 7 kwietnia 2022r. o wyrobach medycznych (Dz. U. z 2024r. poz. 1620, z późn. zm) oraz inne wymogi wskazane w innych obowiązujących przepisach szczególnych i normach dotyczących przedmiotu zamówienia oraz spełniał minimalne wymogi określone w SWZ. Wykonawca winien posiadać dokumenty potwierdzające powyższe i jest zobowiązany przekazać je zamawiającemu na każde żądanie i w każdym czasie - jeśli dotyczy. Zamawiający żąda, by przedmiot zamówienia był nowy, wolny od wad fizycznych i prawnych oraz fabrycznie opakowany, wyprodukowany nie wcześniej niż w 2025r. Zamawiający dopuszcza rozwiązania równoważne. Jako rozwiązanie równoważne należy rozumieć zastosowanie innego niż opisany parametr, z zachowaniem parametrów technicznych, jakościowych, użytkowych lub funkcjonalnych, o których mowa w SWZ. Zaoferowane urządzenie o parametrach równoważnych musi być dopuszczone do stosowania zgodnie z obowiązującym prawem. Zamawiający zastrzega, że zaproponowane rozwiązanie równoważne nie może posiadać cech jakościowych gorszych od parametrów wymaganych przez Zamawiającego w Specyfikacji Warunków Zamówienia. Zamawiający zastrzega, że w przypadku, gdy Wykonawca zaproponuje przedmiot zamówieni",Szpital Miejski w Gliwicach Sp. z o.o.
"Sweden – Medical equipments, pharmaceuticals and personal care products",2026-05-12,SWE,,https://ted.europa.eu/en/notice/-/detail/232080-2026,232080-2026,33000000|33191000|39330000|33000000|33191000|39330000,"Region Kalmar län avser att genomföra en upphandling av totalt nio (9) diskdesinfektorer varav fyra (4) som option till sjukhuset i Västervik, samt tillhörande insatser.",Region Kalmar Län
Poland – Angiography devices,2026-04-21,POL,,https://ted.europa.eu/en/notice/-/detail/232283-2026,232283-2026,33111720|33194110|45310000|71250000|45350000|45430000|45450000|45220000|45300000|45320000|45440000|33111720|33194110|45310000|71250000|45350000|45430000|45450000|45220000|45300000|45320000|45440000,"1. Przedmiotem zamówienia jest: zakup angiografu oraz zestawu pomp infuzyjnych wraz z wykonaniem niezbędnej adaptacji pomieszczenia umożliwiającej ich prawidłową instalację i użytkowanie w Wielospecjalistycznym Szpitalu – SPZOZ w Zgorzelcu. 2. Nazwa zadania: „Zapewnienie pacjentom dostępu do najwyższej jakości procesów diagnostycznych i terapeutycznych oraz kompleksowej opieki kardiologicznej w WS-SP ZOZ w Zgorzelcu”, szczegółowo opisany w załączonym do wniosku Opisie Przedmiotu Zamówienia 3. Zamówienie objęte wsparciem ze środków planu rozwojowego Przedsięwzięcia pn. „Zapewnienie pacjentom dostępu do najwyższej jakości procesów diagnostycznych i terapeutycznych oraz kompleksowej opieki kardiologicznej w WS-SP ZOZ w Zgorzelcu”, realizowanego w ramach Krajowego Planu Odbudowy i Zwiększenia Odporności, Komponent D „Efektywność, dostępność i jakość systemów ochrony zdrowia”, Inwestycja D.1.1.1 „Rozwój i modernizacja infrastruktury centrów opieki wysokospecjalistycznej i innych podmiotów leczniczych"" 4. Opis przedmiotu zamówienia zawarty został w załącznikach nr 2, 2A, 2B, 2C, 2D, 2E, 5 do SWZ. Numeracja zgodna z SWZ: 18. Wymagania dotyczące zabezpieczenia należytego wykonania umowy. 18.1. Zamawiający nie wymaga wniesienia zabezpieczenia należytego wykonania umowy. 16.3. Za ofertę najkorzystniejszą uznana zostanie oferta, która w sumie uzyska największą ilość punktów. Przy dokonywaniu wyboru oferty Zamawiający stosował będzie wyłącznie kryteria określone w niniejszej SWZ. 16.4. W celu wyłonienia najkorzystniejszej oferty w świetle kryterium ceny, Zamawiający do porównania ofert będzie brał pod uwagę cenę brutto. 16.5. W toku oceny ofert Zamawiający może żądać od Wykonawcy pisemnych wyjaśnień dotyczących treści złożonej oferty. 16.6. Zamawiający udzieli zamówienia Wykonawcy, którego oferta odpowiada wszystkim wymaganiom przedstawionym w ustawie Prawo zamówień publicznych oraz SWZ i została oceniona jako najkorzystniejsza w oparciu o podane kryteria wyboru.",Wielospecjalistyczny Szpital - Samodzielny Publiczny Zespół Opieki Zdrowotnej w Zgorzelcu
Czechia – Mammography devices,2026-05-04,CZE,,https://ted.europa.eu/en/notice/-/detail/232287-2026,232287-2026,33111650|50421200|33111650|50421200,"Předmětem plnění této veřejné zakázky je dodávka mamografického RTG včetně příslušenství a plánovacího systému pro potřeby Motolského onkologického centra FN Motol a Homolka. Součástí předmětu plnění je dále: (i.) Instalace přístroje a jeho uvedení do provozu včetně ověření jeho funkčnosti, provedení všech předepsaných zkoušek a testů. (ii.) Instruktáž/proškolení zdravotnického personálu bude provádět osoba k tomu pověřená dle § 41 zákona č. 375/2022 Sb., o zdravotnických prostředcích a diagnostických zdravotnických prostředcích in vitro (dále jen „zákon č. 375/2022 Sb.“). (iii.) Záruční a pozáruční servis přístroje, který bude provádět osoba k této činnosti pověřená, a to na základě certifikátu výrobce o proškolení servisního technika.",Fakultní nemocnice Motol a Homolka
"Sweden – Medical equipments, pharmaceuticals and personal care products",2026-05-05,SWE,,https://ted.europa.eu/en/notice/-/detail/232410-2026,232410-2026,33000000|33000000|33000000|33615000|33196000|33615000|33196000,"Region Värmland upphandlar glukosteststickor, både avseende blodglukos och blodketoner. Region Värmland upphandlar glukosteststickor, både avseende blodglukos och blodketoner.",Region Värmland
France – Textbooks,2026-05-05,FRA,,https://ted.europa.eu/en/notice/-/detail/232542-2026,232542-2026,22112000|22112000|22112000|22112000|22112000|22112000|22112000|22112000|22112000|30192000|37800000|37400000|37530000|22112000|37810000|33196200,Fournitures administratives et scolaires&amp;lt;br/&amp;gt; Matériels et objets de loisirs créatifs&amp;lt;br/&amp;gt; Matériels et équipements sportifs des écoles et jeux extérieurs&amp;lt;br/&amp;gt; Supports pédagogiques - jeux de société - Coins jeux symboliques&amp;lt;br/&amp;gt; Manuels scolaires&amp;lt;br/&amp;gt; Matériels et objets de bricolage&amp;lt;br/&amp;gt; Matériels spécialisés&amp;lt;br/&amp;gt;,Mairie du Gosier
Poland – Medical equipments,2026-04-10,POL,,https://ted.europa.eu/en/notice/-/detail/232614-2026,232614-2026,33100000|33100000|33100000|33100000|33100000|33100000|33100000,Część 1 – Sprzęt rehabilitacyjni i inne drobny sprzęt Część 2 – Łóżko elektryczne o podwyższonym standardzie 62 szt. Część 3 – Fotel kąpielowy – 2 szt. Część 4 – Łóżko kąpielowe - 2 szt. Część 5 – Waga najazdowa – 1 szt. Część 6 – Podnośnik sufitowy – 15 szt.,Samodzielny Publiczny Zespół Zakładów Opieki Zdrowotnej w Pruszkowie
Poland – Medical equipments,2026-05-05,POL,,https://ted.europa.eu/en/notice/-/detail/232753-2026,232753-2026,33100000|33123000|33123200|33123210|33192120|33100000|33100000|33100000|33100000|33100000|33123000|33123200|33123210|33123000|33123200|33123210|33123000|33123200|33123210|33192120|33123000|33123200|33123210,Szczegółowy opis przedmiotu zamówienia znajduje się w załączniku nr 7 do SWZ- Wykaz parametrów technicznych - Szczegółowy Opis Przedmiotu Zamówienia. Szczegółowy opis przedmiotu zamówienia znajduje się w załączniku nr 7 do SWZ- Wykaz parametrów technicznych - Szczegółowy Opis Przedmiotu Zamówienia. Szczegółowy opis przedmiotu zamówienia znajduje się w załączniku nr 7 do SWZ- Wykaz parametrów technicznych - Szczegółowy Opis Przedmiotu Zamówienia. Szczegółowy opis przedmiotu zamówienia znajduje się w załączniku nr 7 do SWZ- Wykaz parametrów technicznych - Szczegółowy Opis Przedmiotu Zamówienia. Szczegółowy opis przedmiotu zamówienia znajduje się w załączniku nr 7 do SWZ- Wykaz parametrów technicznych - Szczegółowy Opis Przedmiotu Zamówienia.,Samodzielny Publiczny Wojewódzki Szpital Specjalistyczny w Chełmie
Sweden – Medical equipments,2026-05-04,SWE,,https://ted.europa.eu/en/notice/-/detail/232827-2026,232827-2026,33100000|33100000,"Denna upphandling avser 3st. kontrastinjektorer för angiografi för leverans till Område specialiserad vård med placering på Universitetssjukhuset Örebro. Upphandlingen omfattar även utrustningsspecifikt förbrukningsmaterial och option på ytterligare 1st. utrustning till Område specialiserad vård, option serviceutbildning, samt option på underhållsavtal.",Region Örebro Län
Poland – Miscellaneous medical devices and products,2026-05-11,POL,,https://ted.europa.eu/en/notice/-/detail/232840-2026,232840-2026,33190000|39512000|30200000|33190000|33190000|33190000|33190000|33190000|33190000|33190000|33190000|33190000|33190000|33190000|33190000|33190000|33190000|33190000|33190000|33190000|33190000|39512000|30200000|33190000,"Zadanie nr1-Defibrylator AED,Zestaw do udzielania pierwszej pomocy lekarskiej,Ssak elektryczny,Aparat do wysokoprzepływowej terapii tlenem,Pulsoksymetr specjalistyczny przenośny,Pulsoksymetr napalcowy Zadanie nr 2-Skaner naczyń krwionośnych,Lampa zabiegowa mobilna Zadanie nr 3-Podnośnik pacjenta,Podnośnik z obciążeniem dynamicznym(do ćwiczeń) Zadanie nr 4-System parawanów,Leżanka drewniana,Taboret laboratoryjny Zadanie nr 5-Inhalator pneumatyczny (do podawania leków),Inhalator ultradźwiękowy(do rehabilitacji dróg oddechowych),Spirometr Zadanie nr 6-Aparat do mierzenia ciśnienia naramienny,Inteligentny glukometr z funkcją łączności bezprzewodowej,Waga medyczna krzesełkowa z legalizacją,Waga najazdowa,Waga z analizatorem składu ciała Zadanie nr 7-Wanienka do mycia głowy w łóżku,Wózek na brudną bieliznę,Wózek toaletowo-sanitarny Zadanie nr 8-Zestaw podwieszek z 3 trawersami do ćwiczeń funkcjonalnych Zadanie nr 9-Aparat do Elektroterapii,Zestaw do magnetoterapii,Aparat do terapii ultradźwiękowej Zadanie nr 10-Mobilny laser wysokoenergetyczny z funkcją biostymulacji,Laser ze skanerem do laseroterapii,Lampa do naświetlania Zadanie nr 11-Szyna CPM do kończyny górnej,Szyna CPM do kończyn dolnych,Rotor do ćwiczeń kończyn dolnych,Rotor do ćwiczeń kończyn górnych,Rotor neurologiczny,Mechaniczny przerywany ucisk pneumatyczny Zadania nr 12-Poręcze do redukacji chodu,Stymulator chodu,Schody do nauki chodzenia S/U-S P,Laska inwalidzka aluminiowa składana–regulowana,Kula łokciowa z miękkim uchwytem,regulowana do 150 kg,Balkonik dwufunkcyjny(krocząco-statyczny) Zadanie nr 13-Bieżnia treningowa,Bieżnia z modułem EKG,Bieżnia do rehabilitacji ruchowej kończyn z zespolonym podnośnikiem pacjenta do dynamicznego odciążenia,Ergometr rowerowy Zadanie nr 14-Stół do ćwiczeń manualnych,Stół do masażu (rehabilitacji),Stół rehabilitacyjny,Stół do pionizacji,Wielofunkcyjny stół do ćwiczeń manualnych ręki. Zadanie nr 15-Drabinka do ćwiczeń,Materac do ćwiczeń,Akcesoria rehabilitacyjne(piłki, gumy,ciężarki) Zadanie nr 16-Klin przeciwodleżynowy,Wałek przeciwodleżynowy,Krążek przeciwodleżynowy pod głowę,Podkładka ochronna pod łokieć,Podkładka ochronna pod piętę,Podpórka czterokołowa stalowa Zadanie nr 17-Wózek inwalidzki bariatryczny,Wózek inwalidzki elektryczny do nauki obsługi,Wózek inwalidzki,Wózek inwalidzki z podparciem głow Zadanie nr 18-Tablica do ćwiczeń manualnych,Tablica interaktywne ze stelażem ściennym Zadanie nr 19-Zestaw pościel( Komplet),Prześcieradło,Poduszka przeciwodleżynowa Zadanie nr 20-Zestaw komputerowy,Tablet medyczny,Drukarka 3 w 1,Pakiet oprogramowania biurowego,Licencje oprogramowanie dziedzinowe Zadanie nr 21-Łóżko dla pacjenta(wielopozycyjne)Łóżko dla pacjenta bariatryczne(wielopozycyjne)Materac przeciwodleżynowy",Samodzielny Publiczny Zespół Zakładów Opieki Zdrowotnej Powiatowy Szpital Specjalistyczny w Stalowej Woli
Czechia – Surgical gloves,2026-05-07,CZE,,https://ted.europa.eu/en/notice/-/detail/232848-2026,232848-2026,33141420|18424300|33141420|33141420|18424300|18424300,"Předmětem této veřejné zakázky jsou opakované dodávky speciálního zdravotnického materiálu, a to dodávky vyšetřovacích latexových jednorázových rukavic pro potřeby zdravotnického personálu při ústavní péči v IKEM. Předmětem této veřejné zakázky jsou opakované dodávky speciálního zdravotnického materiálu, a to dodávky vyšetřovacích nitrilových jednorázových rukavic pro potřeby zdravotnického personálu při ústavní péči v IKEM.",Institut klinické a experimentální medicíny
"Latvia – Laboratory, optical and precision equipments (excl. glasses)",2026-05-05,LVA,,https://ted.europa.eu/en/notice/-/detail/232852-2026,232852-2026,38000000|33696500|24000000|44164310|44163240|44523300|19520000|15994200|42514310|33192500|33793000|38000000|38000000|38000000|38000000|38000000|38000000|38000000|38000000|38000000|33696500|24000000|44164310|44163240|44523300|19520000|15994200|42514310|33192500|33793000|33696500|24000000|44164310|44163240|44523300|19520000|15994200|42514310|33192500|33793000|33696500|24000000|44164310|44163240|44523300|19520000|15994200|42514310|33192500|33793000|33696500|24000000|44164310|44163240|44523300|19520000|15994200|42514310|33192500|33793000|33696500|24000000|44164310|44163240|44523300|19520000|15994200|42514310|33192500|33793000|33696500|24000000|44164310|44163240|44523300|19520000|15994200|42514310|33192500|33793000|33696500|24000000|44164310|44163240|44523300|19520000|15994200|42514310|33192500|33793000|33696500|24000000|44164310|44163240|44523300|19520000|15994200|42514310|33192500|33793000|33696500|24000000|44164310|44163240|44523300|19520000|15994200|42514310|33192500|33793000,Reaģentu un laboratorijas materiālu iegāde līguma Nr. 17-24 izpildei Reaģentu un laboratorijas materiālu iegāde līguma Nr. 17-24 izpildei Reaģentu un laboratorijas materiālu iegāde līguma Nr. 17-24 izpildei Reaģentu un laboratorijas materiālu iegāde līguma Nr. 17-24 izpildei Reaģentu un laboratorijas materiālu iegāde līguma Nr. 17-24 izpildei Reaģentu un laboratorijas materiālu iegāde līguma Nr. 17-24 izpildei Reaģentu un laboratorijas materiālu iegāde līguma Nr. 17-24 izpildei Reaģentu un laboratorijas materiālu iegāde līguma Nr. 17-24 izpildei Reaģentu un laboratorijas materiālu iegāde līguma Nr. 17-24 izpildei,"Atvasināta publiska persona ""Latvijas Valsts koksnes ķīmijas institūts"""
Germany – Mechanical engineering installation works,2026-04-22,DEU,,https://ted.europa.eu/en/notice/-/detail/232914-2026,232914-2026,45351000|33192300|45351000|33192300,"Ausstattung AEMP mit med. techn. Funktionsschrankanlagen, Packtischen, Einschweißplatz, Chargen- und Kommissionierplatz, Schuh-Waschmaschine und Zubehör (U1) Ausstattung Ambulanzen, Notaufnahme, Endoskopie, Radiologie mit med. techn. Funktionsschrankanlagen, Gerätenormschienen, Einbaugeräten und Zubehör (E0) Ausstattung Intensivstation und OP-Bereich mit med. techn. Funktionsschrankanlagen und sonstigem festeingebautem med.techn. Mobiliar und Zubehör (E1) Ausstattung Pflegearbeitsräume mit med. techn. Funktionsschrankanlagen, Pflegearbeitszeilen, Einbaugeräten, Steckbeckenspülern und Desinfektionsmitteldosiergeräten und Zubehör Ausstattung Geräte- und Materiallager mit med. techn. Schrankanlagen Ausstattung Therapiebereich mit Therapiegeräten (E3)",Krankenhaus Rummelsberg GmbH
France – Dental hygiene products,2026-05-04,FRA,,https://ted.europa.eu/en/notice/-/detail/233058-2026,233058-2026,33141850|33141850|33750000|33741200,Produits d’hygiène corporelle adulte Produits d’hygiène corporelle bébé Produits divers d’hygiène corporelle,31 CHU
Belgium – Infusion pumps,2026-05-05,BEL,,https://ted.europa.eu/en/notice/-/detail/233382-2026,233382-2026,33194110|33194110,Leveren van draagbare 84 (VH = Vermoedelijke hoeveelheid) pompen voor intraveneuze toediening van medicatie met verbruiksgoederen (cassettes en verlengleidingen),UZ Leuven
Slovenia – Medical consumables,2026-05-05,SVN,,https://ted.europa.eu/en/notice/-/detail/233419-2026,233419-2026,33140000|33140000,,UNIVERZITETNI KLINIČNI CENTER MARIBOR
Czechia – Monitors,2026-05-04,CZE,,https://ted.europa.eu/en/notice/-/detail/233520-2026,233520-2026,33195100|33195000|50421000|33195100|33195000|50421000,Předmětem plnění této veřejné zakázky je dodávka monitorů vitálních funkcí (dále a výše jen „přístroj“) včetně příslušenství pro potřeby Motolského onkologického centra FNMH.,Fakultní nemocnice v Motole
Italy – Orthopaedic supplies,2026-05-19,ITA,,https://ted.europa.eu/en/notice/-/detail/233584-2026,233584-2026,33141700|33141700|33141700|33141700|33141700|33141700|33141700|33141700|33141700|33141700|33141700|33141700|33141700|33141700|33141700|33141700|33141700|33141700|33141700|33141700|33141700|33141700|33141700|33141700|33141700|33141700|33141700|33141700,"Material für akromioklavikuläre Pathologien Schlaganker Gewebeanker Gewindeanker Arthroskopische Kanülen Zugnadeln und Nahtführungsnadel Nahtführungskanüle Geschlitzter Draht Knopf für die extrakortikale Suspension All-Inside Nahtsystem und Einweg- Nahtführungzange Führen, Schneiden und Vorschieben von Knoten Nahtpasszange Nadel für Nahttechniken mit IN-OUT-Methode Schrauben zur ligamentären Rekonstruktion Viti per ricostruzione legamentosa Schneidesystem zur Entnahme des Quadricepssehnentransplantats Aufhängungsfixationssystem zur Rekonstruktion des vorderen Kreuzbandes des Knies Fräse Titanplatten XL System für osteochondralen Autotransplantation Scaffold Bone Marrow System zur Naht mit hochfestem Material Fadenretraktor Mikroanker Synthetisches Band Schrauben zur Fixierung Intraartikuläres aufblasbares Gerät",Südtiroler Sanitätsbetrieb - Abteilung Einkäufe
"Sweden – Medical equipments, pharmaceuticals and personal care products",2026-05-05,SWE,,https://ted.europa.eu/en/notice/-/detail/233617-2026,233617-2026,33000000|33140000|33000000|33140000,,Region Kalmar Län
Poland – Patient-monitoring system,2026-04-15,POL,,https://ted.europa.eu/en/notice/-/detail/233711-2026,233711-2026,33195000|33195000|33195000,Mobilne monitory funkcji życiowych - 40 sztuk (zamówienie podstawowe) + 10 sztuk (prawo opcji). Szczegółowy opis przedmiot zamówienia stanowi Załącznik nr 1 do SWZ Mobilne monitory funkcji życiowych - 13 sztuk. Szczegółowy opis przedmiot zamówienia stanowi Załącznik nr 1 do SWZ,Uniwersytecki Szpital Kliniczny w Poznaniu
France – Chemical products,2026-05-04,FRA,,https://ted.europa.eu/en/notice/-/detail/233725-2026,233725-2026,24000000|24960000|33696300|33696500|33793000|33698100|33140000|33141000|38437000|38432200|42122500|33696500|33696500|33696500|33696500|33696500|33696500|33696500|33696500|33696500|33696500|33696500|33696500|33696500|33696500|33696500|33696500|33696500|33696500|33696500|33696500|33696500|33696500|33696500|33696500|33696500|33696500|33696500|33696500|33696500|33696500|33696500|33696500|33696500|33696500|33696500|33696500|33696500|33696500|33696500|33696500|33696500|33696500|33696500|33696500|33696500|33696500|33696500|33696500|33696500|33696500|33696500|33696500|33696500|33696500,ADHESIF- FILM ANTIBIOTIQUE BANDELETTE INDICATRICE BOITE DE PETRI BOUCHON-TUBE-CONTENANT PLASTIQUE COLONNE ANALYTIQUE COLORANT CONSOMMABLE ANALYTIQUE CONSOMMABLE CHROMATOLOGIE CONSOMMABLE ICP DOUBLE LAME GELOSEE ECOUVILLON ENTONNOIR ETALON - CHIMIE ETALON - SANTE - SERUM EXTRACTION FERRULE FILTRATION MICROBIOLOGIQUE FILTRE FILTRE SERINGUE FLACON CHROMATOLOGIE GANIMEDE INOCULATION KIT BIOLOGIE MOLECULAIRE KIT BIOLOGIE VETERINAIRE KIT SEROLOGIE LAME PORTE OBJET METHODE ANTIBIOTIQUE METHODE MINIATURISEE MICROBIOLOGIE DES EAUX MILIEUX BOITE CONTACT MILIEUX COSMETIQUE / PHARMACOPEE MILIEUX DE CULTURE BIOLOGIE VETERINAIRE MILIEUX DE CULTURE MICROBIOLOGIE PIPETTE PLAQUE POCHE STOMACHER POINTE POISSON PRODUIT BIOLOGIQUE PRODUIT CHIMIQUE RADIELLO RESERVOIR A REACTIF SACHET FERMETURE SCALPEL - PINCE SEPTA SERINGUE SONDE SONDE PCR STERILISATION TAMPON TUBE A CENTRIFUGER TUYAUX POMPE PRELEVEMENT VERRERIE VIAL,Laboratoires des Pyrénées et des Landes
Finland – Medical equipments,2026-05-04,FIN,,https://ted.europa.eu/en/notice/-/detail/233838-2026,233838-2026,33100000|73120000|33100000|73120000,"HUS (myöhemmin myös hankintayksikkö tai tilaaja) pyytää osallistumishakemuksia ulostekapselikoneen innovatiiviseen hankintaan. Hankinta toteutetaan käyttämällä hankintalain 38–39 §:n tarkoittamaa innovaatiokumppanuutta. Katso tarkempi kuvaus liitteestä 2 Innovaatiokumppanuusmenettelyn kuvaus. Hankinnan kohteena on ulostekapselikoneen kehittäminen ja lopputuloksena syntynyttä laitetta, mahdollisia laitesidonnaisia kulutustarvikkeita ja mahdollista huoltopalvelua koskeva hankinta. Hankinnan tavoitteena on uudistaa ja tehostaa nykyistä ulosteensiirron hoitoprosessia hyödyntämällä uutta teknologiaa. Nykyinen hoitoprosessi eli paksusuolen tähystyksen yhteydessä tehtävä ulosteensiirto on suhteellisen kallis ja potilasta kuormittava. Kapseleilla toteutettuna hoito olisi potilaalle ja terveydenhuoltojärjestelmälle huomattavasti helpompi toteuttaa kuin tähystyksen kautta toteutettuna. Tavoitteena on innovaatiokumppanuuden avulla kehittää tätä tarvetta varten ulostekapselikone, jonka hankintayksikkö voisi kumppaniltaan menettelyn hankintavaiheessa hankkia. Tarkempi kuvaus hankinnan kohteesta on liitteessä 1 Hankinnan kohteen kuvaus. Hankintaan liittyvät tilaajan hankinta-asiakirjat ovat saatavissa suomen kielellä. Jos yritys haluaa hankinta-asiakirjat muulla kielellä, käännättäminen ja siitä aiheutuvat kustannukset ovat yrityksen itsensä vastattavina. Osallistumishakemus sekä siihen liittyvä dokumentaatio ja tarkentavat kysymykset on toimitettava suomen kielellä. Tämän osallistumispyynnön liitteenä ovat: • ESPD -lomake • Liite 3.1 Referenssilomake • Liite 3.2 Tiimin valmiudet innovointiin • Liite 7 HUS Ilmastotiekartan tiivistelmä Sekä alustavat luonnokset seuraavista asiakirjoista: • Liite 1 Hankinnan kohteen kuvaus • Liite 2 Innovaatiokumppanuusmenettelyn kuvaus • Liite 4 Alustava tarjouspyyntöluonnos • Liite 5 Alustava neuvottelukutsu • Liite 6.1 Kehittämissopimusluonnos • Liite 6.2 Hankintasopimusluonnos • Liite 6.2.1 Tarvikesopimusluonnos • Liite 6.2.2 Huoltosopimusluonnos • Liitteet 6.2.3-6.2.11 Sopimusluonnosten liitteet • Liite 8 Tarjottavan lääkintälaitteen tietotekniset tiedot Liitteellä 1 Hankinnan kohteen kuvaus on kuvattu hankinnan kohdetta koskevat vähimmäisvaatimukset keltaisella taustavärillä. Näistä vaatimuksista ei neuvotella hankintaprosessin aikana eikä niiden sisältöä muuteta, mutta niiden täsmentäminen on mahdollista. Muilta osin kaikki edellä luetellut liitteet ovat hankintayksikön näkemyksiä ja asiakirjoja tullaan muuttamaan ja täsmentämään hankintaprosessin kuluessa. Lopulliset hankinta-asiakirjat määritellään lopulliseen tarjouspyyntöön.",HUS-yhtymä
Germany – Devices for the elderly,2026-05-05,DEU,,https://ted.europa.eu/en/notice/-/detail/234018-2026,234018-2026,33196100|33196200|33192600|33196100|33196200|33192600,"2 Stück Patientenlifter Umbettung, mit Zubehör 1 Stück Patientenlifter Patientenzimmer, mit Zubehör sowie Wartungsleistungen",Kommunalunternehmen Klinikum Altmühlfranken
Belgium – Infusion pumps,2026-04-28,BEL,,https://ted.europa.eu/en/notice/-/detail/234125-2026,234125-2026,33194110|33194110|33194110,"De pompen worden gebruikt voor de continue toediening van medicatie, zowel intraveneus, epiduraal als lokaal. De medicaties die gebruikt worden zijn vooral morfinederivaten, ketamine en lokale analgetica. De medicatie wordt beveiligd toegediend (sluitende systemen, veiligheidscodes, sleutel,…) om ongeoorloofde wijzigingen van instellingen en middelenmisbruik te voorkomen. Met de PCA-pomp (Patient Controlled Analgesia) kunnen de patiënten zichzelf, via een druk op een knop, extra pijnstilling toedienen, dit volgens een vooraf ingesteld protocol. De toestellen kunnen zowel met cassettes als met infuuszakjes gebruikt worden. Resultaatsverbintenis: onderhavige opdracht behelst in hoofde van de opdrachtnemer een middelenverbintenis. Dit impliceert dat de opdrachtnemer zich ertoe verbindt hetgeen beschreven staat te realiseren, volgens de bepalingen van dit bestek en conform de regels van de kunst en dit binnen de daartoe voorziene termijnen. Niet exclusiviteit: de opdrachtnemer beschikt in het kader van deze overheidsopdracht niet over exclusiviteit. De aanbestedende overheid kan, mits in overeenstemming met de geldende wetgeving inzake overheidsopdrachten, gedurende de looptijd van deze opdracht diensten, identiek of analoog aan deze beschreven in het bestek laten uitvoeren door derden. Geen afnameplicht: de opdrachtnemer beschikt in kader van de uitvoering van de opdracht niet over een afnameplicht in hoofde van de opdrachtgever.",AZ Sint-Jan Brugge AV
"Czechia – Endoscopy, endosurgery devices",2026-05-04,CZE,,https://ted.europa.eu/en/notice/-/detail/234278-2026,234278-2026,33168000|33162200|38636100|50421000|33168000|38636100|33162200|50421000|50421000,"Předmětem plnění této veřejné zakázky je dodávka endoskopického vybavení urologie včetně příslušenství pro potřeby Motolského onkologického centra FNMH. Součástí předmětu plnění je dále: (i.) Instalace přístroje a jeho uvedení do provozu včetně ověření jeho funkčnosti, provedení všech předepsaných zkoušek a testů. (ii.) Instruktáž/proškolení zdravotnického personálu prováděné osobou k tomu pověřenou dle § 41 zákona č. 375/2022 Sb., o zdravotnických prostředcích a diagnostických zdravotnických prostředcích in vitro (dále jen „zákon č. 375/2022 Sb.“). (iii.) Záruční a pozáruční servis přístroje, který bude provádět osoba k této činnosti pověřená, a to na základě certifikátu výrobce o proškolení servisního technika dle § 44–46 zákona č. 375/2022 Sb. Předmětem plnění této veřejné zakázky je dodávka endoskopického vybavení urologie včetně příslušenství pro potřeby Motolského onkologického centra FNMH. Součástí předmětu plnění je dále: (i.) Instalace přístroje a jeho uvedení do provozu včetně ověření jeho funkčnosti, provedení všech předepsaných zkoušek a testů. (ii.) Instruktáž/proškolení zdravotnického personálu prováděné osobou k tomu pověřenou dle § 41 zákona č. 375/2022 Sb., o zdravotnických prostředcích a diagnostických zdravotnických prostředcích in vitro (dále jen „zákon č. 375/2022 Sb.“). (iii.) Záruční a pozáruční servis přístroje, který bude provádět osoba k této činnosti pověřená, a to na základě certifikátu výrobce o proškolení servisního technika dle § 44–46 zákona č. 375/2022 Sb.",Fakultní nemocnice Motol a Homolka
"Germany – Endoscopy, endosurgery devices",2026-04-22,DEU,,https://ted.europa.eu/en/notice/-/detail/234377-2026,234377-2026,33168000|33191000|33168000|33191000,Lieferung und Einbau von Endokopieaufbereitungsanlagen im Rahmen des Projektes Baumaßnahmenpaket 3a,Lahn-Dill-Kliniken GmbH
Poland – Medical equipments,2026-05-07,POL,,https://ted.europa.eu/en/notice/-/detail/234388-2026,234388-2026,33100000|33100000|33100000|33112200|33190000|33123200,"1. Szczegółowy opis przedmiotu zamówienia zawiera załączniki nr 1.1 do SWZ. 2. Opisane tam parametry stanowią minimalne wymagania jakościowe i techniczne zamawianego asortymentu. 3. Miejsce realizacji: Brzeskie Centrum Medyczne w Brzegu, Samodzielny Publiczny Zakład Opieki Zdrowotnej, ul. Mossora 1, 49-301 Brzeg. 4. Dostarczony sprzęt objęty zamówieniem musi gwarantować bezpieczne jego użytkowanie oraz nie może zagrażać zdrowiu użytkowników. 5. Sprzęt będzie pozbawiony wszelkich blokad, kodów serwisowych itp. które po upływie gwarancji utrudniałyby Zamawiającemu dostęp do operacji serwisowych lub naprawę aparatu przez inny niż Wykonawca podmiot w przypadku nie korzystania przez Zamawiającego z serwisu pogwarancyjnego Wykonawcy. 6. Zamawiający dopuszcza sprzęt nie tylko zakupiony przez oficjalny/ autoryzowany kanał sprzedaży, lecz przez każdy legalny kanał sprzedaży, jeśli będzie objęty wymaganą gwarancją/rękojmią w Polsce. Zamawiający nie wymaga, aby Wykonawca był związany jakąkolwiek formą prawną z producentem lub jego przedstawicielem. 7. Sprzęt medyczny musi być oznakowany w taki sposób, aby możliwa była identyfikacja zarówno produktu, jak i producenta. 8. Poprzez dostawę Zamawiający rozumie dostarczenie, wniesienie, montaż, podłączenie oraz uruchomienie sprzętu wraz ze wszystkimi niezbędnymi do jego należytego funkcjonowania elementami wynikającymi z zastosowanego przez Wykonawcę sposobu montażu oraz usunięcie opakowań. Powyższe czynności wykonawca wykonana siłami własnymi i na swój koszt w godzinach pracy Zamawiającego, po uprzednim telefonicznym uzgodnieniu terminu. 9. Wykonawca w ramach dostawy zobowiązany jest do przeprowadzenia szkolenia personelu Zamawiającego w zakresie obsługi dostarczonego sprzętu, który tego wymaga. 10. Pozostałe wymagania: Oferowany przedmiot zamówienia musi być dopuszczony do obrotu na terenie RP i posiadać Deklaracje Zgodności oraz spełniać wymagania odpowiednich norm i przepisów, a w szczególności określonych w: a) Ustawie z 07.04.2022r. o wyrobach medycznych (Dz.U. z 2024r., poz. 1620 z późn. zm.), b) Rozporządzeniu Ministra Zdrowia z 05.11.2010r. w sprawie sposobu kwalifikacji wyrobów medycznych (Dz. U. z 2010r. Nr 215, poz. 1416), c) Rozporządzeniu Ministra Zdrowia z 17.02.2016r. w sprawie wymagań zasadniczych oraz procedur zgodności wyrobów medycznych (Dz. U. z 2016r. poz. 211). W przypadku zaoferowania sprzętu, które nie jest wyrobem medycznym, Zamawiający odstępuje od konieczności przedstawienia Deklaracji Zgodności i certyfikatu CE. 1. Szczegółowy opis przedmiotu zamówienia zawiera załączniki nr 1.2 do SWZ. 2. Opisane tam parametry stanowią minimalne wymagania jakościowe i techniczne zamawianego asortymentu. 3. Miejsce realizacji: Brzeskie Centrum Medyczne w Brzegu, Samodzielny Publiczny Zakład Opieki Zdrowotnej, ul. Mossora 1, 49-301 Brzeg. 4. Dostarczony sprzęt objęty zamówieniem musi gwarantować bezpieczne jego użytkowanie oraz nie może zagrażać zdrowiu użytkowników. 5. Sprzęt będzie pozbawiony wszelkich blokad, kodów serwisowych itp. które po upływie gwarancji utrudniałyby Zamawiającemu dostęp do operacji serwisowych lub naprawę aparatu przez inny niż Wykonawca podmiot w przypadku nie korzystania przez Zamawiającego z serwisu pogwarancyjnego Wykonawcy. 6. Zamawiający dopuszcza sprzęt nie tylko zakupiony przez oficjalny/ autoryzowany kanał sprzedaży, lecz przez każdy legalny kanał sprzedaży, jeśli będzie objęty wymaganą gwarancją/rękojmią w Polsce. Zamawiający nie wymaga, aby Wykonawca był związany jakąkolwiek formą prawną z producentem lub jego przedstawicielem. 7. Sprzęt medyczny musi być oznakowany w taki sposób, aby możliwa była identyfikacja zarówno produktu, jak i producenta. 8. Poprzez dostawę Zamawiający rozumie dostarczenie, wniesienie, montaż, podłączenie oraz uruchomienie sprzętu wraz ze wszystkimi niezbędnymi do jego należytego funkcjonowania elementami wynikającymi z zastosowanego przez Wykonawcę sposobu montażu oraz usunięcie opakowań. Powyższe czynności wykonawca wyko",BRZESKIE CENTRUM MEDYCZNE Samodzielny Publiczny Zakład Opieki
Bulgaria – Laboratory reagents,2026-03-31,BGR,,https://ted.europa.eu/en/notice/-/detail/234610-2026,234610-2026,33696500|38437000|33696300|33190000|33696500|33696500|38437000|33696500|33696500|33696300|33696500|33696500|38437000|33696500|33190000|33190000|33190000,"""Доставка на медицински изделия и консумативи в изпълнение на Договор BG16RFPR002-1.014-0002-C01 по проект „Център за компетентност по персонализирана медицина 3D и телемедицина, роботизирана и минимално инвазивна хирургия (ЦК „Леонардо да Винчи“),  финансиран от Програма „Научни изследвания, иновации и дигитализация за интелигентна трансформация"", по обособени позиции"".  Обособена позиция №1 Китове за изследвания по метод на полимеразна верижна реакция; В Техническата спецификация се съдържат 9 броя артикули, Подробно описани по вид, количество, технически характеристики в „Техническата спецификация“ Приложение №1.1 ""Доставка на медицински изделия и консумативи в изпълнение на Договор BG16RFPR002-1.014-0002-C01 по проект „Център за компетентност по персонализирана медицина 3D и телемедицина, роботизирана и минимално инвазивна хирургия (ЦК „Леонардо да Винчи“),  финансиран от Програма „Научни изследвания, иновации и дигитализация за интелигентна трансформация"", по обособени позиции"". Обособена позиция №2 Реактиви за геномно секвениране В Техническата спецификация се съдържат 7 броя артикули, Подробно описани по вид, количество, технически характеристики в „Техническата спецификация“ Приложение №1.2 ""Доставка на медицински изделия и консумативи в изпълнение на Договор BG16RFPR002-1.014-0002-C01 по проект „Център за компетентност по персонализирана медицина 3D и телемедицина, роботизирана и минимално инвазивна хирургия (ЦК „Леонардо да Винчи“),  финансиран от Програма „Научни изследвания, иновации и дигитализация за интелигентна трансформация"", по обособени позиции"". Обособена позиция №3 Консумативи за геномно секвениране. В Техническата спецификация се съдържат 24 броя артикули, Подробно описани по вид, количество, технически характеристики в „Техническата спецификация“ Приложение №1.3 ""Доставка на медицински изделия и консумативи в изпълнение на Договор BG16RFPR002-1.014-0002-C01 по проект „Център за компетентност по персонализирана медицина 3D и телемедицина, роботизирана и минимално инвазивна хирургия (ЦК „Леонардо да Винчи“),  финансиран от Програма „Научни изследвания, иновации и дигитализация за интелигентна трансформация"", по обособени позиции"". Обособена позиция №4 Набори и консумативи за флуориметрично измерване на ДНК и РНК. В Техническата спецификация се съдържат 3 броя артикули, Подробно описани по вид, количество, технически характеристики в „Техническата спецификация“ Приложение №1.4 ""Доставка на медицински изделия и консумативи в изпълнение на Договор BG16RFPR002-1.014-0002-C01 по проект „Център за компетентност по персонализирана медицина 3D и телемедицина, роботизирана и минимално инвазивна хирургия (ЦК „Леонардо да Винчи“),  финансиран от Програма „Научни изследвания, иновации и дигитализация за интелигентна трансформация"", по обособени позиции"". Обособена позиция №5 Кит за изолиране на нуклеинови киселини. В Техническата спецификация се съдържат 1 брой артикул, Подробно описани по вид, количество, технически характеристики в „Техническата спецификация“ Приложение №1.5 ""Доставка на медицински изделия и консумативи в изпълнение на Договор BG16RFPR002-1.014-0002-C01 по проект „Център за компетентност по персонализирана медицина 3D и телемедицина, роботизирана и минимално инвазивна хирургия (ЦК „Леонардо да Винчи“),  финансиран от Програма „Научни изследвания, иновации и дигитализация за интелигентна трансформация"", по обособени позиции"" Обособена позиция №6 Китове и химикали за разработване на 3D матрици за стволови клетки и свързани с тях изследвания, В Техническата спецификация се съдържат 58 броя артикули, Подробно описани по вид, количество, технически характеристики в „Техническата спецификация“ Приложение №1.6 ""Доставка на медицински изделия и консумативи в изпълнение на Договор BG16RFPR002-1.014-0002-C01 по проект „Център за компетентност по персонализирана медицина 3D и телемедицина, роботизирана и минимално инвазивна хирургия (ЦК „Леонардо да Винчи“),  финансиран от Програма „Научни изследвания, иноваци",МЕДИЦИНСКИ УНИВЕРСИТЕТ
Belgium – Heat-exchange units,2026-05-05,BEL,,https://ted.europa.eu/en/notice/-/detail/234694-2026,234694-2026,42511100|33186000|42511100,"Fourniture, installation et maintenance d' échangeur thermique",Cliniques universitaires Saint Luc
"Czechia – Endoscopy, endosurgery devices",2026-05-04,CZE,,https://ted.europa.eu/en/notice/-/detail/234786-2026,234786-2026,33168000|33168100|33162100|33168000|50421000|33168000|33168000|33162100|33168100|50421000|50421000|50421000,"Předmětem plnění této veřejné zakázky je dodávka endoskopického vybavení bronchoskopie včetně příslušenství pro potřeby Motolského onkologického centra FNMH. Součástí předmětu plnění je dále: (i.) Instalace přístroje a jeho uvedení do provozu včetně ověření jeho funkčnosti, provedení všech předepsaných zkoušek a testů. (ii.) Instruktáž/proškolení zdravotnického personálu prováděné osobou k tomu pověřenou dle § 41 zákona č. 375/2022 Sb., o zdravotnických prostředcích a diagnostických zdravotnických prostředcích in vitro (dále jen „zákon č. 375/2022 Sb.“). (iii.) Záruční a pozáruční servis přístroje, který bude provádět osoba k této činnosti pověřená, a to na základě certifikátu výrobce o proškolení servisního technika dle § 44–46 zákona č. 375/2022 Sb. Předmětem plnění této veřejné zakázky je dodávka endoskopického vybavení bronchoskopie včetně příslušenství pro potřeby Motolského onkologického centra FNMH. Součástí předmětu plnění je dále: (i.) Instalace přístroje a jeho uvedení do provozu včetně ověření jeho funkčnosti, provedení všech předepsaných zkoušek a testů. (ii.) Instruktáž/proškolení zdravotnického personálu prováděné osobou k tomu pověřenou dle § 41 zákona č. 375/2022 Sb., o zdravotnických prostředcích a diagnostických zdravotnických prostředcích in vitro (dále jen „zákon č. 375/2022 Sb.“). (iii.) Záruční a pozáruční servis přístroje, který bude provádět osoba k této činnosti pověřená, a to na základě certifikátu výrobce o proškolení servisního technika dle § 44–46 zákona č. 375/2022 Sb. Předmětem plnění této veřejné zakázky je dodávka endoskopického vybavení bronchoskopie včetně příslušenství pro potřeby Motolského onkologického centra FNMH. Součástí předmětu plnění je dále: (i.) Instalace přístroje a jeho uvedení do provozu včetně ověření jeho funkčnosti, provedení všech předepsaných zkoušek a testů. (ii.) Instruktáž/proškolení zdravotnického personálu prováděné osobou k tomu pověřenou dle § 41 zákona č. 375/2022 Sb., o zdravotnických prostředcích a diagnostických zdravotnických prostředcích in vitro (dále jen „zákon č. 375/2022 Sb.“). (iii.) Záruční a pozáruční servis přístroje, který bude provádět osoba k této činnosti pověřená, a to na základě certifikátu výrobce o proškolení servisního technika dle § 44–46 zákona č. 375/2022 Sb.",Fakultní nemocnice Motol a Homolka
France – Patient-monitoring system,2026-05-11,FRA,,https://ted.europa.eu/en/notice/-/detail/234944-2026,234944-2026,33195000|50324100|32500000|33195000|33195000|33195000|33195000|33195000|33195000|33195000|33195000|33195000|33195000|33195000|33195000|33195000|33195000|33195000|33195000|33195000|33195000|33195000|33195000|33195000|33195000|33195000|33195000|33195000|33195000|50324100|32500000|33195000|50324100|32500000|33195000|50324100|32500000|33195000|50324100|32500000|33195000|50324100|32500000|33195000|50324100|32500000|33195000|50324100|32500000|33195000|50324100|32500000|33195000|50324100|32500000|33195000|50324100|32500000|33195000|50324100|32500000|33195000|50324100|32500000|33195000|50324100|32500000|33195000|50324100|32500000|33195000|50324100|32500000|33195000|50324100|32500000|33195000|50324100|32500000|33195000|50324100|32500000|33195000|50324100|32500000|33195000|50324100|32500000|33195000|50324100|32500000|33195000|50324100|32500000|33195000|50324100|32500000|33195000|50324100|32500000|33195000|50324100|32500000,Fourniture de matériels et pièces détachées de marque LEGRAND pour le Centre Hospitalier de Châteauroux - Le Blanc Fourniture de matériels et pièces détachées et prestations de maintenance et d'installation associées de marque ACKERMANN pour le Centre Hospitalier de La Châtre Fourniture de matériels et pièces détachées et prestations de maintenance et d'installation associées de marque GET'S pour le Centre Hospitalier de La Châtre Fourniture de matériels et pièces détachées et prestations de maintenance et d'installation associées de marque LEGRAND pour le Centre Hospitalier de La Châtre Fourniture de matériels et pièces détachées et prestations de maintenance et d'installation associées de marque INTERVOX pour le Centre Hospitalier de La Châtre Fourniture de matériels et pièces détachées et prestations de maintenance et d'installation associées de marque ASCOM pour le Centre Hospitalier de La Châtre Fourniture de matériels et pièces détachées et prestations de maintenance et d'installation associées de marque ASCOM pour le Centre Hospitalier de Levroux Fourniture de matériels et pièces détachées et prestations de maintenance et d'installation associées de marque GET'S pour le Centre Hospitalier de Levroux Fourniture de matériels et pièces détachées et prestations de maintenance et d'installation associées de marque GET'S pour le Centre Hospitalier de Valençay Fourniture de matériels et pièces détachées et prestations de maintenance et d'installation associées de marque PCS pour le Centre Hospitalier de Valençay Fourniture de matériels et pièces détachées et prestations de maintenance et d'installation associées de marque LEGRAND pour le Centre Hospitalier du Val de l'Indre - site de Buzançais Fourniture de matériels et pièces détachées et prestations de maintenance et d'installation associées de marque HOSPICOM pour le Centre Hospitalier du Val de l'Indre - Site de Chatillon sur Indre Fourniture de matériels et pièces détachées et prestations de maintenance et d'installation associées de marque INDIGO CARE pour le Centre Hospitalier du Val de l'Indre - Site de Châtillon sur Indre Fourniture de matériels et pièces détachées et prestations de maintenance et d'installation associées de marque GET'S pour l'EHPAD de Clion sur Indre Fourniture de matériels et pièces détachées et prestations de maintenance et d'installation associées de marque PCS pour l'EHPAD de Mezières en Brenne Fourniture de matériels et pièces détachées et prestations de maintenance et d'installation associées de marque ASCOM pour l'EHPAD de Vatan Fourniture de matériels et pièces détachées et prestations de maintenance et d'installation associées de marque PCS pour l'EHPAD de Vatan Fourniture de matériels et pièces détachées et prestations de maintenance et d'installation associées de marque LEGRAND pour le Centre Hospitalier de la Tour Blanche à Issoudun Fourniture de matériels et pièces détachées et prestations de maintenance et d'installation associées de marque GET'S pour le Centre Hospitalier de la Tour Blanche à Issoudun Fourniture de matériels et pièces détachées et prestations de maintenance et d'installation associées de marque PCS pour le Centre Hospitalier de la Tour Blanche à Issoudun Fourniture de matériels et pièces détachées et prestations de maintenance et d'installation associées de marque PCS pour le Centre Départemental Gériatrique de l'Indre Fourniture de matériels et pièces détachées et prestations de maintenance et d'installation associées de marque GET'S pour le Centre Départemental Gériatrique de l'Indre Fourniture de matériels et pièces détachées et prestations de maintenance et d'installation associées de marque ACKERMANN pour le Centre Départemental Gériatrique de l'Indre Fourniture de matériels et pièces détachées et prestations de maintenance et d'installation associées de marque LEGRAND pour le Centre Départemental Gériatrique de l'Indre Fourniture de matériels et pièces détachées et prestations de maintenance et d'installation as,Groupement Hospitalier de Territoire de l'Indre
Italy – Medical consumables,2026-04-30,ITA,,https://ted.europa.eu/en/notice/-/detail/234945-2026,234945-2026,33140000|33141320|33141320|33141320|33141320|33141320|33141320|33141320|33141320|33141320|33141320|33141320|33141320|33141320|33141320|33141320|33141320|33141320|33141320|33141320|33141320|33141320|33141320|33141320|33141320|33141320|33141320|33141320|33141320|33141320|33141320|33141320|33141320|33141320|33141320|33141320|33141320|33141320|33141320|33141320|33141320|33141320|33141320|33141320|33141320|33141320|33141320|33141320|33141320|33141320|33141320|33141320|33141320|33141320|33141320|33141320|33141320|33141320|33141320|33141320|33141320|33141320|33141320|33141320|33141320|33141320|33141320|33141320|33141320|33141320|33141320|33141320|33141320|33141320|33141320|33141320|33141320|33141320|33141320|33141320|33141320|33141320|33141320|33141320|33141320|33141320|33141320|33141320|33141320|33141320|33141320|33141320|33141320|33141320|33141320|33141320|33141320|33141320|33141320|33141320|33141320|33141320|33141320|33141320|33141320|33141320|33141320|33141320|33141320|33141320|33141320|33141320|33141320|33141320|33141320|33141320|33141320|33141320|33141320|33141320|33141320|33141320|33141320|33141320|33141320|33141320|33141320|33141320|33141320|33141320|33141320|33141320|33141320|33141320|33141320|33141320|33141320|33141320|33141320|33141320|33141320|33141320|33141320|33141320|33141320|33141320|33141320|33141320|33141320|33141320|33141320|33141320|33141320|33141320|33141320|33141320|33141320|33141320|33141320|33141320|33141320|33141320|33141320|33141320|33141320|33141320|33141320|33141320|33141320|33141320|33141320|33141320|33141320|33141320,Aghi - Lotto 1 Aghi - Lotto 2 Cateteri - Lotto 3 Aghi - Lotto 4 Aghi - Lotto 5 Aghi - Lotto 6 Materiali medici - Lotto 7 Materiali medici - Lotto 8 Siringhe - Lotto 9 Aghi - Lotto 10 Materiali medici - Lotto 11 Materiali medici - Lotto 12 Materiali medici - Lotto 13 Materiali medici - Lotto 14 Materiali medici - Lotto 15 Materiali medici - Lotto 16 Materiali medici - Lotto 17 Materiali medici - Lotto 18 Materiali medici - Lotto 19 Materiali medici - Lotto 20 Materiali medici - Lotto 21 Materiali medici - Lotto 22 Materiali medici - Lotto 23 Materiali medici - Lotto 24 Materiali medici - Lotto 25 Materiali medici - Lotto 26 Materiali medici - Lotto 27 Materiali medici - Lotto 28 Materiali medici - Lotto 29 Materiali medici - Lotto 30 Materiali medici - Lotto 31 Materiali medici - Lotto 32 Materiali medici - Lotto 33 Materiali medici - Lotto 34 Materiali medici - Lotto 35 Materiali medici - Lotto 36 Materiali medici - Lotto 37 Materiali medici - Lotto 38 Materiali medici - Lotto 39 Materiali medici - Lotto 40 Materiali medici - Lotto 41 Materiali medici - Lotto 42 Materiali medici - Lotto 43 Materiali medici - Lotto 44 Materiali medici - Lotto 45 Materiali medici - Lotto 46 Materiali medici - Lotto 47 Materiali medici - Lotto 48 Materiali medici - Lotto 49 Materiali medici - Lotto 50 Materiali medici - Lotto 51 Materiali medici - Lotto 52 Materiali medici - Lotto 53 Materiali medici - Lotto 54 Materiali medici - Lotto 55 Materiali medici - Lotto 56 Materiali medici - Lotto 57 Materiali medici - Lotto 58 Materiali medici - Lotto 59 Materiali medici - Lotto 60 Materiali medici - Lotto 61 Materiali medici - Lotto 62 Materiali medici - Lotto 63 Materiali medici - Lotto 64 Materiali medici - Lotto 65 Materiali medici - Lotto 66 Materiali medici - Lotto 67 Materiali medici - Lotto 68 Materiali medici - Lotto 69 Materiali medici - Lotto 70 Materiali medici - Lotto 71 Materiali medici - Lotto 72 Materiali medici - Lotto 73 Materiali medici - Lotto 74 Materiali medici - Lotto 75 Materiali medici - Lotto 76 Materiali medici - Lotto 77 Materiali medici - Lotto 78 Materiali medici - Lotto 79 Materiali medici - Lotto 80 Materiali medici - Lotto 81 Materiali medici - Lotto 82 Materiali medici - Lotto 83 Materiali medici - Lotto 84 Materiali medici - Lotto 85 Materiali medici - Lotto 86 Materiali medici - Lotto 87 Materiali medici - Lotto 88 Materiali medici - Lotto 89 Materiali medici - Lotto 90 Materiali medici - Lotto 91 Materiali medici - Lotto 92 Materiali medici - Lotto 93 Materiali medici - Lotto 94 Materiali medici - Lotto 95 Materiali medici - Lotto 96 Materiali medici - Lotto 97 Materiali medici - Lotto 98 Materiali medici - Lotto 99 Materiali medici - Lotto 101 Materiali medici - Lotto 101 Materiali medici - Lotto 102 Materiali medici - Lotto 103 Materiali medici - Lotto 104 Materiali medici - Lotto 105 Materiali medici - Lotto 106 Materiali medici - Lotto 107 Materiali medici - Lotto 108 Materiali medici - Lotto 109 Materiali medici - Lotto 110 Materiali medici - Lotto 111 Materiali medici - Lotto 112 Materiali medici - Lotto 113 Materiali medici - Lotto 114 Materiali medici - Lotto 115 Materiali medici - Lotto 116 Materiali medici - Lotto 117 Materiali medici - Lotto 118 Materiali medici - Lotto 119 Materiali medici - Lotto 120 Materiali medici - Lotto 121 Materiali medici - Lotto 122 Materiali medici - Lotto 123 Materiali medici - Lotto 124 Materiali medici - Lotto 125 Materiali medici - Lotto 126 Materiali medici - Lotto 127 Materiali medici - Lotto 128 Materiali medici - Lotto 129 Materiali medici - Lotto 130 Materiali medici - Lotto 131 Materiali medici - Lotto 132 Materiali medici - Lotto 133 Materiali medici - Lotto 134 Materiali medici - Lotto 135 Materiali medici - Lotto 136 Materiali medici - Lotto 137 Materiali medici - Lotto 138 Materiali medici - Lotto 139 Materiali medici - Lotto 140 Materiali medici - Lotto 141 Materiali medici - Lotto 142 Materiali medici - Lotto 143 Materiali medici - Lotto 144 Materiali medici - L,Grande Ospedale Metropolitano Bianchi Melacrino Morelli
Poland – Medical equipments,2026-03-26,POL,,https://ted.europa.eu/en/notice/-/detail/235079-2026,235079-2026,33100000|33100000|33100000|33100000|33100000|33100000|33100000|33100000|33100000|33100000|33100000|33100000|33100000|33100000,"1. Cewnik do CTO 2. Cewnik balonowy 0,035 3. Cewnik balonowy 0,018 Opis zgodny ze szczegółowym opisem przedmiotu zamowienia 1. Obwodowe odczepialne spirale embolizacyjne 2. Odczepialne spirale obwodowe przeznaczone do żylnej i tętniczej embolizacji 3. Mikrocewnik infuzyjny 4. Plug 5. Pętla Opis zgodny ze szczegółowym opisem przedmiotu zamowienia Do pakietu nr 2 obowiązuje umowa BANK WYROBÓW MEDYCZNYCH Siatka przepuklinowa - 3 pozycje Opis zgodny ze szczegółowym opisem przedmiotu zamowienia 1. Prowadnik specjalistyczny 0,018” 2. Prowadnik specjalistyczny 0,014” 3. Cewnik balonowy do tętnic podudzia kompatybilny z prowadnikiem 0,018” 4. Cewnik balonowy - szyja 5. Cewnik balonowy do dużych naczyń Opis zgodny ze szczegółowym opisem przedmiotu zamowienia 1. Stent samorozprężalny pokrywany lekiem 2. Stent rozprężany na balonie obwodowy 3. Stent rozprężalny na balonie do tętnic nerkowych 4. Stent szyjny 5. Prowadnik z filtrem do neuroprotekcji 6. Stent samorozprężalny do tętnicy udowej powierzchownej 7. Stent samorozprężalny obwodowy Opis zgodny ze szczegółowym opisem przedmiotu zamowienia Do pakietu nr 5 obowiązuje umowa BANK WYROBÓW MEDYCZNYCH 1, Jałowy łącznik bezigłowy lub 1. Zastawka bezigłowa lub 1. Zastawka bezigłowa Opis zgodny ze szczegółowym opisem przedmiotu zamowienia Szwy niewchłanialne - 5 pozycji Opis zgodny ze szczegółowym opisem przedmiotu zamowienia Maska krtaniowa jednorazowego użytku Opis zgodny ze szczegółowym opisem przedmiotu zamowienia Mechaniczny cewnik do trombektomii „4 w 1“ Mechaniczny cewnik do trombektomii „3 w 1“ Opis zgodny ze szczegółowym opisem przedmiotu zamowienia Do pakietu nr 9 obowiązuje umowa BANK WYROBÓW MEDYCZNYCH 1. Zestaw przyłączy do nebulizatora, przeznaczony do pracy z pacjentami wentylowanymi nieinwazyjnie przez maskę 2. Membrana do nebulizatora Opis zgodny ze szczegółowym opisem przedmiotu zamowienia 1. Stapler liniowy zamykająco-tnący 2. Stapler liniowy zamykająco-tnący 3. Ładunki do jednorazowego staplera liniowego zamykająco-tnącego Opis zgodny ze szczegółowym opisem przedmiotu zamowienia 1. Dren miękki z trokarem tępyi piersiowej 2. Dren miękki z trokarem ostrym do drenażu klatki piersiowej ""trójgraniec"" Opis zgodny ze szczegółowym opisem przedmiotu zamowienia 1. Dren do kapnografi długość 180 cm 2. Dren do kapnografi długość 300 cm Opis zgodny ze szczegółowym opisem przedmiotu zamowienia",UNIWERSYTECKI SZPITAL KLINICZNY W POZNANIU
Czechia – Operating-theatre lamps,2026-05-05,CZE,,https://ted.europa.eu/en/notice/-/detail/235374-2026,235374-2026,31524110|50421000|33195100|31524110|50421000,Předmětem plnění této veřejné zakázky je dodávka operačních světel (dále a výše jen „přístroj“) včetně příslušenství pro potřeby Motolského onkologického centra FNMH.,Fakultní nemocnice v Motole
Poland – Medical equipments,2026-05-08,POL,,https://ted.europa.eu/en/notice/-/detail/235421-2026,235421-2026,33100000|33192000|39512000|33190000|33190000|33190000|33190000|33190000|33100000|33100000|33100000|33100000|33100000|33100000|33100000|33100000|33190000|33100000|33100000|33100000|33100000|33100000|33100000|33100000|33100000|39512000|33192000|33192000|33190000,"Zadanie nr 1 – Wózek inwalidzki, fotel, Waga medyczna oraz wózek toaletowy Zadanie nr 2 – Wózki do transportu pacjenta Zadanie nr 3 – Kozetki Zadanie nr 4 – Wózek oddziałowy oraz taboret Zadanie nr 5 – Aparat do ACT Zadanie nr 6 – Parawany sufitowe, myjka oraz regał Zadanie nr 7 – Kardiomonitory oraz centrala Zadanie nr 8 – Monitor funkcji życiowych oraz pulsoksymetr Zadanie nr 9 – System do kompresji klatki piersiowej oraz wideolaryngoskop Zadanie nr 10 – Głowica do aparatu USG Zadanie nr 11 – Echokardiograf Zadanie nr 12 – Aparat USG przenośny oraz echokardiograf Zadanie nr 13 – Łóżka + materac wraz z szafkami przyłóżkowymi Zadanie nr 14 – Cieplarka do leków i płynów medycznych Zadanie nr 15 – Zestaw narzędzi Zadanie nr 16 – Aparat EKG z wózkiem i kompletnym wyposażeniem Zadanie nr 17 – Stymulator zewnętrzny jednokanałowy Zadanie nr 18 – Urządzenie i system do testów wysiłkowych Zadanie nr 19 – Automatyczna strzykawka do podawania kontrastu Zadanie nr 20 – Myjnia endoskopowa Zadanie nr 21 – Kable do elektroterapii Zadanie nr 22 – Zestaw poduszka i kołdra Zadanie nr 23 – Szafa medyczna na głowice Zadanie nr 24 – Meble medyczne",Samodzielny Publiczny Zespół Zakładów Opieki Zdrowotnej Powiatowy Szpital Specjalistyczny w Stalowej Woli
"North Macedonia – Endoscopy, endosurgery devices",2026-05-04,MKD,,https://ted.europa.eu/en/notice/-/detail/235614-2026,235614-2026,33168000|33168000,medicinski potrošni materijal za endoskopiju i ehotomografiju,JZU Univerzitetska klinika za gastroenterohepatologiju
Belgium – Disposable non-chemical medical consumables and haematological consumables,2026-04-24,BEL,,https://ted.europa.eu/en/notice/-/detail/235737-2026,235737-2026,33141000|33141000|33141000|33141000|33141000|33141000|33141000|33141000|33141000|33141000|33141000|33141000|33141000|33141000|33141000|33141000|33141000|33141000,Sutures chirurgicales non résorbable multifilament en soie serties Sutures chirurgicales non résorbable multifilament en soie serties Sutures chirurgicales non résorbable multifilament en soie serties Sutures chirurgicales non résorbable multifilament en soie serties Sutures chirurgicales non résorbable multifilament en soie serties Sutures chirurgicales non résorbable multifilament en soie serties Sutures chirurgicales non résorbable multifilament en soie serties Sutures chirurgicales non résorbable multifilament en soie serties Sutures chirurgicales non résorbable multifilament en soie serties Sutures chirurgicales non résorbable multifilament en soie serties Sutures chirurgicales non résorbable multifilament en soie serties Sutures chirurgicales non résorbable multifilament en soie serties Sutures chirurgicales non résorbable multifilament en soie serties Sutures chirurgicales non résorbable multifilament en soie serties Sutures chirurgicales non résorbable multifilament en soie serties Sutures chirurgicales non résorbable multifilament en soie serties Sutures chirurgicales non résorbable multifilament en soie serties,Vivalia
Germany – Splints,2026-04-20,DEU,,https://ted.europa.eu/en/notice/-/detail/235924-2026,235924-2026,33141760|34941200|34947100|33141760|34941200|34947100,Für die Erneuerung der Stadtbahnzentralwerkstatt der VGF werden verschiedene Vignol- und Rillengleise sowie Weichen benötigt. Die Ausschreibung beinhaltet die Herstellung und Lieferung des Gleisbaumaterials für die neuen Streckenabschnitte der Stadtbahnzentralwerkstatt. Erstellen von Schienenteilungs- und Biegeplänen gemäß Leistungsverzeichnis. Erstellen von Konstruktionszeichnungen gemäß Leistungsverzeichnis. Unterstützung der Gleisbaufirma bei der Montage.,Stadtwerke Verkehrsgesellschaft Frankfurt am Main mbH (VGF)
Poland – Test tubes,2026-05-11,POL,,https://ted.europa.eu/en/notice/-/detail/235987-2026,235987-2026,33192500|38437000|38437000|38437000|33192500|33192500|38000000|33793000|38000000|38900000|38900000|38900000|38000000|38000000|33793000|33793000|38000000|33192500|33192500|38437000,Zakup i dostawa laboratoryjnych akcesoriów do pipet oraz pipet wskazanego producenta opisanych w Załączniku nr 5 do SWZ - Część I zamówienia. Zakup i dostawa jednorazowych akcesoriów do pipet wskazanego producenta opisanych w Załączniku nr 5 do SWZ - Część II zamówienia. Zakup i dostawa probówek i akcesoriów do pipet wskazanego producenta opisanych w Załączniku nr 5 do SWZ - Część III zamówienia. Zakup i dostawa probówek laboratoryjnych wskazanego producenta opisanych w Załączniku nr 5 do SWZ - Część IV zamówienia. Zakup i dostawa szklanych probówek laboratoryjnych wskazanego producenta opisanych w Załączniku nr 5 do SWZ - Część V zamówienia.. Zakup i dostawa filtrów i płytek laboratoryjnych wskazanego producenta opisanych w Załączniku nr 5 do SWZ - Część VI zamówienia. Zakup i dostawa akcesoriów i materiałów laboratoryjnych wskazanego producenta opisanych w Załączniku nr 5 do SWZ - Część VII zamówienia. Zakup i dostawa materiałów laboratoryjnych i środków do dezynfekcji wskazanego producenta opisanych w Załączniku nr 5 do SWZ - Część VIII zamówienia.. Zakup i dostawa testów paskowych do analizy moczu wskazanego producenta opisanych w Załączniku nr 5 do SWZ - Część IX zamówienia. Zakup i dostawa pasków laboratoryjnych do oznaczania erytropoetyny wskazanego producenta opisanych w Załączniku nr 5 do SWZ - Część X zamówienia. Zakup i dostawa filtrów do systemu oczyszczania wody wskazanego producenta opisanych w Załączniku nr 5 do SWZ - Część XI zamówienia. Zakup i dostawa kolumn do HPLC wskazanego producenta opisanych w Załączniku nr 5 do SWZ - Część XII zamówienia. Zakup i dostawa materiałów laboratoryjnych wskazanewgo producenta opisanych w Załączniku nr 5 do SWZ - Część XIII zamówienia. Zakup i dostawa szkła laboratoryjnego wskazanego producenta opisanych w Załączniku nr 5 do SWZ - Część XIV zamówienia. Zakup i dostawa dozowników butelkowych wskazanego producenta opisanych w Załączniku nr 5 do SWZ - Część XV zamówienia. Zakup i dostawa bibuły filtracyjnej wskazanego producenta opisanych w Załączniku nr 5 do SWZ - Część XVI zamówienia. Zakup i dostawa probówek do PCR wskazanego producenta opisanych w Załączniku nr 5 do SWZ - Część XVII zamówienia. Zakup i dostawa probówek wirówkowych wskazanego producenta opisanych w Załączniku nr 5 do SWZ - Część XVIII zamówienia. Zakup i dostawa pipet automatycznych wskazanego producenta opisanych w Załączniku nr 5 do SWZ - Część XIX zamówienia.,Polskie Laboratorium Antydopingowe
"Czechia – Sterilisation, disinfection and hygiene devices",2026-05-04,CZE,,https://ted.europa.eu/en/notice/-/detail/236188-2026,236188-2026,33191000|33168000|50421000|33191000|33168000|33168000|33191000|50421000|50421000|50421000|50421000,"Předmětem plnění této veřejné zakázky je dodávka dezinfektorů endoskopů prokládacích. Součástí předmětu plnění je dále: (i.)Instalace přístroje a jeho uvedení do provozu včetně ověření jeho funkčnosti, provedení všech předepsaných zkoušek a testů.(ii.)Instruktáž/proškolení zdravotnického personálu prováděné osobou k tomu pověřenou dle § 41 zákona č. 375/2022 Sb., o zdravotnických prostředcích a diagnostických zdravotnických prostředcích in vitro (dále jen „zákon č. 375/2022 Sb.“). (iii.)Záruční a pozáruční servis přístroje, který bude provádět osoba k této činnosti pověřená, a to na základě certifikátu výrobce o proškolení servisního technika dle § 44–46 zákona č. 375/2022 Sb. Předmětem plnění této veřejné zakázky je sušicích skříní neprokládacích. Součástí předmětu plnění je dále: (i.)Instalace přístroje a jeho uvedení do provozu včetně ověření jeho funkčnosti, provedení všech předepsaných zkoušek a testů.(ii.)Instruktáž/proškolení zdravotnického personálu prováděné osobou k tomu pověřenou dle § 41 zákona č. 375/2022 Sb., o zdravotnických prostředcích a diagnostických zdravotnických prostředcích in vitro (dále jen „zákon č. 375/2022 Sb.“). (iii.)Záruční a pozáruční servis přístroje, který bude provádět osoba k této činnosti pověřená, a to na základě certifikátu výrobce o proškolení servisního technika dle § 44–46 zákona č. 375/2022 Sb. Předmětem plnění této veřejné zakázky je dodávka sušicích skříní prokládacích. Součástí předmětu plnění je dále: (i.)Instalace přístroje a jeho uvedení do provozu včetně ověření jeho funkčnosti, provedení všech předepsaných zkoušek a testů.(ii.)Instruktáž/proškolení zdravotnického personálu prováděné osobou k tomu pověřenou dle § 41 zákona č. 375/2022 Sb., o zdravotnických prostředcích a diagnostických zdravotnických prostředcích in vitro (dále jen „zákon č. 375/2022 Sb.“). (iii.)Záruční a pozáruční servis přístroje, který bude provádět osoba k této činnosti pověřená, a to na základě certifikátu výrobce o proškolení servisního technika dle § 44–46 zákona č. 375/2022 Sb. Předmětem plnění této veřejné zakázky je dodávka dezinfektorů endoskopů neprokládacích. Součástí předmětu plnění je dále: (i.)Instalace přístroje a jeho uvedení do provozu včetně ověření jeho funkčnosti, provedení všech předepsaných zkoušek a testů.(ii.)Instruktáž/proškolení zdravotnického personálu prováděné osobou k tomu pověřenou dle § 41 zákona č. 375/2022 Sb., o zdravotnických prostředcích a diagnostických zdravotnických prostředcích in vitro (dále jen „zákon č. 375/2022 Sb.“). (iii.)Záruční a pozáruční servis přístroje, který bude provádět osoba k této činnosti pověřená, a to na základě certifikátu výrobce o proškolení servisního technika dle § 44–46 zákona č. 375/2022 Sb.",Fakultní nemocnice Motol a Homolka
Belgium – Magnetic resonance imaging equipment,2026-04-20,BEL,,https://ted.europa.eu/en/notice/-/detail/236190-2026,236190-2026,33113000|33100000|33113000,"Objet des fournitures : Fourniture, installation et maintenance d'une IRM 3T pour le service de radiologie des CUSL, et les travaux préalable à l’installation. Commentaire : Le présent marché public se rapporte à la fourniture et l'installation d'un appareil d'imagerie par Résonance magnétique (IRM) pour les besoins du service de radiologie de l'Hôpital des Cliniques Universitaires Saint-Luc ainsi que la maintenance nécessaire à son utilisation durant 10 ans, et les travaux préalable à l’installation. Le présent marché public est conclu pour une durée de 10 ans à partir de la notification du marché.",Cliniques universitaires Saint Luc
Romania – Operating-theatre instruments,,ROU,,https://ted.europa.eu/en/notice/-/detail/236209-2026,236209-2026,33162200|33162200|33162200|33162200|33162200|33162200|33162200|33162200|33162200|33162200|33162200,"Cantitate = 6 buc. Valoarea estimata contract = 496,260.00 lei fara TVA/ lot. Cantitate = 6 buc. Valoarea estimata contract = 240,000.00 lei fara TVA/ lot. Cantitate = 1 buc. Valoarea estimata contract = 40,000.00 lei fara TVA/ lot. Cantitate = 1 buc. Valoarea estimata contract = 40,000.00 lei fara TVA/ lot. Cantitate = 1 buc. Valoarea estimata contract = 30,000.00 lei fara TVA/ lot. Cantitate = 1 buc. Valoarea estimata contract = 60,000.00 lei fara TVA/ lot. Cantitate = 1 buc. Valoarea estimata contract = 40,000.00 lei fara TVA/ lot. Cantitate = 1 buc. Valoarea estimata contract = 25,000.00 lei fara TVA/ lot. Cantitate = 1 buc. Valoarea estimata contract = 30,000.00 lei fara TVA/ lot. Cantitate = 1 buc. Valoarea estimata contract = 30,000.00 lei fara TVA/ lot.","SPITALUL CLINIC JUDETEAN DE URGENTA ""SFANTUL IOAN CEL NOU"" SUCEAVA"
Sweden – Miscellaneous medical devices and products,2026-05-09,SWE,,https://ted.europa.eu/en/notice/-/detail/236250-2026,236250-2026,33190000|33190000,Formalindoseringsssytem med utrustningsspecifika varor och tjänster,"Akutsjukhusnämnden, Södersjukhuset"
Malta – Angioplasty supplies,2026-05-11,MLT,,https://ted.europa.eu/en/notice/-/detail/236425-2026,236425-2026,33111730|33111730|33111730,CT2042/2026 - FRAMEWORK CONTRACT FOR THE SUPPLY OF ARTERIAL PUNCTURE SEALING DEVICES CT2042/2026 - FRAMEWORK CONTRACT FOR THE SUPPLY OF ARTERIAL PUNCTURE SEALING DEVICES,Department of Contracts
Croatia – Medical consumables,2026-04-13,HRV,,https://ted.europa.eu/en/notice/-/detail/236426-2026,236426-2026,33140000|33140000|33140000|33140000|33140000|33140000|33140000|33140000|33140000|33140000|33140000|33140000|33140000|33140000|33140000|33140000|33140000|33140000|33140000|33140000|33140000|33140000|33140000|33140000|33140000|33140000|33140000|33140000|33140000|33140000|33140000|33140000|33140000|33140000|33140000|33140000|33140000|33140000|33140000|33140000|33140000|33140000|33140000|33140000|33140000|33140000|33140000|33140000|33140000|33140000|33140000|33140000|33140000|33140000|33140000|33140000,"Kateteri, drenovi, sonde i kanile za zdravstvene ustanove u Republici Hrvatskoj. Kateteri, drenovi, sonde i kanile za zdravstvene ustanove u Republici Hrvatskoj. Kateteri, drenovi, sonde i kanile za zdravstvene ustanove u Republici Hrvatskoj. Kateteri, drenovi, sonde i kanile za zdravstvene ustanove u Republici Hrvatskoj. Kateteri, drenovi, sonde i kanile za zdravstvene ustanove u Republici Hrvatskoj. Kateteri, drenovi, sonde i kanile za zdravstvene ustanove u Republici Hrvatskoj. Kateteri, drenovi, sonde i kanile za zdravstvene ustanove u Republici Hrvatskoj. Kateteri, drenovi, sonde i kanile za zdravstvene ustanove u Republici Hrvatskoj. Kateteri, drenovi, sonde i kanile za zdravstvene ustanove u Republici Hrvatskoj. Kateteri, drenovi, sonde i kanile za zdravstvene ustanove u Republici Hrvatskoj. Kateteri, drenovi, sonde i kanile za zdravstvene ustanove u Republici Hrvatskoj. Kateteri, drenovi, sonde i kanile za zdravstvene ustanove u Republici Hrvatskoj. Kateteri, drenovi, sonde i kanile za zdravstvene ustanove u Republici Hrvatskoj. Kateteri, drenovi, sonde i kanile za zdravstvene ustanove u Republici Hrvatskoj. Kateteri, drenovi, sonde i kanile za zdravstvene ustanove u Republici Hrvatskoj. Kateteri, drenovi, sonde i kanile za zdravstvene ustanove u Republici Hrvatskoj. Kateteri, drenovi, sonde i kanile za zdravstvene ustanove u Republici Hrvatskoj. Kateteri, drenovi, sonde i kanile za zdravstvene ustanove u Republici Hrvatskoj. Kateteri, drenovi, sonde i kanile za zdravstvene ustanove u Republici Hrvatskoj. Kateteri, drenovi, sonde i kanile za zdravstvene ustanove u Republici Hrvatskoj. Kateteri, drenovi, sonde i kanile za zdravstvene ustanove u Republici Hrvatskoj. Kateteri, drenovi, sonde i kanile za zdravstvene ustanove u Republici Hrvatskoj. Kateteri, drenovi, sonde i kanile za zdravstvene ustanove u Republici Hrvatskoj. Kateteri, drenovi, sonde i kanile za zdravstvene ustanove u Republici Hrvatskoj. Kateteri, drenovi, sonde i kanile za zdravstvene ustanove u Republici Hrvatskoj. Kateteri, drenovi, sonde i kanile za zdravstvene ustanove u Republici Hrvatskoj. Kateteri, drenovi, sonde i kanile za zdravstvene ustanove u Republici Hrvatskoj. Kateteri, drenovi, sonde i kanile za zdravstvene ustanove u Republici Hrvatskoj. Kateteri, drenovi, sonde i kanile za zdravstvene ustanove u Republici Hrvatskoj. Kateteri, drenovi, sonde i kanile za zdravstvene ustanove u Republici Hrvatskoj. Kateteri, drenovi, sonde i kanile za zdravstvene ustanove u Republici Hrvatskoj. Kateteri, drenovi, sonde i kanile za zdravstvene ustanove u Republici Hrvatskoj. Kateteri, drenovi, sonde i kanile za zdravstvene ustanove u Republici Hrvatskoj. Kateteri, drenovi, sonde i kanile za zdravstvene ustanove u Republici Hrvatskoj. Kateteri, drenovi, sonde i kanile za zdravstvene ustanove u Republici Hrvatskoj. Kateteri, drenovi, sonde i kanile za zdravstvene ustanove u Republici Hrvatskoj. Kateteri, drenovi, sonde i kanile za zdravstvene ustanove u Republici Hrvatskoj. Kateteri, drenovi, sonde i kanile za zdravstvene ustanove u Republici Hrvatskoj. Kateteri, drenovi, sonde i kanile za zdravstvene ustanove u Republici Hrvatskoj. Kateteri, drenovi, sonde i kanile za zdravstvene ustanove u Republici Hrvatskoj. Kateteri, drenovi, sonde i kanile za zdravstvene ustanove u Republici Hrvatskoj. Kateteri, drenovi, sonde i kanile za zdravstvene ustanove u Republici Hrvatskoj. Kateteri, drenovi, sonde i kanile za zdravstvene ustanove u Republici Hrvatskoj. Kateteri, drenovi, sonde i kanile za zdravstvene ustanove u Republici Hrvatskoj. Kateteri, drenovi, sonde i kanile za zdravstvene ustanove u Republici Hrvatskoj. Kateteri, drenovi, sonde i kanile za zdravstvene ustanove u Republici Hrvatskoj. Kateteri, drenovi, sonde i kanile za zdravstvene ustanove u Republici Hrvatskoj. Kateteri, drenovi, sonde i kanile za zdravstvene ustanove u Republici Hrvatskoj. Kateteri, drenovi, sonde i kanile za zdravstvene ustanove u Republici Hrvatskoj. Kateteri, drenovi, sonde i kani",Klinički bolnički centar Osijek
Poland – Medical equipments,2026-04-22,POL,,https://ted.europa.eu/en/notice/-/detail/236563-2026,236563-2026,33100000|33121500|33123200|33182100|33195000|33157000|33124130|33124120|33100000|33100000|33100000|33100000|33100000|33100000|33100000|33100000|33121500|33123210|33182100|33182100|33123200|33195000|33195000|33157000|33124120,Kompletny system do całodobowego monitorowania EKG oraz ambulatoryjnego monitorowania ciśnienia tętniczego: 1.1 Holter EKG wraz z niezbędnym oprogramowaniem i stacją roboczą – 22 sztuki; 1.2 Holter RR (ABPM) – 22 sztuki Defibrylator dwufazowy do użytku wewnątrzszpitalnego – 2 sztuki Defibrylator półautomatyczny AED – 3 sztuki Elektrokardiograf – 10 sztuk Pulsoksymetr transportowy – 13 sztuk Kardiomonitor na wózku jezdnym – 10 sztuk Respirator przenośny – 1 sztuka Aparat USG kardiologiczny – 1 sztuka,Wojewódzki Szpital Specjalistyczny im. J. Gromkowskiego
Poland – Medical consumables,2026-05-12,POL,,https://ted.europa.eu/en/notice/-/detail/236737-2026,236737-2026,33140000|33141110|33141116|33140000|33140000|33140000|33140000|33140000|33140000|33140000|33140000|33140000|33141110|33141116|33141110|33141116|33141110|33141116|33141110|33141116|33141110|33141116|33141110|33141116|33141110|33141116|33141110|33141116|33141110|33141116,Pakiet nr 1 – Setony jałowe Pakiet nr 2 – Opatrunek z bandażem do kompresoterapii Pakiet nr 3 – Plaster hypoalergiczny z opatrunkiem z folii Pakiet nr 4 – Plaster tkaninowy Pakiet nr 5 – Kompres zimno-ciepły Pakiet nr 6 – Opaska gipsowa Pakiet nr 7 – Tupferty w postaci groszków i fasolek Pakiet nr 8 – Zestaw do operacji żylaków kończyn dolnych Pakiet nr 9 – Zestaw do cewnikowania,Samodzielny Publiczny Szpital Kliniczny im. A.Mielęckiego Śląskiego Uniwersytetu Medycznego w Katowicach
Italy – Miscellaneous medical devices and products,,ITA,,https://ted.europa.eu/en/notice/-/detail/236761-2026,236761-2026,33190000|33190000,"L'ASUIT (Azienda sanitaria universitaria integrata del Trentino) ha la necessità di dotarsi di dispositivi medici per cardiochirurgia come descritto nell'allegato ""Lotti - DM cardiochirurgia"".",Azienda sanitaria universitaria integrata del Trentino
Czechia – Medical furniture,2029-06-30,CZE,,https://ted.europa.eu/en/notice/-/detail/237052-2026,237052-2026,33192000|33192100|33192120|33192130|39143112|39143123|33196000|33947000|33192000|33192100|33192120|33192130|39143112|39143123|33196000|33947000,"Předmětem plnění DNS a následně zadávaných veřejných zakázek v rámci DNS a veřejných zakázek na základě uzavřené rámcové dohody v rámci DNS budou dodávky nemocničních a pečovatelských lůžek, matrací, nočních nebo jídelních stolků a evakuačních podložek, dle potřeb pověřujících zadavatelů.","CEJIZA, s.r.o."
Romania – Stimulator,,ROU,,https://ted.europa.eu/en/notice/-/detail/237138-2026,237138-2026,33158210|33158210|33140000|33141121|33140000|33140000|33140000|33140000|33140000|33140000|33140000|33140000|33140000|33140000|33194120|33140000|33140000|33140000|24322500|33140000|33140000|33140000|33140000|33140000|33751000,"Cantitate minima-maxima acord cadru / contract subsecvent = conform cantitailor din caietul de sarcini. Valoarea minima - maxima estimata acord-cadru, lei fara TVA/ lot= 1,135,920,00 - 2,271,840.00 lei. Valoare maxima estimata contract subsecvent,lei fara TVA/lot- 161,280.00 lei. Cantitate minima-maxima acord cadru = 360 - 720 buc. Valoarea minima - maxima estimata acord-cadru, lei fara TVA/ lot= 8,640.00 - 17,280.00 lei. Cantitate minima - maxima contract subsecvent = 15 - 45 buc. Valoare maxima estimata contract subsecvent,lei fara TVA/lot- 1,080.00 lei. Cantitate minima-maxima acord cadru / contract subsecvent = conform cantitailor din caietul de sarcini. Valoarea minima - maxima estimata acord-cadru, lei fara TVA/ lot= 86,976.00 - 173,952.00 lei. Valoare maxima estimata contract subsecvent,lei fara TVA/lot- 10,872.00 lei. Cantitate minima-maxima acord cadru = 528 - 1,056 set. Valoarea minima - maxima estimata acord-cadru, lei fara TVA/ lot= 23,760.00 - 47,520.00 lei. Cantitate minima - maxima contract subsecvent = 22 - 66 set. Valoare maxima estimata contract subsecvent,lei fara TVA/lot- 2,970.00 lei. Cantitate minima-maxima acord cadru = 480 - 960 buc. Valoarea minima - maxima estimata acord-cadru, lei fara TVA/ lot= 8,688.00 - 17,376.00 lei. Cantitate minima - maxima contract subsecvent = 20 - 60 buc. Valoare maxima estimata contract subsecvent,lei fara TVA/lot- 1,086.00 lei. Cantitate minima-maxima acord cadru = 720 - 750 buc. Valoarea minima - maxima estimata acord-cadru, lei fara TVA/ lot=86,400.00 - 90,000.00 lei. Cantitate minima - maxima contract subsecvent = 30 - 180 buc. Valoare maxima estimata contract subsecvent,lei fara TVA/lot- 21,600.00 lei. Cantitate minima-maxima acord cadru = 168 - 175 buc. Valoarea minima - maxima estimata acord-cadru, lei fara TVA/ lot= 146,986.56 - 153,111.00 lei. Cantitate minima - maxima contract subsecvent = 7 - 42 buc. Valoare maxima estimata contract subsecvent,lei fara TVA/lot- 36,746.64lei. Cantitate minima-maxima acord cadru = 720 - 750 buc. Valoarea minima - maxima estimata acord-cadru, lei fara TVA/ lot= 17,640.00 - 18,375.00 lei. Cantitate minima - maxima contract subsecvent = 30 - 180 buc. Valoare maxima estimata contract subsecvent,lei fara TVA/lot- 4,410.00 lei. Cantitate minima-maxima acord cadru = 288 - 300 buc. Valoarea minima - maxima estimata acord-cadru, lei fara TVA/ lot= 99,360.00 - 103,500.00 lei. Cantitate minima - maxima contract subsecvent = 12 - 72 buc. Valoare maxima estimata contract subsecvent,lei fara TVA/lot- 24,840.00 lei. Cantitate minima-maxima acord cadru = 8,400 - 8,750 pachete. Valoarea minima - maxima estimata acord-cadru, lei fara TVA/ lot= 4,032,000.00 - 4,200,000.00 lei. Cantitate minima - maxima contract subsecvent = 350 - 2,100 pachete. Valoare maxima estimata contract subsecvent,lei fara TVA/lot- 1,008,000.00 lei. Cantitate minima-maxima acord cadru = 12,000 - 12,500 buc. Valoarea minima - maxima estimata acord-cadru, lei fara TVA/ lot= 552,000.00 - 575,000.00 lei. Cantitate minima - maxima contract subsecvent = 500 - 3,000 buc. Valoare maxima estimata contract subsecvent,lei fara TVA/lot- 138,000.00 lei. Cantitate minima-maxima acord cadru = 24 - 25 kit*2 buc. Valoarea minima - maxima estimata acord-cadru, lei fara TVA/ lot= 5,280.00 - 5,500.00 lei. Cantitate minima - maxima contract subsecvent = 1 - 6 kit*2 buc. Valoare maxima estimata contract subsecvent,lei fara TVA/lot- 1,320.00 lei. Cantitate minima-maxima acord cadru = 240 - 250 buc. Valoarea minima - maxima estimata acord-cadru, lei fara TVA/ lot= 92,400.00 - 96,250.00 lei. Cantitate minima - maxima contract subsecvent = 10 - 60 buc. Valoare maxima estimata contract subsecvent,lei fara TVA/lot- 23,100.00 lei. Cantitate minima-maxima acord cadru = 6,000 - 6,250 buc. Valoarea minima - maxima estimata acord-cadru, lei fara TVA/ lot= 124,860.00 - 130,062.50 lei. Cantitate minima - maxima contract subsecvent = 250 - 1,500 buc. Valoare maxima estimata contract subsecvent,lei fara TVA/lot- ","SPITALUL CLINIC JUDETEAN DE URGENTA""SFANTUL IOAN CEL NOU""SUCEAVA"
Croatia – Medical consumables,2026-05-11,HRV,,https://ted.europa.eu/en/notice/-/detail/237141-2026,237141-2026,33140000|33140000|33140000|33140000|33140000|33140000|33140000|33140000|33140000|33140000|33140000|33140000|33140000|33140000|33140000|33140000|33140000|33140000|33140000|33140000|33140000|33140000|33140000|33140000|33140000|33140000,"Medicinski potrošni materijal za jednokratnu upotrebu (koji nije obuhvaćen ZN) - A - 12. dio, za potrebe Opće bolnice Zadar. Opis se nalazi u specifikaciji predmeta nabave - Troškovniku Medicinski potrošni materijal za jednokratnu upotrebu (koji nije obuhvaćen ZN) - A - 12. dio, za potrebe Opće bolnice Zadar. Opis se nalazi u specifikaciji predmeta nabave - Troškovniku Medicinski potrošni materijal za jednokratnu upotrebu (koji nije obuhvaćen ZN) - A - 12. dio, za potrebe Opće bolnice Zadar. Opis se nalazi u specifikaciji predmeta nabave - Troškovniku Medicinski potrošni materijal za jednokratnu upotrebu (koji nije obuhvaćen ZN) - A - 12. dio, za potrebe Opće bolnice Zadar. Opis se nalazi u specifikaciji predmeta nabave - Troškovniku Medicinski potrošni materijal za jednokratnu upotrebu (koji nije obuhvaćen ZN) - A - 12. dio, za potrebe Opće bolnice Zadar. Opis se nalazi u specifikaciji predmeta nabave - Troškovniku Medicinski potrošni materijal za jednokratnu upotrebu (koji nije obuhvaćen ZN) - A - 12. dio, za potrebe Opće bolnice Zadar. Opis se nalazi u specifikaciji predmeta nabave - Troškovniku Medicinski potrošni materijal za jednokratnu upotrebu (koji nije obuhvaćen ZN) - A - 12. dio, za potrebe Opće bolnice Zadar. Opis se nalazi u specifikaciji predmeta nabave - Troškovniku Medicinski potrošni materijal za jednokratnu upotrebu (koji nije obuhvaćen ZN) - A - 12. dio, za potrebe Opće bolnice Zadar. Opis se nalazi u specifikaciji predmeta nabave - Troškovniku Medicinski potrošni materijal za jednokratnu upotrebu (koji nije obuhvaćen ZN) - A - 12. dio, za potrebe Opće bolnice Zadar. Opis se nalazi u specifikaciji predmeta nabave - Troškovniku Medicinski potrošni materijal za jednokratnu upotrebu (koji nije obuhvaćen ZN) - A - 12. dio, za potrebe Opće bolnice Zadar. Opis se nalazi u specifikaciji predmeta nabave - Troškovniku Medicinski potrošni materijal za jednokratnu upotrebu (koji nije obuhvaćen ZN) - A - 12. dio, za potrebe Opće bolnice Zadar. Opis se nalazi u specifikaciji predmeta nabave - Troškovniku Medicinski potrošni materijal za jednokratnu upotrebu (koji nije obuhvaćen ZN) - A - 12. dio, za potrebe Opće bolnice Zadar. Opis se nalazi u specifikaciji predmeta nabave - Troškovniku Medicinski potrošni materijal za jednokratnu upotrebu (koji nije obuhvaćen ZN) - A - 12. dio, za potrebe Opće bolnice Zadar. Opis se nalazi u specifikaciji predmeta nabave - Troškovniku Medicinski potrošni materijal za jednokratnu upotrebu (koji nije obuhvaćen ZN) - A - 12. dio, za potrebe Opće bolnice Zadar. Opis se nalazi u specifikaciji predmeta nabave - Troškovniku Medicinski potrošni materijal za jednokratnu upotrebu (koji nije obuhvaćen ZN) - A - 12. dio, za potrebe Opće bolnice Zadar. Opis se nalazi u specifikaciji predmeta nabave - Troškovniku Medicinski potrošni materijal za jednokratnu upotrebu (koji nije obuhvaćen ZN) - A - 12. dio, za potrebe Opće bolnice Zadar. Opis se nalazi u specifikaciji predmeta nabave - Troškovniku Medicinski potrošni materijal za jednokratnu upotrebu (koji nije obuhvaćen ZN) - A - 12. dio, za potrebe Opće bolnice Zadar. Opis se nalazi u specifikaciji predmeta nabave - Troškovniku Medicinski potrošni materijal za jednokratnu upotrebu (koji nije obuhvaćen ZN) - A - 12. dio, za potrebe Opće bolnice Zadar. Opis se nalazi u specifikaciji predmeta nabave - Troškovniku Medicinski potrošni materijal za jednokratnu upotrebu (koji nije obuhvaćen ZN) - A - 12. dio, za potrebe Opće bolnice Zadar. Opis se nalazi u specifikaciji predmeta nabave - Troškovniku Medicinski potrošni materijal za jednokratnu upotrebu (koji nije obuhvaćen ZN) - A - 12. dio, za potrebe Opće bolnice Zadar. Opis se nalazi u specifikaciji predmeta nabave - Troškovniku Medicinski potrošni materijal za jednokratnu upotrebu (koji nije obuhvaćen ZN) - A - 12. dio, za potrebe Opće bolnice Zadar. Opis se nalazi u specifikaciji predmeta nabave - Troškovniku Medicinski potrošni materijal za jednokratnu upotrebu (koji nije obuhvaćen ZN) - A - 12. dio, ",OPĆA BOLNICA ZADAR
Bulgaria – Medical equipments,2026-05-12,BGR,,https://ted.europa.eu/en/notice/-/detail/237198-2026,237198-2026,33100000|33100000,"Поръчката включва доставка на един брой медицински апарат – автоматичен тъканен процесор (хистокинет) за нуждите на Отделение по клинична патология. В Приложение 1 към Техническата спецификация, са посочени наименование, задължителни работни характеристики и функционални изисквания, на които трябва да отговаря апарата. Предметът на обществената поръчка, включва изпълнението на следните дейности: Доставка на нов медицински апарат – автоматичен тъканен процесор (хистокинет) в оригинална опаковка до 30 /тридесет/ календарни дни, считано от датата на подписване на договора, до мястото на доставка; Монтаж, диагностика, настройка и въвеждане в експлоатация до 3 /три/ календарни дни след доставката; Oбучение на персонала на Възложителя за работа с доставената Медицинска апаратура е до 3 (три) календарни дни, считано от въвеждането й в експлоатация; Пълна гаранция за срока на договора, включително еднократна годишна профилактика и отстраняване на дефекти, проявили се в рамките на гаранционния срок - Изпълнителят отстранява със свои сили и средства всички Несъответствия на Медицинската апаратура, съответно подменя дефектирали части и/или компоненти с нови, съгласно гаранционните условия и Техническото предложение на Изпълнителя.",СПЕЦИАЛИЗИРАНА БОЛНИЦА ЗА АКТИВНО ЛЕЧЕНИЕ НА ОНКОЛОГИЧНИ ЗАБОЛЯВАНИЯ Д-Р МАРКО АНТОНОВ МАРКОВ-ВАРНА ЕООД
Spain – Medical equipments,2026-05-12,ESP,,https://ted.europa.eu/en/notice/-/detail/237568-2026,237568-2026,33100000|33100000,"Expediente de contratación mediante procedimiento armonizado y tramitación ordinaria, para el suministro y adecuación de espacios de un equipo de tomografía computarizada (TC) con conteo de fotones y tecnología cuántica, junto con la garantía asociada, así como las obras de adecuación e instalación necesarias, con destino a la plataforma de imagen médica del Instituto de Investigación Biomédica de Girona. El suministro del equipo de tomografía computarizada (TC) con conteo de fotones y tecnología cuántica, para la plataforma de imagen médica del Instituto de Investigación Biomédica de Girona, está “FINANCIADO POR EL MINISTERIO DE CIENCIA, INNOVACIÓN Y UNIVERSIDADES, LA AGENCIA ESTATAL DE INVESTIGACIÓN Y POR LA UNIÓN EUROPEA (MICIU/AEI/10.13039/501100011033/UE/FEDER), CON NÚMERO DE REFERENCIA DEL PROYECTO DE INVESTIGACIÓN EQC2024-008973-P, AYUDAS PARA LA ADQUISICIÓN DE EQUIPAMIENTO CIENTÍFICO-TÉCNICO.”",Fundació Institut d'Investigació Biomèdica de Girona Dr. Josep Trueta
"Czechia – Endoscopy, endosurgery devices",2026-05-04,CZE,,https://ted.europa.eu/en/notice/-/detail/237614-2026,237614-2026,33168000|33168100|33162100|33168000|50421000|33168000|33168000|33162100|33168100|50421000|50421000|50421000,"Předmětem plnění této veřejné zakázky je dodávka endoskopického vybavení bronchoskopie včetně příslušenství pro potřeby Motolského onkologického centra FNMH. Součástí předmětu plnění je dále: (i.) Instalace přístroje a jeho uvedení do provozu včetně ověření jeho funkčnosti, provedení všech předepsaných zkoušek a testů. (ii.) Instruktáž/proškolení zdravotnického personálu prováděné osobou k tomu pověřenou dle § 41 zákona č. 375/2022 Sb., o zdravotnických prostředcích a diagnostických zdravotnických prostředcích in vitro (dále jen „zákon č. 375/2022 Sb.“). (iii.) Záruční a pozáruční servis přístroje, který bude provádět osoba k této činnosti pověřená, a to na základě certifikátu výrobce o proškolení servisního technika dle § 44–46 zákona č. 375/2022 Sb. Předmětem plnění této veřejné zakázky je dodávka endoskopického vybavení bronchoskopie včetně příslušenství pro potřeby Motolského onkologického centra FNMH. Součástí předmětu plnění je dále: (i.) Instalace přístroje a jeho uvedení do provozu včetně ověření jeho funkčnosti, provedení všech předepsaných zkoušek a testů. (ii.) Instruktáž/proškolení zdravotnického personálu prováděné osobou k tomu pověřenou dle § 41 zákona č. 375/2022 Sb., o zdravotnických prostředcích a diagnostických zdravotnických prostředcích in vitro (dále jen „zákon č. 375/2022 Sb.“). (iii.) Záruční a pozáruční servis přístroje, který bude provádět osoba k této činnosti pověřená, a to na základě certifikátu výrobce o proškolení servisního technika dle § 44–46 zákona č. 375/2022 Sb. Předmětem plnění této veřejné zakázky je dodávka endoskopického vybavení bronchoskopie včetně příslušenství pro potřeby Motolského onkologického centra FNMH. Součástí předmětu plnění je dále: (i.) Instalace přístroje a jeho uvedení do provozu včetně ověření jeho funkčnosti, provedení všech předepsaných zkoušek a testů. (ii.) Instruktáž/proškolení zdravotnického personálu prováděné osobou k tomu pověřenou dle § 41 zákona č. 375/2022 Sb., o zdravotnických prostředcích a diagnostických zdravotnických prostředcích in vitro (dále jen „zákon č. 375/2022 Sb.“). (iii.) Záruční a pozáruční servis přístroje, který bude provádět osoba k této činnosti pověřená, a to na základě certifikátu výrobce o proškolení servisního technika dle § 44–46 zákona č. 375/2022 Sb.",Fakultní nemocnice Motol a Homolka
Spain – Anaesthesia and resuscitation devices,2026-04-24,ESP,,https://ted.europa.eu/en/notice/-/detail/237629-2026,237629-2026,33172000|33172000,Suministro de 8 sistemas de anestesia para el servicio de Anestesia del Hospital Universitario de Navarra,Servicio Navarro de Salud/Osasunbidea
France – Medical equipments,2026-05-29,FRA,,https://ted.europa.eu/en/notice/-/detail/237702-2026,237702-2026,33100000|15880000|33140000|33100000|33100000|33192000|15880000|33140000|33140000|15880000|33140000,ACHAT OU LOCATION DE MATERIEL FORFAIT GLOBAL PAR RESIDENT,GCSMS DU COEUR D'HERAULT
France – Floor-maintenance machines,2026-05-11,FRA,,https://ted.europa.eu/en/notice/-/detail/237799-2026,237799-2026,39713400|39713400|39713400|39713400|39713400|39713400|39713400|39713400|39713400|39713400|39713400|39713400|39713410|33191000|33191000|39713430|39224300|39224300|39224300|39713430|39713430|39713430,MACHINE DE NETTOYAGE MÉCANISÉ DES SOLS&amp;lt;br/&amp;gt; GENERATEUR VAPEUR POUR DESINFECTION&amp;lt;br/&amp;gt; APPAREILS DE BIO-DÉSINFECTION ET DE DÉSINSECTISATION AUTOMATISÉS&amp;lt;br/&amp;gt; ASPIRATEURS&amp;lt;br/&amp;gt; CHARIOTS DE MENAGE&amp;lt;br/&amp;gt; BALAIS PROFESSIONNELS&amp;lt;br/&amp;gt; CHARIOTS DE MENAGE - BLOC OPERATOIRE&amp;lt;br/&amp;gt; ASPIRATEUR A EAU&amp;lt;br/&amp;gt; ASPIRATEUR SANS SAC ET SANS FIL&amp;lt;br/&amp;gt; NETTOYEUR DETACHEUR&amp;lt;br/&amp;gt;,Centre Hospitalier Tarbes - Lourdes
Slovenia – Medical aids,2026-04-14,SVN,,https://ted.europa.eu/en/notice/-/detail/237892-2026,237892-2026,33196000|33196000,Rezervni deli in pribor za medicinske aparate - ponovitev,UNIVERZITETNI KLINIČNI CENTER MARIBOR
Czechia – Infusion supplies,2026-04-22,CZE,,https://ted.europa.eu/en/notice/-/detail/238171-2026,238171-2026,33194120|33140000|33194120|33194120|33140000|33140000,"Předmětem části 1 veřejné zakázky jsou pravidelné dodávky hadiček s bezjehlovým vstupem (dále také jako „zboží“) probíhající po dobu dvou (2) let ode dne nabytí účinnosti kupní smlouvy. Zboží bude dodáváno formou „balíků“ se závozem na centrální sklad SZM+MTZ v nemocnici Liberec a na sklad SZM v nemocnici Turnov. Cca od 4Q 2026 bude zboží zaváženo také na sklad SZM zřízený v nemocnici Česká Lípa. Dodávky budou uskutečňovány vždy na základě souhrnné objednávky za jednotlivá oddělení zadavatele 1x týdně, ve specifikaci a množství dle aktuální potřeby zadavatele. Předmětem části 2 veřejné zakázky jsou pravidelné dodávky bezjehlových konektorů (dále také jako „zboží“) probíhající po dobu dvou (2) let ode dne nabytí účinnosti kupní smlouvy. Zboží bude dodáváno formou „balíků“ se závozem na centrální sklad SZM+MTZ v nemocnici Liberec a na sklad SZM v nemocnici Turnov. Cca od 4Q 2026 bude zboží zaváženo také na sklad SZM zřízený v nemocnici Česká Lípa. Dodávky budou uskutečňovány vždy na základě souhrnné objednávky za jednotlivá oddělení zadavatele 1x týdně, ve specifikaci a množství dle aktuální potřeby zadavatele.","Krajská nemocnice Liberec, a.s."
Germany – Operating-theatre devices,2026-04-20,DEU,,https://ted.europa.eu/en/notice/-/detail/238277-2026,238277-2026,33162100|33162100,"32 Stk. Deckenversorgungseinheiten (DVE) - 30 Stk. Deckenversorgungseinheiten für den OP-Bereich im Haus 60a (kein Austausch im Saal 8) - 2 Stk. Bereich URO- Röntgen Die vorhandene DVE sollen demontiert und ausgetauscht werden. Die Demontage und Neumontage der Einheiten darf max. 70 Werktage umfassen. Der Austausch muss zwingend 2026 beendet sein. Pro OP- und Funktionsbereich URO- Röntgen ist ein Austausch innerhalb von 2 - 2,5 Werktagen mit Übergabe und Abnahme geplant, ggf. individuelle Anpassung. Die DVE sollen als Ersatz und ohne notwendige größere Baumaßnahmen vor der Einbringung beschafft und vorab geliefert werden. Eine Adaptierung an die vorhandene Unterkonstruktion muss erfolgen und die bestehenden Lochkreise müssen genutzt werden. Aus Kapazitätsgründen ist eine Erweiterung der Medienversorgung (SV, BSV) derzeit nicht möglich. Eine spätere Erweiterung muss jedoch möglich sein. Notwendige Trockenbau- und Malerarbeiten in unmittelbarer Nähe der Montagekonstruktion müssen im Angebot berücksichtigt und enthalten sein.",Universitätsklinikum Magdeburg A.ö.R.
Czechia – Medical consumables,2026-05-11,CZE,,https://ted.europa.eu/en/notice/-/detail/238349-2026,238349-2026,33140000|33140000,"Předmětem této veřejné zakázky je zajištění průběžných dodávek jednorázových nádob na nebezpečný odpad - ostré předměty v příloze č. 2 – Technická specifikace této zadávací dokumentace po dobu účinnosti rámcové dohody (36 měsíců), včetně jejich závozu v rámci všech odštěpných závodů zadavatele.","Krajská zdravotní, a.s."
Spain – Cardiac valve,2026-04-22,ESP,,https://ted.europa.eu/en/notice/-/detail/238403-2026,238403-2026,33182220|33182220|33182220|33182220|33182220|33182220|33182220|33182220,LOTE 1-VÁLVULA PERCUTÁNEA AÓRTICA AUTOEXPANDIBLE CON VÁLVULA SUPRAANULAR CON CELDAS PARA ACCESO CORONARIO LOTE 2-VÁLVULA AÓRTICA PERCUTÁNEA EXPANDIBLE POR BALÓN CON CELDA HEXAGONAL LOTE 3-VÁLVULA AÓRTICA PERCUTÁNEA CON STENT AUTOEXPANDIBLE CON VALVULA ANULAR LOTE 4-VÁLVULA AÓRTICA PERCUTÁNEA BALÓN-EXPANDIBLE CON CELDA OCTOGONAL LOTE 5-VÁLVULA AÓRTICA PERCUTÁNEA AUTOEXPANDIBLE SUPRAANULAR CON FALDÓN INTERNO Y TRATAMIENTO ANTICALCIFICACIÓN LOTE 6-VÁLVULA AÓRTICA PERCUTÁNEA AUTOEXPANDIBLE SUPRAANULAR CON MARCAS RADIOPACAS EN ANILLO LOTE 7-VÁLVULA AÓRTICA PERCUTÁNEA AUTOEXPANDIBLE SUPRAANULAR CCON SISTEMA DE LIBERACIÓN MOTORIZADO,SERVICIO NAVARRO DE SALUD-OSASUNBIDEA
Sweden – Dental X-ray,2026-05-07,SWE,,https://ted.europa.eu/en/notice/-/detail/238475-2026,238475-2026,33111500|33000000|33110000|33111500|33000000|33110000,Upphandlingen avser inköp av digitala röntgensensorer för Folktandvården i Blekinge.,Region Blekinge
Poland – Medical equipments,2026-04-20,POL,,https://ted.europa.eu/en/notice/-/detail/238481-2026,238481-2026,33100000|33192120|33123200|31524110|35113420|33123210|33111000|33182100|33192200|33161000|33192000|33192120|33192120|33192120|33100000|33100000|33100000|33100000|33100000|33100000|33100000|33100000|33100000|33100000|33100000|33100000|33100000,Łóżko szpitalne z materacem i szafką przyłóżkową 14szt. Łóżko szpitalne z materacem i szafką przyłóżkową 4szt. Łóżko szpitalne z wagą i materacem przeciwodleżynowym i szafką przyłóżkową 6szt. Wózek do przewożenia chorych 1szt. Lampa operacyjna dwuczaszowa - 1szt. Fartuchy i osłony do ciała przed promieniowaniem RTG - 8szt. Skaner do lokalizowania żył - 1szt. Wózki dla pacjentów siedzących – 2 szt. Mobilny aparat RTG z ramieniem C - 1szt. Respirator mobilny - 1szt. Defibrylatory - 3szt. System monitorowania. Stół zabiegowy i osłona RTG 1szt. Wielofunkcyjny stymulator - 1szt. Generator elektrochirurgiczny z nożami plazmowymi - 1szt. Szafka oszklona medyczna - 2szt.,Wojewódzki Szpital Podkarpacki im. Jana Pawła II w Krośnie
Finland – Medical equipments,2029-08-14,FIN,,https://ted.europa.eu/en/notice/-/detail/238502-2026,238502-2026,33100000|33696500|38000000|33100000|33696500|38000000,"HUS-yhtymä perustaa dynaamisen hankintajärjestelmän (jäljempänä myös DPS) PCR- ja nukleiinihappodiagnostiikkaan soveltuvien laitteiden, reagenssien, testikittien, tarvikkeiden ja kontrollien hankkimiseen. Hankittavat tuotteet määritellään tarkemmin kussakin dynaamisen hankintajärjestelmän sisäisessä kilpailutuksessa. Pyydämme osallistumishakemuksia tähän dynaamiseen hankintajärjestelmään. Järjestelmästä hankitaan erilaisia tuotteita pääsääntöisesti laboratorioiden käyttöön. Hankittaviin tuoteryhmiin kuuluu muun muassa PCR- ja nukleiinihappodiagnostiikkaan soveltuvat: - laitteet - laitteiden tarvikkeet - laitteissa käytettävät testikasetit / testikitit - reagenssit - reaktioseokset (esim. master mix) - tarvikkeet - kontrollit HUSin tavoitteena on hankkia joustavalla ja yksinkertaisella menettelyllä tuotteita yksiköiden tarpeisiin. HUSissa tuotteita käyttävät ainakin HUS Diagnostiikkakeskus, mutta lisäksi myös muut HUS-yhtymän yksiköt pienemmissä määrin. HUSin lisäksi hankintajärjestelmän kautta kilpailutettavia tuotteita voidaan hankkia myös ISLAB-hyvinvointiyhtymän käyttöön. Tämä dynaaminen hankintajärjestelmä on voimassa 14.8.2029 saakka, ellei sitä erillisellä ilmoituksella lyhennetä tai pidennetä. HUS arvioi osallistumispyynnön julkaisuhetkellä, että dynaamisen hankintajärjestelmän sisällä julkaistaan vuosien 2025-2029 aikana 30 kilpailutusta. Määrä on alustava arvio, joka voi muuttua merkittävästi. HUS arvioi osallistumispyynnön julkaisuhetkellä dynaamisen hankintajärjestelmän koko keston kokonaisarvoksi enintään 20 000 000 euroa huomioiden kaikki järjestelmässä mahdollisesti tehdyt hankinnat. Arvio on alustava ja perustuu tällä hetkellä tiedossa olevaan hankintatarpeeseen. HUS ei sitoudu mihinkään hankintamääriin tai määräostovelvoitteisiin tällä ilmoituksella. Dynaamisen hankintajärjestelmään voi jättää osallistumishakemuksia koko sen keston ajan. Se on voimassa hankintailmoituksessa ilmoitettuun päivään asti, ellei sitä keskeytetä tai muuteta dynaamisen hankintajärjestelmän voimassaollessa. Dynaamiseen hankintajärjestelmään voi hakea tarjoajaksi, jos täyttää soveltuvuusvaatimukset, jotka on ilmoitettu ESPD-lomakkeella ja kohdassa Hankinnan kohteen kriteerit. Dynaamiseen hankintajärjestelmään otetaan mukaan kaikki soveltuvuusvaatimukset täyttävät ehdokkaat. Dynaaminen hankintajärjestelmä on kuvattu tarkemmin osallistumispyynnössä ja sen liitteissä. Varsinaiset hankinnat tehdään dynaamisen hankintajärjestelmän sisäisillä kilpailutuksilla, joissa kuvataan ja täsmennetään hankinnan kohde. Jokaisesta sisäisestä kilpailutuksesta solmitaan erillinen sopimus. Sopimuskausi määritellään sisäisessä kilpailutuksessa erikseen tapauskohtaisesti. Dynaamisen hankintajärjestelmän sisäisissä kilpailutuksissa voidaan hyödyntää sähköistä huutokauppaa. Mahdollinen sähköisen huutokaupan hyödyntäminen kuvataan erikseen kussakin sisäisessä kilpailutuksessa. Tämän osallistumispyynnön liitteenä ovat alustavat, DPS:n sisäisissä kilpailutuksissa hyödynnettävät sopimusehdot. Näistä sopimusehdoista voidaan kuitenkin poiketa hankintakohtaisesti, ja kutakin DPS:n sisäistä kilpailutusta koskevat lopulliset sopimusehdot on aina määritetty DPS:n sisäisen kilpailutuksen tarjouspyynnöllä ja sen liitteissä. IPI-ASETUKSEN JA TOIMENPITEEN SOVELTAMINEN Dynaamiseen hankintajärjestelmään sovelletaan Euroopan komission IPI-asetusta ja toimenpidettä (komission täytäntöönpanoasetus (EU) 2025/1197 2 artikla; Euroopan parlamentin ja neuvoston asetus (EU) 2022/1031, 8 artikla). IPI-toimenpiteen velvoittamana hankintayksikkö tulee sulkemaan pois hankintamenettelystä Kiinan kansantasavallasta peräisin olevat tarjoajat. Lisäksi hankintayksikkö tulee soveltamaan IPI-asetuksen 8. artiklan mukaisia, tarjouskilpailussa valittuja toimittajia koskevia velvoitteita, dynaamisen hankintajärjestelmän sisäisissä kilpailutuksissa, jos sisäisen kilpailutuksen ennakoitu arvo ylittää EU-kynnysarvon (IPI-asetus 6. artikla 5. kohta).",HUS-yhtymä
Czechia – Diagnostic agents,2026-05-11,CZE,,https://ted.europa.eu/en/notice/-/detail/238594-2026,238594-2026,33694000|33100000|33694000|33100000,"Předmětem veřejné zakázky jsou dodávky labochemikálií včetně výpůjčky analyzátoru pro analýzu trombofilních mutací v genech F2, F5 a MTHFR.",Fakultní nemocnice Brno
Sweden – Medical equipments,2026-05-07,SWE,,https://ted.europa.eu/en/notice/-/detail/238698-2026,238698-2026,33100000|33110000|33100000,Färg och monteringsmaskin för cytologi Färg och monteringsmaskin för cytologi,Region Västmanland
Finland – Medical equipments,2026-04-22,FIN,,https://ted.europa.eu/en/notice/-/detail/238719-2026,238719-2026,33100000|33100000,"Etelä-Savon hyvinvointialue pyytää tarjouksia kardiologisesta angiografialaitteistosta ohjelmistoineen, palveluineen ja tarvikkeineen tämän tarjouspyynnön ja sen liitteiden mukaisesti. Hankinnassa hankitaan uusi koronaariangiografialaitteisto Mikkelin keskussairaalaan. Uudella kardiologisella angiografialaitteistolla tulee pystyä tarjouspyynnössä vaaditulla tavalla tekemään sydämen alueen toimenpiteet ja tutkimukset. Hankittava laite sijoitetaan kuvantamisen tiloihin Mikkelin keskussairaalaan.",Etelä-Savon hyvinvointialue
Estonia – Syringes,2026-05-07,EST,,https://ted.europa.eu/en/notice/-/detail/238768-2026,238768-2026,33141310|33141320|33140000|33141310|33141310|33141310|33141310|33141310|33141310|33141310|33141310|33141310|33140000|33141310|33141320|33141320,Süstalde ja süstlanõelte ostmine vastavalt RHAD lisas I Tehniline kirjeldus-pakkumuse vorm kirjeldatule / Kõrvaldamise alused ja kvalifitseerimistingimused: Vaata hanke alusdokumentidest Süstalde ja süstlanõelte ostmine vastavalt RHAD lisas I Tehniline kirjeldus-pakkumuse vorm kirjeldatule / Kõrvaldamise alused ja kvalifitseerimistingimused: Vaata hanke alusdokumentidest Süstalde ja süstlanõelte ostmine vastavalt RHAD lisas I Tehniline kirjeldus-pakkumuse vorm kirjeldatule / Kõrvaldamise alused ja kvalifitseerimistingimused: Vaata hanke alusdokumentidest Süstalde ja süstlanõelte ostmine vastavalt RHAD lisas I Tehniline kirjeldus-pakkumuse vorm kirjeldatule / Kõrvaldamise alused ja kvalifitseerimistingimused: Vaata hanke alusdokumentidest Süstalde ja süstlanõelte ostmine vastavalt RHAD lisas I Tehniline kirjeldus-pakkumuse vorm kirjeldatule / Kõrvaldamise alused ja kvalifitseerimistingimused: Vaata hanke alusdokumentidest Süstalde ja süstlanõelte ostmine vastavalt RHAD lisas I Tehniline kirjeldus-pakkumuse vorm kirjeldatule / Kõrvaldamise alused ja kvalifitseerimistingimused: Vaata hanke alusdokumentidest Süstalde ja süstlanõelte ostmine vastavalt RHAD lisas I Tehniline kirjeldus-pakkumuse vorm kirjeldatule / Kõrvaldamise alused ja kvalifitseerimistingimused: Vaata hanke alusdokumentidest Süstalde ja süstlanõelte ostmine vastavalt RHAD lisas I Tehniline kirjeldus-pakkumuse vorm kirjeldatule / Kõrvaldamise alused ja kvalifitseerimistingimused: Vaata hanke alusdokumentidest Süstalde ja süstlanõelte ostmine vastavalt RHAD lisas I Tehniline kirjeldus-pakkumuse vorm kirjeldatule / Kõrvaldamise alused ja kvalifitseerimistingimused: Vaata hanke alusdokumentidest Süstalde ja süstlanõelte ostmine vastavalt RHAD lisas I Tehniline kirjeldus-pakkumuse vorm kirjeldatule / Kõrvaldamise alused ja kvalifitseerimistingimused: Vaata hanke alusdokumentidest Süstalde ja süstlanõelte ostmine vastavalt RHAD lisas I Tehniline kirjeldus-pakkumuse vorm kirjeldatule / Kõrvaldamise alused ja kvalifitseerimistingimused: Vaata hanke alusdokumentidest Süstalde ja süstlanõelte ostmine vastavalt RHAD lisas I Tehniline kirjeldus-pakkumuse vorm kirjeldatule / Kõrvaldamise alused ja kvalifitseerimistingimused: Vaata hanke alusdokumentidest Süstalde ja süstlanõelte ostmine vastavalt RHAD lisas I Tehniline kirjeldus-pakkumuse vorm kirjeldatule / Kõrvaldamise alused ja kvalifitseerimistingimused: Vaata hanke alusdokumentidest,Aktsiaselts Ida-Tallinna Keskhaigla
Estonia – Miscellaneous medical devices and products,2026-05-11,EST,,https://ted.europa.eu/en/notice/-/detail/239055-2026,239055-2026,33190000|33190000|33190000|33190000|33190000|33190000|33190000|33190000|33190000|33190000|33190000|33190000|33190000|33190000|33190000|33190000|33190000|33190000|33190000|33190000|33190000|33190000|33190000|33190000|33190000|33190000|33190000|33190000|33190000|33190000|33190000|33190000|33190000|33190000|33190000|33190000|33190000|33190000,Detailne tehniline kirjeldus on Lisas 1. / Kõrvaldamise alused ja kvalifitseerimistingimused: Vaata hanke alusdokumentidest Detailne tehniline kirjeldus on Lisas 1. / Kõrvaldamise alused ja kvalifitseerimistingimused: Vaata hanke alusdokumentidest Detailne tehniline kirjeldus on Lisas 1. / Kõrvaldamise alused ja kvalifitseerimistingimused: Vaata hanke alusdokumentidest Detailne tehniline kirjeldus on Lisas 1. / Kõrvaldamise alused ja kvalifitseerimistingimused: Vaata hanke alusdokumentidest Detailne tehniline kirjeldus on Lisas 1. / Kõrvaldamise alused ja kvalifitseerimistingimused: Vaata hanke alusdokumentidest Detailne tehniline kirjeldus on Lisas 1. / Kõrvaldamise alused ja kvalifitseerimistingimused: Vaata hanke alusdokumentidest Detailne tehniline kirjeldus on Lisas 1. / Kõrvaldamise alused ja kvalifitseerimistingimused: Vaata hanke alusdokumentidest Detailne tehniline kirjeldus on Lisas 1. / Kõrvaldamise alused ja kvalifitseerimistingimused: Vaata hanke alusdokumentidest Detailne tehniline kirjeldus on Lisas 1. / Kõrvaldamise alused ja kvalifitseerimistingimused: Vaata hanke alusdokumentidest Detailne tehniline kirjeldus on Lisas 1. / Kõrvaldamise alused ja kvalifitseerimistingimused: Vaata hanke alusdokumentidest Detailne tehniline kirjeldus on Lisas 1. / Kõrvaldamise alused ja kvalifitseerimistingimused: Vaata hanke alusdokumentidest Detailne tehniline kirjeldus on Lisas 1. / Kõrvaldamise alused ja kvalifitseerimistingimused: Vaata hanke alusdokumentidest Detailne tehniline kirjeldus on Lisas 1. / Kõrvaldamise alused ja kvalifitseerimistingimused: Vaata hanke alusdokumentidest Detailne tehniline kirjeldus on Lisas 1. / Kõrvaldamise alused ja kvalifitseerimistingimused: Vaata hanke alusdokumentidest Detailne tehniline kirjeldus on Lisas 1. / Kõrvaldamise alused ja kvalifitseerimistingimused: Vaata hanke alusdokumentidest Detailne tehniline kirjeldus on Lisas 1. / Kõrvaldamise alused ja kvalifitseerimistingimused: Vaata hanke alusdokumentidest Detailne tehniline kirjeldus on Lisas 1. / Kõrvaldamise alused ja kvalifitseerimistingimused: Vaata hanke alusdokumentidest Detailne tehniline kirjeldus on Lisas 1. / Kõrvaldamise alused ja kvalifitseerimistingimused: Vaata hanke alusdokumentidest Detailne tehniline kirjeldus on Lisas 1. / Kõrvaldamise alused ja kvalifitseerimistingimused: Vaata hanke alusdokumentidest Detailne tehniline kirjeldus on Lisas 1. / Kõrvaldamise alused ja kvalifitseerimistingimused: Vaata hanke alusdokumentidest Detailne tehniline kirjeldus on Lisas 1. / Kõrvaldamise alused ja kvalifitseerimistingimused: Vaata hanke alusdokumentidest Detailne tehniline kirjeldus on Lisas 1. / Kõrvaldamise alused ja kvalifitseerimistingimused: Vaata hanke alusdokumentidest Detailne tehniline kirjeldus on Lisas 1. / Kõrvaldamise alused ja kvalifitseerimistingimused: Vaata hanke alusdokumentidest Detailne tehniline kirjeldus on Lisas 1. / Kõrvaldamise alused ja kvalifitseerimistingimused: Vaata hanke alusdokumentidest Detailne tehniline kirjeldus on Lisas 1. / Kõrvaldamise alused ja kvalifitseerimistingimused: Vaata hanke alusdokumentidest Detailne tehniline kirjeldus on Lisas 1. / Kõrvaldamise alused ja kvalifitseerimistingimused: Vaata hanke alusdokumentidest Detailne tehniline kirjeldus on Lisas 1. / Kõrvaldamise alused ja kvalifitseerimistingimused: Vaata hanke alusdokumentidest Detailne tehniline kirjeldus on Lisas 1. / Kõrvaldamise alused ja kvalifitseerimistingimused: Vaata hanke alusdokumentidest Detailne tehniline kirjeldus on Lisas 1. / Kõrvaldamise alused ja kvalifitseerimistingimused: Vaata hanke alusdokumentidest Detailne tehniline kirjeldus on Lisas 1. / Kõrvaldamise alused ja kvalifitseerimistingimused: Vaata hanke alusdokumentidest Detailne tehniline kirjeldus on Lisas 1. / Kõrvaldamise alused ja kvalifitseerimistingimused: Vaata hanke alusdokumentidest Detailne tehniline kirjeldus on Lisas 1. / Kõrvaldamise alused ja kvalifitseerimistingimused: Vaata hanke alusdokumentidest Detailne tehniline kirjeldus on ,sihtasutus Tartu Ülikooli Kliinikum
Spain – Medical equipments,2026-05-06,ESP,,https://ted.europa.eu/en/notice/-/detail/239108-2026,239108-2026,33100000|33100000|33100000|33100000|33100000|33100000|33100000|33100000|33100000|33100000,Adquisición de mallas quirúrgicas implantables para el HCD Adquisición de mallas quirúrgicas implantables para el HCD Adquisición de mallas quirúrgicas implantables para el HCD Adquisición de mallas quirúrgicas implantables para el HCD Adquisición de mallas quirúrgicas implantables para el HCD Adquisición de mallas quirúrgicas implantables para el HCD Adquisición de mallas quirúrgicas implantables para el HCD Adquisición de mallas quirúrgicas implantables para el HCD Adquisición de mallas quirúrgicas implantables para el HCD,Inspección General de Sanidad de la Defensa
Austria – Construction work for buildings relating to health,,AUT,,https://ted.europa.eu/en/notice/-/detail/239142-2026,239142-2026,45215100|30000000|33100000|39000000|45215100|30000000|33100000|39000000,Errichtung eines Neubaus zur Unterbringung von 5 Psychiatrischen Stationen samt Nebenbereichen und Logistikbereich für die gesamte Psychiatrie des LKH Hall in Tirol.,Tirol Kliniken GmbH
Malta – X-ray devices,2026-05-08,MLT,,https://ted.europa.eu/en/notice/-/detail/239486-2026,239486-2026,33111000|33111000,SPD5/2026/012 - SUPPLIES – TENDER FOR THE SUPPLY AND DELIVERY OF FOUR (4) X-RAY MACHINES FOR THE COURT SERVICES AGENCY,Sectoral Procurement Directorate
Germany – Medical consumables,2026-04-23,DEU,,https://ted.europa.eu/en/notice/-/detail/239488-2026,239488-2026,33140000|33140000|33140000|33140000|33140000,"Lieferung von original Weinmann Verbrauchs-, Ersatz- und Zubehörartikeln für die Feuerwehr und den Rettungsdienst Lieferung von original Corpuls Verbrauchs-, Ersatz- und Zubehörartikeln für die Feuerwehr und den Rettungsdienst Lieferung von Einweghandschuhen für die Feuerwehr und den Rettungsdienst Lieferung von medizinischen Einwegdecken und Einmal-Vlieslaken für die Feuerwehr und den Rettungsdienst",Stadt Leverkusen - Fachbereich Recht und Vergabestelle
Estonia – Angiography room,2026-05-08,EST,,https://ted.europa.eu/en/notice/-/detail/239554-2026,239554-2026,33111700|33111710|33111700|33111700|33111710|33111710,Intrakraniaalsete arterite revaskulariseerimise seadmete ostmine vastavalt RHAD lisas I Tehniline kirjeldus-pakkumuse vorm kirjeldatule / Kõrvaldamise alused ja kvalifitseerimistingimused: Vaata hanke alusdokumentidest Intrakraniaalsete arterite neuromikrokateetrite ostmine vastavalt RHAD lisas I Tehniline kirjeldus-pakkumuse vorm kirjeldatule / Kõrvaldamise alused ja kvalifitseerimistingimused: Vaata hanke alusdokumentidest,Aktsiaselts Ida-Tallinna Keskhaigla
"Czechia – Echo, ultrasound and doppler imaging equipment",2026-05-11,CZE,,https://ted.europa.eu/en/notice/-/detail/239556-2026,239556-2026,33112000|50421000|33112000|33112000|33112000|33112000|50421000|50421000|50421000|50421000,"Předmětem plnění této veřejné zakázky je dodávka ultrazvuku pro KZM (dále a výše jen „přístroj“) včetně příslušenství pro potřeby Motolského onkologického centra FNMH. Součástí předmětu plnění je dále: (i.) Instalace přístroje a jeho uvedení do provozu včetně ověření jeho funkčnosti, provedení všech předepsaných zkoušek a testů. (ii.) Instruktáž/proškolení zdravotnického personálu prováděné osobou k tomu pověřenou dle § 41 zákona č. 375/2022 Sb., o zdravotnických prostředcích a diagnostických zdravotnických prostředcích in vitro (dále jen „zákon č. 375/2022 Sb.“). (iii.) Záruční a pozáruční servis přístroje, který bude provádět osoba k této činnosti pověřená, a to na základě certifikátu výrobce o proškolení servisního technika dle § 44–46 zákona č. 375/2022 Sb. Předmětem plnění této veřejné zakázky je dodávka ultrazvuku MAMO pro brachyterapii (dále a výše jen „přístroj“) včetně příslušenství pro potřeby Motolského onkologického centra FNMH. Součástí předmětu plnění je dále: (i.) Instalace přístroje a jeho uvedení do provozu včetně ověření jeho funkčnosti, provedení všech předepsaných zkoušek a testů. (ii.) Instruktáž/proškolení zdravotnického personálu prováděné osobou k tomu pověřenou dle § 41 zákona č. 375/2022 Sb., o zdravotnických prostředcích a diagnostických zdravotnických prostředcích in vitro (dále jen „zákon č. 375/2022 Sb.“). (iii.) Záruční a pozáruční servis přístroje, který bude provádět osoba k této činnosti pověřená, a to na základě certifikátu výrobce o proškolení servisního technika dle § 44–46 zákona č. 375/2022 Sb. Předmětem plnění této veřejné zakázky je dodávka ultrazvuku MAMO pro KZM (dále a výše jen „přístroj“) včetně příslušenství pro potřeby Motolského onkologického centra FNMH. Součástí předmětu plnění je dále: (i.) Instalace přístroje a jeho uvedení do provozu včetně ověření jeho funkčnosti, provedení všech předepsaných zkoušek a testů. (ii.) Instruktáž/proškolení zdravotnického personálu prováděné osobou k tomu pověřenou dle § 41 zákona č. 375/2022 Sb., o zdravotnických prostředcích a diagnostických zdravotnických prostředcích in vitro (dále jen „zákon č. 375/2022 Sb.“). (iii.) Záruční a pozáruční servis přístroje, který bude provádět osoba k této činnosti pověřená, a to na základě certifikátu výrobce o proškolení servisního technika dle § 44–46 zákona č. 375/2022 Sb. Předmětem plnění této veřejné zakázky je dodávka ultrazvuku pro KZM (dále a výše jen „přístroj“) včetně příslušenství pro potřeby Motolského onkologického centra FNMH. Součástí předmětu plnění je dále: (i.) Instalace přístroje a jeho uvedení do provozu včetně ověření jeho funkčnosti, provedení všech předepsaných zkoušek a testů. (ii.) Instruktáž/proškolení zdravotnického personálu prováděné osobou k tomu pověřenou dle § 41 zákona č. 375/2022 Sb., o zdravotnických prostředcích a diagnostických zdravotnických prostředcích in vitro (dále jen „zákon č. 375/2022 Sb.“). (iii.) Záruční a pozáruční servis přístroje, který bude provádět osoba k této činnosti pověřená, a to na základě certifikátu výrobce o proškolení servisního technika dle § 44–46 zákona č. 375/2022 Sb.",Fakultní nemocnice Motol a Homolka
Croatia – Medical consumables,2026-04-16,HRV,,https://ted.europa.eu/en/notice/-/detail/239593-2026,239593-2026,33140000|33140000|33140000|33140000|33140000|33140000|33140000,Razni sterilni i nesterilni potrošni materijal Razni sterilni i nesterilni potrošni materijal Razni sterilni i nesterilni potrošni materijal Razni sterilni i nesterilni potrošni materijal Razni sterilni i nesterilni potrošni materijal Razni sterilni i nesterilni potrošni materijal,Klinički bolnički centar Osijek
"Norway – Occupational clothing, special workwear and accessories",2026-05-08,NOR,,https://ted.europa.eu/en/notice/-/detail/239648-2026,239648-2026,18100000|18000000|18110000|18140000|18200000|18220000|18221000|18222000|18230000|18234000|18400000|18800000|18830000|18900000|18920000|18930000|33141623|18100000|18000000|18110000|18140000|18200000|18220000|18221000|18222000|18230000|18234000|18400000|18800000|18830000|18900000|18920000|18930000|33141623,"Akasia kirke og gravplass AS, as well as other companies in Akasiakonsernet (Akasia Holding AS), Akasia AS, Akasia Gravstell and Kokstaddalen 27 AS.) shall enter into a framework agreement with one tenderer for the delivery of work clothes and personal protective equipment. The tenderer shall offer a broad, uniform and quality assortment within the requested product categories, adapted to the Contracting Authority's various areas of activity and work assignments within the following disciplines and work areas: electro, joinery and carpentry work, masonry, construction operations, cleaning, site gardening, contractor services, wood care, crematorium services, funeral services and office employees.",AKASIA KIRKE OG GRAVPLASS AS
Romania – Medical furniture except beds and tables,,ROU,,https://ted.europa.eu/en/notice/-/detail/239670-2026,239670-2026,33192300|33192300|33192300|33192300|33100000|42931000|42931000|38437100|33194220|42999100|33162200|33100000|42999100,"Cantitate = 15 buc. Valoarea estimata contract = 60,000.00 lei fara TVA/ lot. Cantitate = 2 buc. Valoarea estimata contract = 31,400.00 lei fara TVA/ lot. Cantitate = 2 buc. Valoarea estimata contract = 96,000.00 lei fara TVA/ lot. Cantitate = 2 buc. Valoarea estimata contract = 31,920.00 lei fara TVA/ lot. Cantitate = 1 buc. Valoarea estimata contract = 4,000.00 lei fara TVA/ lot. Cantitate = 1 buc. Valoarea estimata contract = 4,000.00 lei fara TVA/ lot. Cantitate = 2 buc. Valoarea estimata contract = 11,000.00 lei fara TVA/ lot. Geantă transport probe sanguine omologată 10l/buc-ATI . Cantitate = 1 buc. Valoarea estimata contract = 5,500.00 lei fara TVA/ lot. Geantă transport probe sanguine omologată 16l/buc-ATI. Cantitate = 1 buc. Valoarea estimata contract = 5,500.00 lei fara TVA/ lot. Aspirator secreții/buc-ATI : Cantitate = 10 buc. Valoarea estimata contract = 111,700.00 lei fara TVA/ lot. Aspirator secreții portabil/buc-ATI : Cantitate = 5 buc. Valoarea estimata contract = 55,850.00 lei fara TVA/ lot. Trusă instrumentar clasic OG/buc -OG buc Cantitate = 3 buc. Valoarea estimata contract = 30,000,00 lei fara TVA/ lot. Trusă instrumentar histerectomie abdominală OG/buc -OG Cantitate = 1 buc. Valoarea estimata contract = 50,000,00 lei fara TVA/ lot. Trusă instrumentar histerectomie vaginală OG/buc -OG Cantitate = 1 buc. Valoarea estimata contract = 50,000,00 lei fara TVA/ lot. Cantitate = 1 buc. Valoarea estimata contract = 140,000.00 lei fara TVA/ lot. Cantitate = 1 buc. Valoarea estimata contract = 20,000.00 lei fara TVA/ lot.","SPITALUL CLINIC JUDETEAN DE URGENTA ""SFANTUL IOAN CEL NOU"" SUCEAVA"
Sweden – Medical equipments,,SWE,,https://ted.europa.eu/en/notice/-/detail/239783-2026,239783-2026,33100000|33100000|33100000|33100000,Extern Remiss: Elektromagnetiskt navigationssystem Önh- och plastikoperation Extern Remiss: Elektromagnetiskt navigationssystem Önh- och plastikoperation Extern Remiss: Elektromagnetiskt navigationssystem Önh- och plastikoperation,Region Uppsala
France – Artificial parts of the body,2026-05-04,FRA,,https://ted.europa.eu/en/notice/-/detail/239998-2026,239998-2026,33184000|33140000|33184000|33184000|33184000|33184000|33184000|33184000|33184000|33184000|33184000|33184000|33184000|33184000|33184000|33184000|33184000|33140000|33184000|33140000|33184000|33140000|33184000|33140000|33184000|33140000|33184000|33140000|33184000|33140000|33184000|33140000|33184000|33140000|33184000|33140000|33184000|33140000|33184000|33140000|33184000|33140000|33184000|33140000,"Implants d'ostéosynthèse cranio-maxillo-faciale avec mise à disposition de l'ancillaire pour :&amp;lt;br/&amp;gt; Plaque et vis pour chirurgie orthognathique et traumatologie&amp;lt;br/&amp;gt; Plaque et vis pour chirurgies orthognathique et réparatrice avec planification&amp;lt;br/&amp;gt; Plaque et feuille non résorbables pour plancher orbitaire avec mise à disposition de l'ancillaire&amp;lt;br/&amp;gt; Greffon en hydroxyapatite non résorbable sur mesure Indication : Comblement des défauts osseux&amp;lt;br/&amp;gt; Plaque et vis pour traction orthodontique avec mise à disposition de l'ancillaire&amp;lt;br/&amp;gt; Distracteurs alvéolaires, maxillaires et mandibulaires&amp;lt;br/&amp;gt; Distracteur transpalatin sur mesure&amp;lt;br/&amp;gt; Ciment de phosphate de calcium présenté sous forme de seringue Volume de 3 à 5 cc&amp;lt;br/&amp;gt; Prothèse totale standard de l'articulation temporo-mandibulaire&amp;lt;br/&amp;gt; Plaque et vis d'ostéosynthèse Indication : neurochirurgie&amp;lt;br/&amp;gt; Implant cranien sur mesure en PEEK pour reconstruction de voûte cranienne&amp;lt;br/&amp;gt; Implant sur mesure en fibre de verre et granulés de verre bio-actif Indication : Cranioplastie&amp;lt;br/&amp;gt; Distracteur cranio orbitaire Indication : Craniosténoses&amp;lt;br/&amp;gt;",HOPITAUX DE PROVENCE
"Sweden – Imaging equipment for medical, dental and veterinary use",2026-05-22,SWE,,https://ted.europa.eu/en/notice/-/detail/240365-2026,240365-2026,33110000|33110000,"Upphandling av mini C-, C- samt G-bågar för Region Västmanland och Region Sörmland.",Region Sörmland och Region Västmanland
Estonia – Disposable non-chemical medical consumables and haematological consumables,2026-04-17,EST,,https://ted.europa.eu/en/notice/-/detail/240453-2026,240453-2026,33141000|33141000|33141000|33141000|33141000|33141000|33141000|33141000|33141000|33141000|33141000|33141000|33141000|33141000|33141000|33141000|33141000|33141000|33141000|33141000|33141000,Detailne tehniline kirjeldus on leitav Lisast 1. / Kõrvaldamise alused ja kvalifitseerimistingimused: Vaata hanke alusdokumentidest Detailne tehniline kirjeldus on leitav Lisast 1. / Kõrvaldamise alused ja kvalifitseerimistingimused: Vaata hanke alusdokumentidest Detailne tehniline kirjeldus on leitav Lisast 1. / Kõrvaldamise alused ja kvalifitseerimistingimused: Vaata hanke alusdokumentidest Detailne tehniline kirjeldus on leitav Lisast 1. / Kõrvaldamise alused ja kvalifitseerimistingimused: Vaata hanke alusdokumentidest Detailne tehniline kirjeldus on leitav Lisast 1. / Kõrvaldamise alused ja kvalifitseerimistingimused: Vaata hanke alusdokumentidest Detailne tehniline kirjeldus on leitav Lisast 1. / Kõrvaldamise alused ja kvalifitseerimistingimused: Vaata hanke alusdokumentidest Detailne tehniline kirjeldus on leitav Lisast 1. / Kõrvaldamise alused ja kvalifitseerimistingimused: Vaata hanke alusdokumentidest Detailne tehniline kirjeldus on leitav Lisast 1. / Kõrvaldamise alused ja kvalifitseerimistingimused: Vaata hanke alusdokumentidest Detailne tehniline kirjeldus on leitav Lisast 1. / Kõrvaldamise alused ja kvalifitseerimistingimused: Vaata hanke alusdokumentidest Detailne tehniline kirjeldus on leitav Lisast 1. / Kõrvaldamise alused ja kvalifitseerimistingimused: Vaata hanke alusdokumentidest Detailne tehniline kirjeldus on leitav Lisast 1. / Kõrvaldamise alused ja kvalifitseerimistingimused: Vaata hanke alusdokumentidest Detailne tehniline kirjeldus on leitav Lisast 1. / Kõrvaldamise alused ja kvalifitseerimistingimused: Vaata hanke alusdokumentidest Detailne tehniline kirjeldus on leitav Lisast 1. / Kõrvaldamise alused ja kvalifitseerimistingimused: Vaata hanke alusdokumentidest Detailne tehniline kirjeldus on leitav Lisast 1. / Kõrvaldamise alused ja kvalifitseerimistingimused: Vaata hanke alusdokumentidest Detailne tehniline kirjeldus on leitav Lisast 1. / Kõrvaldamise alused ja kvalifitseerimistingimused: Vaata hanke alusdokumentidest Detailne tehniline kirjeldus on leitav Lisast 1. / Kõrvaldamise alused ja kvalifitseerimistingimused: Vaata hanke alusdokumentidest Detailne tehniline kirjeldus on leitav Lisast 1. / Kõrvaldamise alused ja kvalifitseerimistingimused: Vaata hanke alusdokumentidest Detailne tehniline kirjeldus on leitav Lisast 1. / Kõrvaldamise alused ja kvalifitseerimistingimused: Vaata hanke alusdokumentidest Detailne tehniline kirjeldus on leitav Lisast 1. / Kõrvaldamise alused ja kvalifitseerimistingimused: Vaata hanke alusdokumentidest Detailne tehniline kirjeldus on leitav Lisast 1. / Kõrvaldamise alused ja kvalifitseerimistingimused: Vaata hanke alusdokumentidest,sihtasutus Tartu Ülikooli Kliinikum
Poland – Orthopaedic implants,2026-05-12,POL,,https://ted.europa.eu/en/notice/-/detail/240677-2026,240677-2026,33183100|33183200|33183100|33183100|33183100|33183100|33183100|33183100|33183100|33183100|33183100|33183100|33183100|33183100|33183100|33183100|33183100|33183100|33183100|33183100|33183100|33183100|33183100|33183100|33183100|33183100|33183100|33183200|33183200|33183200|33183200|33183200|33183200|33183200|33183200|33183200|33183200|33183200|33183200|33183200|33183200|33183200|33183200|33183200|33183200|33183200|33183200|33183200|33183200|33183200|33183200|33183200,Szczegółowy opis przedmiotu zamówienia zwiera formularz stanowiący załącznik nr 1A do SWZ Szczegółowy opis przedmiotu zamówienia zwiera formularz stanowiący załącznik nr 1A do SWZ Szczegółowy opis przedmiotu zamówienia zwiera formularz stanowiący załącznik nr 1A do SWZ Szczegółowy opis przedmiotu zamówienia zwiera formularz stanowiący załącznik nr 1A do SWZ Szczegółowy opis przedmiotu zamówienia zwiera formularz stanowiący załącznik nr 1A do SWZ Szczegółowy opis przedmiotu zamówienia zwiera formularz stanowiący załącznik nr 1A do SWZ Szczegółowy opis przedmiotu zamówienia zwiera formularz stanowiący załącznik nr 1A do SWZ Szczegółowy opis przedmiotu zamówienia zwiera formularz stanowiący załącznik nr 1A do SWZ Szczegółowy opis przedmiotu zamówienia zwiera formularz stanowiący załącznik nr 1A do SWZ Szczegółowy opis przedmiotu zamówienia zwiera formularz stanowiący załącznik nr 1A do SWZ Szczegółowy opis przedmiotu zamówienia zwiera formularz stanowiący załącznik nr 1A do SWZ Szczegółowy opis przedmiotu zamówienia zwiera formularz stanowiący załącznik nr 1A do SWZ Szczegółowy opis przedmiotu zamówienia zwiera formularz stanowiący załącznik nr 1A do SWZ Szczegółowy opis przedmiotu zamówienia zwiera formularz stanowiący załącznik nr 1A do SWZ Szczegółowy opis przedmiotu zamówienia zwiera formularz stanowiący załącznik nr 1A do SWZ Szczegółowy opis przedmiotu zamówienia zwiera formularz stanowiący załącznik nr 1A do SWZ Szczegółowy opis przedmiotu zamówienia zwiera formularz stanowiący załącznik nr 1A do SWZ Szczegółowy opis przedmiotu zamówienia zwiera formularz stanowiący załącznik nr 1A do SWZ Szczegółowy opis przedmiotu zamówienia zwiera formularz stanowiący załącznik nr 1A do SWZ Szczegółowy opis przedmiotu zamówienia zwiera formularz stanowiący załącznik nr 1A do SWZ Szczegółowy opis przedmiotu zamówienia zwiera formularz stanowiący załącznik nr 1A do SWZ Szczegółowy opis przedmiotu zamówienia zwiera formularz stanowiący załącznik nr 1A do SWZ Szczegółowy opis przedmiotu zamówienia zwiera formularz stanowiący załącznik nr 1A do SWZ Szczegółowy opis przedmiotu zamówienia zwiera formularz stanowiący załącznik nr 1A do SWZ Szczegółowy opis przedmiotu zamówienia zwiera formularz stanowiący załącznik nr 1A do SWZ,Samodzielny Publiczny Szpital Kliniczny im. Prof. A. Grucy CMKP
France – Prosthodontic and relining products,2026-05-18,FRA,,https://ted.europa.eu/en/notice/-/detail/240730-2026,240730-2026,33138000|33138000,Fourniture de prothèses dentaires pour les établissements et structures associées du GHT44,Centre Hospitalier Universitaire de Nantes
Italy – Miscellaneous medical devices and products,2026-04-17,ITA,,https://ted.europa.eu/en/notice/-/detail/240945-2026,240945-2026,33190000|33182220|33182220|33182220|33182220|33182220|33182220|33182220|33182220|33182220|33182220|33182220|33182220|33182220|33182220|33182220|33182220|33182220|33182220|33182220|33182220|33182220|33182220|33182220|33182220,PROTESI VALVOLARE AORTICA MECCANICA PROTESI VALVOLARE AORTICA BIOLOGICA CON STENT PROTESI VALVOLARE AORTICA BIOLOGICA CON STENT ESPANSIBILE PROTESI VALVOLARE AORTICA BIOLOGICA SUTURELESS TUBO VALVOLATO AORTICO VALSALVA CON PROTESI MECCANICA RADICE AORTICA BIOLOGICA COMPLETA (BIOCONDOTTO) TUBO PROTESICO VASCOLARE LINEARE PER CHIRURGIA DELL’AORTA TORACICA TUBO PROTESICO VASCOLARE LINEARE VALSALVA PER CHIRURGIA DELLA RADICE AORTICA TUBO PROTESICO VASCOLARE LINEARE CON SINGOLA BRANCA ACCESSORIA TUBO PROTESICO VASCOLARE QUADRIFORCATO PER CHIRURGIA DELL’ARCO AORTICO STENT VASCOLARE NON RICOPERTO PER CHIRURGIA “OPEN” DELLA DISSEZIONE AORTICA PROTESI VASCOLARE IBRIDA MULTIFORCATA PROTESI MECCANICA MITRALICA PROTESI BIOLOGICA MITRALICA PROTESI BIOLOGICA PORCINA CON STENT MITREALICA BIOPROTESI MITRALICA ADATTA A FUTURO TRATTAMENTO TRANSCATETERE ANELLO MITRALICO A STABILITA' DI FORMA ANELLO MITRALICO A FLESSIBILITA' DI FORMA ANELLO MITRALICO PER PATOLOGIA ISCHEMICA ANELLO TRICUSPIDALICO FLESSIBILE TUBO VALVOLATO AORTICO VALSALVA CON VALVOLA BIOLOGICA PROTESI TRIFORCATA PROTESI VASCOLARE IBRIDA MULTIFORCATA adatta a anastomosi in zona 0 o 1,Azienda Sanitaria Locale Città di Torino
"Sweden – Medical equipments, pharmaceuticals and personal care products",2026-05-08,SWE,,https://ted.europa.eu/en/notice/-/detail/240947-2026,240947-2026,33000000|33000000|33196000,"Region Västernorrlands verksamhet Hjälpmedel Västernorrland har i avtal med länets kommuner i uppdrag att lagerhålla och distribuera hjälpmedel till brukare i eget boende. Denna upphandling avser upphandling av gånghjälpmedel, rollatorer, gåstolar och gåbord, enligt beskrivning i upphandlingsdokumenten.",Region Västernorrland
Sweden – Medical equipments,2026-05-19,SWE,,https://ted.europa.eu/en/notice/-/detail/240951-2026,240951-2026,33100000|33100000|33140000|33141110,"Region Halland och Hallands kommuner bjuder in att lämna anbud på samlat behov av pumpar och förbrukningsmaterial för undertrycksbehandling av sår. Verksamheten efterfrågar både köp och hyra av pump då verksamhetens behov är varierande, samt tillhörande förbrukningsmateria",REGION HALLAND
Spain – Medical equipments,,ESP,,https://ted.europa.eu/en/notice/-/detail/241028-2026,241028-2026,33100000|33100000,Suministro de un sistemas de resonancia magnética para el Área Sanitaria de A Coruña -Cee,SERGAS. Servicio Gallego de Salud. Dirección General de Recursos Económicos. Subdirección General de Inversiones
Czechia – Operating-theatre lamps,2026-05-11,CZE,,https://ted.europa.eu/en/notice/-/detail/241065-2026,241065-2026,31524110|50421000|33195100|31524110|50421000,Předmětem plnění této veřejné zakázky je dodávka operačních světel (dále a výše jen „přístroj“) včetně příslušenství pro potřeby Motolského onkologického centra FNMH.,Fakultní nemocnice v Motole
Germany – Splints,2026-05-05,DEU,,https://ted.europa.eu/en/notice/-/detail/241071-2026,241071-2026,33141760|34941200|34947100|33141760|34941200|34947100,Für die Erneuerung der Stadtbahnzentralwerkstatt der VGF werden verschiedene Vignol- und Rillengleise sowie Weichen benötigt. Die Ausschreibung beinhaltet die Herstellung und Lieferung des Gleisbaumaterials für die neuen Streckenabschnitte der Stadtbahnzentralwerkstatt. Erstellen von Schienenteilungs- und Biegeplänen gemäß Leistungsverzeichnis. Erstellen von Konstruktionszeichnungen gemäß Leistungsverzeichnis. Unterstützung der Gleisbaufirma bei der Montage.,Stadtwerke Verkehrsgesellschaft Frankfurt am Main mbH (VGF)
Czechia – Steriliser,2026-04-29,CZE,,https://ted.europa.eu/en/notice/-/detail/241307-2026,241307-2026,33191100|50421000|33191100|38000000|33191000|50421000|50421000|50421000,Předmětem plnění této veřejné zakázky je dodávka operačních světel (dále a výše jen „přístroj“) včetně příslušenství pro potřeby Motolského onkologického centra FNMH. Předmětem plnění této veřejné zakázky je dodávka operačních světel (dále a výše jen „přístroj“) včetně příslušenství pro potřeby Motolského onkologického centra FNMH. Předmětem plnění této veřejné zakázky je dodávka operačních světel (dále a výše jen „přístroj“) včetně příslušenství pro potřeby Motolského onkologického centra FNMH.,Fakultní nemocnice v Motole
Spain – Medical consumables,,ESP,,https://ted.europa.eu/en/notice/-/detail/241401-2026,241401-2026,33140000|33140000,Suministro de packs desechables para técnica intravítrea,Gerencia del Área Sanitaria IV del Servicio de Salud del Principado de Asturias
Croatia – Orthopaedic implants,2026-05-11,HRV,,https://ted.europa.eu/en/notice/-/detail/241423-2026,241423-2026,33183100|33183100|33183100|33183100|33183100,REVIZIJSKA ENDOPROTEZA KUKA Totalna bescementna revizijska endoproteza kuka IMPLANTAT ZA ŠIVANJE MENISKA ( FLEKSIBILNI ) REVIZIJSKA ENDOPROTEZA KUKA ZA NADOMJEŠTANJE KOŠTANIH DEFEKATA,SPECIJALNA BOLNICA ZA ORTOPEDIJU
Croatia – Medical equipments,2026-05-19,HRV,,https://ted.europa.eu/en/notice/-/detail/241445-2026,241445-2026,33100000|33100000,Nabava anestezioloških aparata za potrebe KBC Sestre milosrdnice,Klinički bolnički centar Sestre milosrdnice
Czechia – Electrosurgical unit,2026-04-15,CZE,,https://ted.europa.eu/en/notice/-/detail/241839-2026,241839-2026,33161000|33161000,"Předmětem plnění veřejné zakázky je dodávka elektrochirurgického generátoru pro Všeobecnou fakultní nemocnici v Praze (dále jen „VFN“). Předmět plnění veřejné zakázky (dále také jen „VZ“) je vymezen i závazným návrhem smlouvy, který je přílohou č. 2 zadávacích podmínek.",Všeobecná fakultní nemocnice v Praze
"Spain – Collector and collection bags, drainage and kits",2026-04-27,ESP,,https://ted.europa.eu/en/notice/-/detail/241958-2026,241958-2026,33141600|33141600,Kits drenaje torácico digital con cesión y mantenimiento de aspiradores de drenaje para el Hospital Universitario Central de Asturias,Gerencia del Área Sanitaria IV del Servicio de Salud del Principado de Asturias
Belgium – Medical consumables,2026-05-11,BEL,,https://ted.europa.eu/en/notice/-/detail/242474-2026,242474-2026,33140000|33140000|33000000|33190000|33141110,Fourniture de petit matériel de soin et paramédical,ACCUEIL ET SOLIDARITE ASBL
Spain – Medical equipments,,ESP,,https://ted.europa.eu/en/notice/-/detail/242614-2026,242614-2026,33100000|33100000,Equipamento de salas de broncoscopia e un láser CO2 ORL con destino al Hospital Novo Montecelo da Área Sanitaria de Pontevedra e O Salnés.,SERGAS. Servicio Gallego de Salud. Dirección General de Recursos Económicos. Subdirección General de Inversiones
Sweden – Medical consumables,2026-05-13,SWE,,https://ted.europa.eu/en/notice/-/detail/242672-2026,242672-2026,33140000|33111710|33141620|33140000|33140000|33111710|33141620|33111710|33141620,uPPHANDLING AV KUNDANPASSADE SET upphandling av intervention kundanpassade set,Varuförsörjningen
"Spain – Agricultural, farming, fishing, forestry and related products",2026-05-12,ESP,,https://ted.europa.eu/en/notice/-/detail/242893-2026,242893-2026,03000000|03100000|03120000|03121100|03121210|03440000|03451000|03451300|03452000|09100000|09122000|09132000|09134000|09134200|09200000|09310000|14210000|15000000|18100000|18140000|18221200|18222000|18444111|18512200|18530000|19200000|22000000|22113000|22200000|22458000|22462000|24613000|30190000|30199500|30200000|30238000|31100000|31121000|31127000|31500000|31532920|31680000|32200000|32300000|32321300|32323500|32330000|32333200|33100000|33157800|33182100|33192160|33600000|34310000|34928000|34928300|34928310|34928470|34928471|34928510|34928530|35111300|35111320|35113000|35113400|35121700|35125300|35240000|35260000|35262000|35300000|35811200|37000000|37300000|37535210|39000000|39100000|39113100|39120000|39135100|39220000|39225600|39293400|39294100|39298000|39298700|39298900|39298910|39310000|39513100|39513200|39515100|39515400|39522100|39522120|39717200|39830000|42113161|42130000|44000000|44100000|44115200|44200000|44212000|44300000|44400000|44411000|44500000|44600000|44800000|44900000|45223820|48100000|48900000|48952000|03000000|03100000|03120000|03121100|03121210|03440000|03451000|03451300|03452000|09100000|09122000|09132000|09134000|09134200|09200000|09310000|14210000|15000000|18100000|18140000|18221200|18222000|18444111|18512200|18530000|19200000|22000000|22113000|22200000|22458000|22462000|24613000|30190000|30199500|30200000|30238000|31100000|31121000|31127000|31500000|31532920|31680000|32200000|32300000|32321300|32323500|32330000|32333200|33100000|33157800|33182100|33192160|33600000|34310000|34928000|34928300|34928310|34928470|34928471|34928510|34928530|35111300|35111320|35113000|35113400|35121700|35125300|35240000|35260000|35262000|35300000|35811200|37000000|37300000|37535210|39000000|39100000|39113100|39120000|39135100|39220000|39225600|39293400|39294100|39298000|39298700|39298900|39298910|39310000|39513100|39513200|39515100|39515400|39522100|39522120|39717200|39830000|42113161|42130000|44000000|44100000|44115200|44200000|44212000|44300000|44400000|44411000|44500000|44600000|44800000|44900000|45223820|48100000|48900000|48952000,"Contratación de los suministros para el Ayuntamiento de Cox en el marco de un sistema dinámico de adquisición, conforme a lo previsto en el artículo 223 y siguientes de la Ley 9/2017 de 8 de noviembre.",Junta de Gobierno del Ayuntamiento de Cox
Spain – Medical consumables,,ESP,,https://ted.europa.eu/en/notice/-/detail/243066-2026,243066-2026,33140000|33141110|33140000|33140000|33140000|33141110|33141110|33141110,"Terapia de presión negativa con depósito y material complementario para tratamiento de heridas con abundante exudado con contenedor estéril Terapia de presión negativa con depósito y material complementario para tratamiento de heridas con abundante exudado con contenedor no estéril Terapia de presión negativa de un solo uso sin depósito, automático, con una duración mínima de 7 días, para la prevención y tratamiento de heridas con bajo/medio exudado",SERVICIO DE SALUD DEL PRINCIPADO DE ASTURIAS
Poland – Angiography devices,2026-05-18,POL,,https://ted.europa.eu/en/notice/-/detail/243197-2026,243197-2026,33111720|33111720|33111720|33111720|33111720|33111720|33111720|33111720|33111720|33111720|33111720|33111720|33111720|33111720|33111720|33111720|33111720|33111720|33111720|33111720|33111720|33111720|33111720|33111720|33111720|33111720|33111720|33111720|33111720|33111720|33111720|33111720|33111720|33111720|33111720|33111720|33111720|33111720|33111720|33111720|33111720|33111720|33111720,Szczegółowy opis przedmiotu zamówienia został zawarty w załącznikach do SWZ tj. w specyfikacji asortymentowo-cenowej (załącznik nr 2.1) Szczegółowy opis przedmiotu zamówienia został zawarty w załącznikach do SWZ tj. w specyfikacji asortymentowo-cenowej (załącznik nr 2.2) Szczegółowy opis przedmiotu zamówienia został zawarty w załącznikach do SWZ tj. w specyfikacji asortymentowo-cenowej (załącznik nr 2.3) Szczegółowy opis przedmiotu zamówienia został zawarty w załącznikach do SWZ tj. w specyfikacji asortymentowo-cenowej (załącznik nr 2.4) Szczegółowy opis przedmiotu zamówienia został zawarty w załącznikach do SWZ tj. w specyfikacji asortymentowo-cenowej (załącznik nr 2.5) Szczegółowy opis przedmiotu zamówienia został zawarty w załącznikach do SWZ tj. w specyfikacji asortymentowo-cenowej (załącznik nr 2.6) Szczegółowy opis przedmiotu zamówienia został zawarty w załącznikach do SWZ tj. w specyfikacji asortymentowo-cenowej (załącznik nr 2.7) Szczegółowy opis przedmiotu zamówienia został zawarty w załącznikach do SWZ tj. w specyfikacji asortymentowo-cenowej (załącznik nr 2.8) Szczegółowy opis przedmiotu zamówienia został zawarty w załącznikach do SWZ tj. w specyfikacji asortymentowo-cenowej (załącznik nr 2.9) Szczegółowy opis przedmiotu zamówienia został zawarty w załącznikach do SWZ tj. w specyfikacji asortymentowo-cenowej (załącznik nr 2.10) Szczegółowy opis przedmiotu zamówienia został zawarty w załącznikach do SWZ tj. w specyfikacji asortymentowo-cenowej (załącznik nr 2.11) Szczegółowy opis przedmiotu zamówienia został zawarty w załącznikach do SWZ tj. w specyfikacji asortymentowo-cenowej (załącznik nr 2.12) Szczegółowy opis przedmiotu zamówienia został zawarty w załącznikach do SWZ tj. w specyfikacji asortymentowo-cenowej (załącznik nr 2.13) Szczegółowy opis przedmiotu zamówienia został zawarty w załącznikach do SWZ tj. w specyfikacji asortymentowo-cenowej (załącznik nr 2.14) Szczegółowy opis przedmiotu zamówienia został zawarty w załącznikach do SWZ tj. w specyfikacji asortymentowo-cenowej (załącznik nr 2.15) Szczegółowy opis przedmiotu zamówienia został zawarty w załącznikach do SWZ tj. w specyfikacji asortymentowo-cenowej (załącznik nr 2.16) Szczegółowy opis przedmiotu zamówienia został zawarty w załącznikach do SWZ tj. w specyfikacji asortymentowo-cenowej (załącznik nr 2.17) Szczegółowy opis przedmiotu zamówienia został zawarty w załącznikach do SWZ tj. w specyfikacji asortymentowo-cenowej (załącznik nr 2.18) Szczegółowy opis przedmiotu zamówienia został zawarty w załącznikach do SWZ tj. w specyfikacji asortymentowo-cenowej (załącznik nr 2.19) Szczegółowy opis przedmiotu zamówienia został zawarty w załącznikach do SWZ tj. w specyfikacji asortymentowo-cenowej (załącznik nr 2.20) Szczegółowy opis przedmiotu zamówienia został zawarty w załącznikach do SWZ tj. w specyfikacji asortymentowo-cenowej (załącznik nr 2.21) Szczegółowy opis przedmiotu zamówienia został zawarty w załącznikach do SWZ tj. w specyfikacji asortymentowo-cenowej (załącznik nr 2.22) Szczegółowy opis przedmiotu zamówienia został zawarty w załącznikach do SWZ tj. w specyfikacji asortymentowo-cenowej (załącznik nr 2.23) Szczegółowy opis przedmiotu zamówienia został zawarty w załącznikach do SWZ tj. w specyfikacji asortymentowo-cenowej (załącznik nr 2.24) Szczegółowy opis przedmiotu zamówienia został zawarty w załącznikach do SWZ tj. w specyfikacji asortymentowo-cenowej (załącznik nr 2.25) Szczegółowy opis przedmiotu zamówienia został zawarty w załącznikach do SWZ tj. w specyfikacji asortymentowo-cenowej (załącznik nr 2.26) Szczegółowy opis przedmiotu zamówienia został zawarty w załącznikach do SWZ tj. w specyfikacji asortymentowo-cenowej (załącznik nr 2.27) Szczegółowy opis przedmiotu zamówienia został zawarty w załącznikach do SWZ tj. w specyfikacji asortymentowo-cenowej (załącznik nr 2.28) Szczegółowy opis przedmiotu zamówienia został zawarty w załącznikach do SWZ tj. w specyfikacji asortymentowo-cenowej (załącznik nr 2.29) Szczegółowy opis przedmiotu zamówien,GÓRNOŚLĄSKIE CENTRUM ZDROWIA DZIECKA im. św. JANA PAWŁA II Samodzielny Publiczny Szpital Kliniczny Nr 6 Śląskiego Uniwersytetu Medycznego w Katowicach
France – Surgical instruments,2026-05-29,FRA,,https://ted.europa.eu/en/notice/-/detail/243206-2026,243206-2026,33169000|33141120|33184000|33169000|33169000|33169000|33169000|33169000|33169000|33169000|33169000|33169000|33169000|33169000|33169000|33169000|33169000|33169000|33141120|33141120|33141120|33141120|33141120|33141120|33141120|33141120|33141120|33141120|33184000|33141120|33184000|33141120|33184000|33141120|33184000|33141120|33184000|33141120|33184000,"Le marché est conclu par accord-cadre mono-attributaire à bons de commande, en application des articles R 21621 à R 21626 du Code de la commande publique, établi sans minimum et avec un maximum en quantité. Les quantités sont indiquées dans l’annexe 1 à l’acte d’engagement (quantité annuelle maximale). Le marché est conclu par accord-cadre mono-attributaire à bons de commande, en application des articles R 21621 à R 21626 du Code de la commande publique, établi sans minimum et avec un maximum en quantité. Les quantités sont indiquées dans l’annexe 1 à l’acte d’engagement (quantité annuelle maximale). Le marché est conclu par accord-cadre mono-attributaire à bons de commande, en application des articles R 21621 à R 21626 du Code de la commande publique, établi sans minimum et avec un maximum en quantité. Les quantités sont indiquées dans l’annexe 1 à l’acte d’engagement (quantité annuelle maximale). Le marché est conclu par accord-cadre mono-attributaire à bons de commande, en application des articles R 21621 à R 21626 du Code de la commande publique, établi sans minimum et avec un maximum en quantité. Les quantités sont indiquées dans l’annexe 1 à l’acte d’engagement (quantité annuelle maximale). Le marché est conclu par accord-cadre mono-attributaire à bons de commande, en application des articles R 21621 à R 21626 du Code de la commande publique, établi sans minimum et avec un maximum en quantité. Les quantités sont indiquées dans l’annexe 1 à l’acte d’engagement (quantité annuelle maximale). Le marché est conclu par accord-cadre mono-attributaire à bons de commande, en application des articles R 21621 à R 21626 du Code de la commande publique, établi sans minimum et avec un maximum en quantité. Les quantités sont indiquées dans l’annexe 1 à l’acte d’engagement (quantité annuelle maximale). Le marché est conclu par accord-cadre mono-attributaire à bons de commande, en application des articles R 21621 à R 21626 du Code de la commande publique, établi sans minimum et avec un maximum en quantité. Les quantités sont indiquées dans l’annexe 1 à l’acte d’engagement (quantité annuelle maximale). Le marché est conclu par accord-cadre mono-attributaire à bons de commande, en application des articles R 21621 à R 21626 du Code de la commande publique, établi sans minimum et avec un maximum en quantité. Les quantités sont indiquées dans l’annexe 1 à l’acte d’engagement (quantité annuelle maximale). Le marché est conclu par accord-cadre mono-attributaire à bons de commande, en application des articles R 21621 à R 21626 du Code de la commande publique, établi sans minimum et avec un maximum en quantité. Les quantités sont indiquées dans l’annexe 1 à l’acte d’engagement (quantité annuelle maximale). Le marché est conclu par accord-cadre mono-attributaire à bons de commande, en application des articles R 21621 à R 21626 du Code de la commande publique, établi sans minimum et avec un maximum en quantité. Les quantités sont indiquées dans l’annexe 1 à l’acte d’engagement (quantité annuelle maximale). Le marché est conclu par accord-cadre mono-attributaire à bons de commande, en application des articles R 21621 à R 21626 du Code de la commande publique, établi sans minimum et avec un maximum en quantité. Les quantités sont indiquées dans l’annexe 1 à l’acte d’engagement (quantité annuelle maximale). Le marché est conclu par accord-cadre mono-attributaire à bons de commande, en application des articles R 21621 à R 21626 du Code de la commande publique, établi sans minimum et avec un maximum en quantité. Les quantités sont indiquées dans l’annexe 1 à l’acte d’engagement (quantité annuelle maximale). Le marché est conclu par accord-cadre mono-attributaire à bons de commande, en application des articles R 21621 à R 21626 du Code de la commande publique, établi sans minimum et avec un maximum en quantité. Les quantités sont indiquées dans l’annexe 1 à l’acte d’engagement (quantité annuelle maximale). Le marché est conclu par accord-cadre mono-attri",Centre Hospitalier de MACON
Poland – Cardiac-monitoring devices,2026-04-07,POL,,https://ted.europa.eu/en/notice/-/detail/243229-2026,243229-2026,33123210|33123210|33123210|33123210|33123210|33123210|33123210|33123210|33123210|33123210,"Część 1 . System monitorowania kardiologicznego Pracownia Elektrofizjologii. Część 2. System do monitorowania EEG, saturacji mózgowej oraz rzutu serca z fali tętna Intensywna Terapia Kardiochirurgiczna. Część 3. Kardiomonitory z modułem transportowym Intensywna Terapia Kardiochirurgiczna Część 4. System centralnego monitorowania na salę 0 Oddział Kardiochirurgii. Część 5. Aparat EKG. Część 6. System centralnego monitorowania na 20 stanowisk Oddział Kardiologii. Część 7. System do analiz holterowskich EKG i ciśnienia tętniczego krwi z rejestratorami Oddział Kardiologii. Część 8. System telemetrycznego monitorowania dla pacjentów kardiologicznych – Oddział Kardiologii. Część 9. System monitorowania pacjentów w sali nadzoru poznieczuleniowego – Blok Operacyjny.",Uniwersytecki Szpital Kliniczny w Opolu
"Germany – Medical equipments, pharmaceuticals and personal care products",2026-05-13,DEU,,https://ted.europa.eu/en/notice/-/detail/243327-2026,243327-2026,33000000|33100000|33000000|33000000|33000000|33100000|33100000|33100000,250 SE Fahrradergometer 250 LE Nutzereinweisung 250 SE Diagnosestation inkl. Messsysteme 250 LE Nutzereinweisung 2 LE Schulung Medizintechniker/innen 250 LE Integration in bestehendes Praxissystem 300 SE Langzeitblutdruckmessgerät 300 LE Nutzereinweisung 300 SE Langzeit-EKG-Gerät 300 LE Nutzereinweisung 300 SE Laptop 300 SE Drucker 800 SE Blutdruckmessgerät,"Bundesamt für Infrastruktur, Umweltschutz und Dienstleistungen der Bundeswehr"
Spain – Oxygen administration unit,2026-04-24,ESP,,https://ted.europa.eu/en/notice/-/detail/243343-2026,243343-2026,33157800|33157800,Adquisición equipos de oxígeno de lanzamiento paracaidista a alta cota,Jefatura de Asuntos Económicos del Mando de Apoyo Logístico
Poland – Medical consumables,2026-04-17,POL,,https://ted.europa.eu/en/notice/-/detail/243365-2026,243365-2026,33140000|33140000|33140000|33140000|33140000|33140000|33140000|33140000|33140000|33140000|33140000,dostawy materiałów chirurgicznych na zasadach określonych w SWZ i w załączniku nr 1 do SWZ - pakiet nr 1 dostawy materiałów chirurgicznych na zasadach określonych w SWZ i w załączniku nr 1 do SWZ - pakiet nr 2 dostawy materiałów chirurgicznych na zasadach określonych w SWZ i w załączniku nr 1 do SWZ - pakiet nr 3 dostawy materiałów chirurgicznych na zasadach określonych w SWZ i w załączniku nr 1 do SWZ - pakiet nr 4 dostawy materiałów chirurgicznych na zasadach określonych w SWZ i w załączniku nr 1 do SWZ - pakiet nr 5 dostawy materiałów chirurgicznych na zasadach określonych w SWZ i w załączniku nr 1 do SWZ - pakiet nr 6 dostawy materiałów chirurgicznych na zasadach określonych w SWZ i w załączniku nr 1 do SWZ - pakiet nr 7 dostawy materiałów chirurgicznych na zasadach określonych w SWZ i w załączniku nr 1 do SWZ - pakiet nr 8 dostawy materiałów chirurgicznych na zasadach określonych w SWZ i w załączniku nr 1 do SWZ - pakiet nr 9 dostawy materiałów chirurgicznych na zasadach określonych w SWZ i w załączniku nr 1 do SWZ - pakiet nr 10,5 Wojskowy Szpital Kliniczny z Polikliniką SP ZOZ w Krakowie
Sweden – Medical equipments,2026-05-08,SWE,,https://ted.europa.eu/en/notice/-/detail/243366-2026,243366-2026,33100000|33111000|33100000|33111000,Region Gävleborg avser att upphandla 2st konventionell röntgenutrustningar till Gävle sjukhus samt option på ytterligare 1st till Regionen.,Region Gävleborg
North Macedonia – Medical equipments,2026-05-12,MKD,,https://ted.europa.eu/en/notice/-/detail/243397-2026,243397-2026,33100000|33100000,Neurostimulacijski sustav – Stimulacija lijevog vagusnog živca za terapiju i liječenje epilepsije,Sveučilišna klinika za neurologiju -Skoplje
France – Medical consumables,2026-05-11,FRA,,https://ted.europa.eu/en/notice/-/detail/243405-2026,243405-2026,33140000|33140000|33140000|33140000|33140000|33140000|33140000|33140000,"Stent actif endocoronaire&amp;lt;br/&amp;gt;Montant HT estimé du lot pour la durée totale du contrat : 1 573 440,00 Euro(s) H.T.&amp;lt;br/&amp;gt;Les seuils sont exprimés en quantité au sein des documents de la consultation Ballon actif avec délivrance de paclitaxel&amp;lt;br/&amp;gt;Montant HT estimé du lot pour la durée totale du contrat : 207 000,00 Euro(s) H.T.&amp;lt;br/&amp;gt;Les seuils sont exprimés en quantité au sein des documents de la consultation Catheter à Ballonnet de scarification&amp;lt;br/&amp;gt;Montant HT estimé du lot pour la durée totale du contrat : 80 000,00 Euro(s) H.T.&amp;lt;br/&amp;gt;Les seuils sont exprimés en quantité au sein des documents de la consultation",Groupement Hospitalier de Territoire Béarn et Soule
"Croatia – Laboratory, optical and precision equipments (excl. glasses)",2026-04-13,HRV,,https://ted.europa.eu/en/notice/-/detail/243464-2026,243464-2026,38000000|38000000|38000000|38000000|38000000|38000000|38000000|38000000|38000000|38000000|38000000|38000000|38000000|38000000|38000000|38000000|38000000|38000000|38500000|38433000|38500000|38900000|42630000|42623000|42621000|42123400|38500000|33136000|38425500|39180000|39130000|30211400|30214000|38500000|33152000|38500000|38434000|38511000|42990000|38900000|42990000|43720000|38430000|38433000|42611000|30232000|30232100|38342000|31720000|38900000,"Predmet nabave uključuje: Isporuku, unošenje na lokaciju, postavljanje opreme te ostalo navedeno u tehničkim specifikacijama za Uređaj 1/2 Optički emisijski spektrometar za određivanje kemijskog sastava različitih legura i uređaj 2/2 Instrument za određivanje ugljika. Detaljan opis predmeta nabave nalazi se u tehničkim specifikacijama/troškovniku. Predmet nabave uključuje: Isporuku, unošenje na lokaciju, postavljanje opreme te ostalo navedeno u tehničkim specifikacijama za Uređaj 1/1 Stolni rentgenski difraktometar za praškaste uzorke. Detaljan opis predmeta nabave nalazi se u tehničkim specifikacijama/troškovniku Predmet nabave uključuje: Isporuku, unošenje na lokaciju, postavljanje opreme te ostalo navedeno u tehničkim specifikacijama za Uređaj 1/5 CNC glodalica s napravama i alatima za obradu odvajanjem čestica, uređaj 2/5 CNC tokarilica s napravama i alatima za obradu odvajanjem čestica, uređaj 3/5 Tračna pila, uređaj 4/5 Stolna bušilica i uređaj 5/5 Kompresor za zrak. Detaljan opis predmeta nabave nalazi se u tehničkim specifikacijama/troškovniku. Predmet nabave uključuje: Isporuku, unošenje na lokaciju, postavljanje opreme te ostalo navedeno u tehničkim specifikacijama za Uređaj 1/4 Uređaj za poluautomatsko brušenje i poliranje uzoraka, uređaj 2/5 Automatska precizna rezalica, uređaj 3/5 Set za toplo i hladno kalupljenje uzoraka, uređaj 4/5 Precizna rezalica i uređaj 5/5 Multifunkcionalni tvrdomjer. Detaljan opis predmeta nabave nalazi se u tehničkim specifikacijama/troškovniku. Predmet nabave uključuje: Isporuku, unošenje na lokaciju, postavljanje opreme te ostalo navedeno u tehničkim specifikacijama za Uređaj 1/1 Dinamička kidalica za polimere i kompozite s temperaturnom komorom. Detaljan opis predmeta nabave nalazi se u tehničkim specifikacijama/troškovniku. Predmet nabave uključuje: Isporuku, unošenje na lokaciju, postavljanje opreme te ostalo navedeno u tehničkim specifikacijama za Uređaj (set) 1/1 Laboratorijski, radionički i uredski namještaj i oprema za prezentacije s uključenom dostavom i montažom na lokaciji kupca Detaljan opis predmeta nabave nalazi se u tehničkim specifikacijama/troškovniku. Predmet nabave uključuje: Isporuku, unošenje na lokaciju, postavljanje opreme te ostalo navedeno u tehničkim specifikacijama za Uređaj 1/2 Radna stanica, uređaj 2/2 Super server. Detaljan opis predmeta nabave nalazi se u tehničkim specifikacijama/troškovniku. Predmet nabave uključuje: Isporuku, unošenje na lokaciju, postavljanje opreme te ostalo navedeno u tehničkim specifikacijama za Uređaj 1/8 Sušionik, uređaj 2/8 Sustav za pripremu laboratorijske vode, uređaj 3/8 Uređaj za ekstrakciju, uređaj 4/8 Filtracija s vakuum pumpama, uređaj 5/8 Floakulator, uređaj 6/8 Laboratorijska napa s usisnom rukom, uređaj 7/8 Inkubator i uređaj 8/8 Laminar (mikrobiološki zaštitni kabinet) Detaljan opis predmeta nabave nalazi se u tehničkim specifikacijama/troškovniku. Predmet nabave uključuje: Isporuku, unošenje na lokaciju, postavljanje opreme te ostalo navedeno u tehničkim specifikacijama za Uređaj 1/1 Simultani termogravimetrijski analizator s vagom. Detaljan opis predmeta nabave nalazi se u tehničkim specifikacijama/troškovniku Predmet nabave uključuje: Isporuku, unošenje na lokaciju, postavljanje opreme te ostalo navedeno u tehničkim specifikacijama za Uređaj 1/2 Uređaj za transmisijsku elektronsku mikroskopiju visoke rezolucije (HRTEM) i uređaj 2/2 Uređaj za pretražnu elektronsku i ionsku mikroskopiju (FIB-FEGSEM) . Detaljan opis predmeta nabave nalazi se u tehničkim specifikacijama/troškovniku Predmet nabave uključuje: Isporuku, unošenje na lokaciju, postavljanje opreme te ostalo navedeno u tehničkim specifikacijama za Uređaj 1/2 Klima komora i uređaj 2/2 Slana komora . Detaljan opis predmeta nabave nalazi se u tehničkim specifikacijama/troškovniku. Predmet nabave uključuje: Isporuku, unošenje na lokaciju, postavljanje opreme te ostalo navedeno u tehničkim specifikacijama za Uređaj 1/1 Uređaj za vakuumsko lijevanje. Detaljan opis p",Istarsko veleučilište - Università Istriana di scienze applicate
Poland – Medical furniture,2026-04-21,POL,,https://ted.europa.eu/en/notice/-/detail/243515-2026,243515-2026,33192000|33192120|33192200|33192000|33192000|33192000|33192000|33192000|33192000|33192000|33192000|33192000|33192120|33192120|33192200|33192120,"1. Przedmiotem zamówienia jest dostawa wyposażenia medycznego, wyszczególnionego w Częściach, na potrzeby Uniwersyteckiego Szpitala Klinicznego im. Fryderyka Chopina w Rzeszowie, a w tym: Łóżka szpitalne hydrauliczne - Klinika Okulistyki. 2. Szczegółowy opis przedmiotów zamówienia, szacunkową ilość oraz wymagania przedstawiają: Opis przedmiotów zamówienia – Zestawienie parametrów wymaganych do Części nr 1 (Załącznik nr 1 do SWZ) oraz Formularz cenowo – ofertowy do Części nr 1 (Załącznik nr 2 do SWZ), będące integralną częścią SWZ. 3. Zakres zamówienia obejmuje dostawę przedmiotów zamówienia w ilościach wyszczególnionych w Formularzu cenowo - ofertowym dla Części nr 1 (Załącznik nr 2 do SWZ) będących integralną częścią SWZ, przez okres: w Części nr 1 - 6 miesięcy od daty zawarcia umowy. 4.Zamawiający nie dopuszcza możliwości składania ofert równoważnych. 5. TERMIN WYKONANIA ZAMÓWIENIA: 1). Dostawa przedmiotów zamówienia w Części nr 1 - przez 6 miesięcy, licząc od daty zawarcia umowy. 2). Zamawiający w Części nr 1 dopuszcza możliwość zmiany terminu obowiązywania umowy w przypadku nie zrealizowania w okresie umowy całości przedmiotu umowy wskutek realizacji niższych zamówień. Zmiana umowy wymaga aneksu, z tym że Zamawiający jednostronnie zawiadamia Wykonawcę o proponowanym przedłużeniu umowy przed upływem terminu na jaki została ona zawarta. 1. Przedmiotem zamówienia jest dostawa wyposażenia medycznego, wyszczególnionego w Częściach, na potrzeby Uniwersyteckiego Szpitala Klinicznego im. Fryderyka Chopina w Rzeszowie, a w tym: Łóżka szpitalne elektryczne - Klinika Okulistyki. 2. Szczegółowy opis przedmiotów zamówienia, szacunkową ilość oraz wymagania przedstawiają: Opis przedmiotów zamówienia – Zestawienie parametrów wymaganych do Części nr 2 (Załącznik nr 1 do SWZ) oraz Formularz cenowo – ofertowy do Części nr 2 (Załącznik nr 2 do SWZ), będące integralną częścią SWZ. 3. Zakres zamówienia obejmuje dostawę przedmiotów zamówienia w ilościach wyszczególnionych w Formularzu cenowo - ofertowym dla Części nr 2 (Załącznik nr 2 do SWZ) będących integralną częścią SWZ, przez okres: w Części nr 2 - 6 miesięcy od daty zawarcia umowy. 4.Zamawiający dopuszcza rozwiązania równoważne w Części nr 2 jak opisano w SWZ. 5. TERMIN WYKONANIA ZAMÓWIENIA: 1). Dostawa przedmiotów zamówienia w Części nr 2 - przez 6 miesięcy, licząc od daty zawarcia umowy. 2). Zamawiający w Części nr 2 dopuszcza możliwość zmiany terminu obowiązywania umowy w przypadku nie zrealizowania w okresie umowy całości przedmiotu umowy wskutek realizacji niższych zamówień. Zmiana umowy wymaga aneksu, z tym że Zamawiający jednostronnie zawiadamia Wykonawcę o proponowanym przedłużeniu umowy przed upływem terminu na jaki została ona zawarta. 1. Przedmiotem zamówienia jest dostawa wyposażenia medycznego, wyszczególnionego w Częściach, na potrzeby Uniwersyteckiego Szpitala Klinicznego im. Fryderyka Chopina w Rzeszowie, a w tym: Szafki przyłóżkowe - Klinika Okulistyki. 2. Szczegółowy opis przedmiotów zamówienia, szacunkową ilość oraz wymagania przedstawiają: Opis przedmiotów zamówienia – Zestawienie parametrów wymaganych do Części nr 3 (Załącznik nr 1 do SWZ) oraz Formularz cenowo – ofertowy do Części nr 3 (Załącznik nr 2 do SWZ), będące integralną częścią SWZ. 3. Zakres zamówienia obejmuje dostawę przedmiotów zamówienia w ilościach wyszczególnionych w Formularzu cenowo - ofertowym dla Części nr 3 (Załącznik nr 2 do SWZ) będących integralną częścią SWZ, przez okres: w Części nr 3 - 6 miesięcy od daty zawarcia umowy. 4.Zamawiający nie dopuszcza składania ofert równoważnych. 5. TERMIN WYKONANIA ZAMÓWIENIA: 1). Dostawa przedmiotów zamówienia w Części nr 3 - przez 6 miesięcy, licząc od daty zawarcia umowy. 2). Zamawiający w Części nr 3 dopuszcza możliwość zmiany terminu obowiązywania umowy w przypadku nie zrealizowania w okresie umowy całości przedmiotu umowy wskutek realizacji niższych zamówień. Zmiana umowy wymaga aneksu, z tym że Zamawiający jednostronnie zawiadamia Wykonawcę o proponowany",Uniwersytecki Szpital Kliniczny im. Fryderyka Chopina w Rzeszowie
Poland – Stimulator,2026-05-28,POL,,https://ted.europa.eu/en/notice/-/detail/243547-2026,243547-2026,33158210|33158210,Szczegółowy opis przedmiotu zamówienia został zawarty w załączniku do SWZ tj. w specyfikacji asortymentowo-cenowej (załącznik nr 2),GÓRNOŚLĄSKIE CENTRUM ZDROWIA DZIECKA im. św. JANA PAWŁA II Samodzielny Publiczny Szpital Kliniczny Nr 6 Śląskiego Uniwersytetu Medycznego w Katowicach
Sweden – Dental consumables,2026-05-07,SWE,,https://ted.europa.eu/en/notice/-/detail/243567-2026,243567-2026,33141800|33130000|33000000|33000000|33130000|33130000,"Brackets, tuber, bågar, bågmaterial, bonding, primer, cement för fastsättning av band, intraorala och extraorala drag, ligaturer, elastiska kedjor, tråd och separationsringar, Coil spring, surgical hook ,ortodontiskt vax, , Quad helix och skruvar . se upphandlingsdokumentet",Varuförsörjningen
Poland – Ultrasonic unit,2026-05-11,POL,,https://ted.europa.eu/en/notice/-/detail/243679-2026,243679-2026,33112200|33112200|33112200,zgodnie z opisem przedmiotu zamówienia stanowiącym załącznik nr 1 do SWZ zgodnie z opisem przedmiotu zamówienia stanowiącym załącznik nr 1 do SWZ,Szpital Miejski w Siemianowicach Śląskich Sp. z o.o.
Finland – Medical consumables,2026-05-12,FIN,,https://ted.europa.eu/en/notice/-/detail/243699-2026,243699-2026,33140000|33140000,"Päijät-Hämeen hyvinvointialue ja Etelä-Karjalan hyvinvointialue pyytää tarjouksia hammasimplanteista toistaiseksi voimassa olevalle sopimuskaudelle. Päijät-Hämeen keskussairaalan ja Etelä-Karjalan keskussairaalan suu- ja leukasairauksien poliklinikkojen purennankuntoutuksen potilasmateriaali koostuu ensisijaisesti vaativista erikoissairaanhoitotasoisista potilaista. Hoidettavia potilasryhmiä ovat esim. kasvotraumojen jälkitilat, suuontelon syövän jälkitilat, vaativa oikomishoito, laajat synnynnäiset hammaspuutokset ja syndroomat. Implanttihoidon ympäristö on täten vaativa ja vaatii usein kirurgisia ja proteettisia erityisratkaisuja kuten poikkeuksellisen lyhyitä tai kapeita implanttifikstuuroja ja mahdollisuutta tehdä hyvin yksilöllisiä proteettisia ratkaisuja. Kilpailutuksessa haetaan kokonaiskustannuksilta halvinta implanttisysteemiä, jos hoito on mahdollinen toteuttaa kirurgisesti ja proteettisesti kyseisellä implanttisysteemillä. Hankintalain mukainen hankinnan ennakoitu kokonaisarvo neljän vuoden ajalle on noin 400 000 euroa (alv 0%), joista Päijät-Hämeen hyvinvointialueen osuus on noin 200 000 euroa (alv 0 %) ja Etelä-Karjalan hyvinvointialueen osuus on noin 200 000 euroa (alv 0 %).",Päijät-Hämeen hyvinvointialue
Czechia – Surgical implants,2026-05-12,CZE,,https://ted.europa.eu/en/notice/-/detail/243828-2026,243828-2026,33184100|33184100,"Předmětem plnění veřejné zakázky jsou průběžné dodávky spotřebního zdravotnického materiálu pro Urologii – centrální operační sály , které jsou blíže specifikovány v příloze č. 1 ZD – Technická specifikace SZM,",Fakultní nemocnice Ostrava
Czechia – Surgical implants,,CZE,,https://ted.europa.eu/en/notice/-/detail/244138-2026,244138-2026,33184100|33184100|33184100|33184100|33184100,Předmětem plnění veřejné zakázky jsou průběžné dodávky implantátů pro chirurgickou léčbu ženské a mužské stresové inkontinence pro potřeby Fakultní nemocnice Hradec Králové na období 4 let. Předmětem plnění veřejné zakázky jsou průběžné dodávky implantátů pro chirurgickou léčbu ženské a mužské stresové inkontinence pro potřeby Fakultní nemocnice Hradec Králové na období 4 let. Předmětem plnění veřejné zakázky jsou průběžné dodávky implantátů pro chirurgickou léčbu ženské a mužské stresové inkontinence pro potřeby Fakultní nemocnice Hradec Králové na období 4 let. Předmětem plnění veřejné zakázky jsou průběžné dodávky implantátů pro chirurgickou léčbu ženské a mužské stresové inkontinence pro potřeby Fakultní nemocnice Hradec Králové na období 4 let.,Fakultní nemocnice Hradec Králové
Czechia – Medical consumables,2026-05-11,CZE,,https://ted.europa.eu/en/notice/-/detail/244174-2026,244174-2026,33140000|33140000|33140000|33140000|33140000|33140000|33140000|33140000|33140000|33140000,Předmětem plnění veřejné zakázky jsou průběžné dodávky spotřebního zdravotnického materiálu pro Ústřední vojenskou nemocnici – Vojenskou fakultní nemocnici Praha v rozsahu a v souladu se zadávací dokumentací a jejími přílohami. Předmětem plnění veřejné zakázky jsou průběžné dodávky spotřebního zdravotnického materiálu pro Ústřední vojenskou nemocnici – Vojenskou fakultní nemocnici Praha v rozsahu a v souladu se zadávací dokumentací a jejími přílohami. Předmětem plnění veřejné zakázky jsou průběžné dodávky spotřebního zdravotnického materiálu pro Ústřední vojenskou nemocnici – Vojenskou fakultní nemocnici Praha v rozsahu a v souladu se zadávací dokumentací a jejími přílohami. Předmětem plnění veřejné zakázky jsou průběžné dodávky spotřebního zdravotnického materiálu pro Ústřední vojenskou nemocnici – Vojenskou fakultní nemocnici Praha v rozsahu a v souladu se zadávací dokumentací a jejími přílohami. Předmětem plnění veřejné zakázky jsou průběžné dodávky spotřebního zdravotnického materiálu pro Ústřední vojenskou nemocnici – Vojenskou fakultní nemocnici Praha v rozsahu a v souladu se zadávací dokumentací a jejími přílohami. Předmětem plnění veřejné zakázky jsou průběžné dodávky spotřebního zdravotnického materiálu pro Ústřední vojenskou nemocnici – Vojenskou fakultní nemocnici Praha v rozsahu a v souladu se zadávací dokumentací a jejími přílohami. Předmětem plnění veřejné zakázky jsou průběžné dodávky spotřebního zdravotnického materiálu pro Ústřední vojenskou nemocnici – Vojenskou fakultní nemocnici Praha v rozsahu a v souladu se zadávací dokumentací a jejími přílohami. Předmětem plnění veřejné zakázky jsou průběžné dodávky spotřebního zdravotnického materiálu pro Ústřední vojenskou nemocnici – Vojenskou fakultní nemocnici Praha v rozsahu a v souladu se zadávací dokumentací a jejími přílohami. Předmětem plnění veřejné zakázky jsou průběžné dodávky spotřebního zdravotnického materiálu pro Ústřední vojenskou nemocnici – Vojenskou fakultní nemocnici Praha v rozsahu a v souladu se zadávací dokumentací a jejími přílohami.,Ústřední vojenská nemocnice - Vojenská fakultní nemocnice Praha
Poland – Medical equipments,2026-04-21,POL,,https://ted.europa.eu/en/notice/-/detail/244254-2026,244254-2026,33100000|33122000|33122000|33112200|33167000|33128000|33100000|33122000|33122000|33125000|33121400|33124100|33112200|33192000|33192000|33112200|33190000|33190000|33192000|33192000|33122000,Szczegółowy opis przedmiotu zamówienia zawiera formularz asortymentowo – ilościowy stanowiący załącznik nr 1 do SWZ. Szczegółowy opis przedmiotu zamówienia zawiera formularz asortymentowo – ilościowy stanowiący załącznik nr 2 do SWZ. Szczegółowy opis przedmiotu zamówienia zawiera formularz asortymentowo – ilościowy stanowiący załącznik nr 3 do SWZ. Szczegółowy opis przedmiotu zamówienia zawiera formularz asortymentowo – ilościowy stanowiący załącznik nr 4 do SWZ. Szczegółowy opis przedmiotu zamówienia zawiera formularz asortymentowo – ilościowy stanowiący załącznik nr 5 do SWZ. Szczegółowy opis przedmiotu zamówienia zawiera formularz asortymentowo – ilościowy stanowiący załącznik nr 6 do SWZ. Szczegółowy opis przedmiotu zamówienia zawiera formularz asortymentowo – ilościowy stanowiący załącznik nr 7 do SWZ. Szczegółowy opis przedmiotu zamówienia zawiera formularz asortymentowo – ilościowy stanowiący załącznik nr 8 do SWZ. Szczegółowy opis przedmiotu zamówienia zawiera formularz asortymentowo – ilościowy stanowiący załącznik nr 9 do SWZ. Szczegółowy opis przedmiotu zamówienia zawiera formularz asortymentowo – ilościowy stanowiący załącznik nr 10 do SWZ. Szczegółowy opis przedmiotu zamówienia zawiera formularz asortymentowo – ilościowy stanowiący załącznik nr 11 do SWZ. Szczegółowy opis przedmiotu zamówienia zawiera formularz asortymentowo – ilościowy stanowiący załącznik nr 12 do SWZ. Szczegółowy opis przedmiotu zamówienia zawiera formularz asortymentowo – ilościowy stanowiący załącznik nr 13 do SWZ. Szczegółowy opis przedmiotu zamówienia zawiera formularz asortymentowo – ilościowy stanowiący załącznik nr 14 do SWZ. Szczegółowy opis przedmiotu zamówienia zawiera formularz asortymentowo – ilościowy stanowiący załącznik nr 15 do SWZ. Szczegółowy opis przedmiotu zamówienia zawiera formularz asortymentowo – ilościowy stanowiący załącznik nr 16 do SWZ. Szczegółowy opis przedmiotu zamówienia zawiera formularz asortymentowo – ilościowy stanowiący załącznik nr 17 do SWZ. Szczegółowy opis przedmiotu zamówienia zawiera formularz asortymentowo – ilościowy stanowiący załącznik nr 18 do SWZ. Szczegółowy opis przedmiotu zamówienia zawiera formularz asortymentowo – ilościowy stanowiący załącznik nr 19 do SWZ.,Samodzielny Publiczny Zakład Opieki Zdrowotnej w Szamotułach
France – Medical kits,2026-05-11,FRA,,https://ted.europa.eu/en/notice/-/detail/244288-2026,244288-2026,33141620|33141620|33141620|33141620,L'accord-cadre sera exécuté par l'émission de bons de commande. Chaque lot fera l'objet d'une attribution séparée. Les prestations sont réglées par des prix unitaires. Le détail en est présenté en annexes 1. Catalogue des besoins et 2. Tableau des quantités au CCTP,CHU de Lille - ES du GHT HPGL
"Czechia – Endoscopy, endosurgery devices",2026-05-11,CZE,,https://ted.europa.eu/en/notice/-/detail/244427-2026,244427-2026,33168000|33168100|33124120|33161000|50421000|33168000|33161000|33168000|33168000|33168100|50421000|50421000|33168100|33124120|50421000|33168100|50421000,"Předmětem plnění této veřejné zakázky je dodávka endoskopického vybavení gastroenterologie včetně příslušenství pro potřeby Motolského onkologického centra FNMH. Součástí předmětu plnění je dále: (i.) Instalace přístroje a jeho uvedení do provozu včetně ověření jeho funkčnosti, provedení všech předepsaných zkoušek a testů. (ii.) Instruktáž/proškolení zdravotnického personálu prováděné osobou k tomu pověřenou dle § 41 zákona č. 375/2022 Sb., o zdravotnických prostředcích a diagnostických zdravotnických prostředcích in vitro (dále jen „zákon č. 375/2022 Sb.“). (iii.) Záruční a pozáruční servis přístroje, který bude provádět osoba k této činnosti pověřená, a to na základě certifikátu výrobce o proškolení servisního technika dle § 44–46 zákona č. 375/2022 Sb. Předmětem plnění této veřejné zakázky je dodávka endoskopického vybavení gastroenterologie včetně příslušenství pro potřeby Motolského onkologického centra FNMH. Součástí předmětu plnění je dále: (i.) Instalace přístroje a jeho uvedení do provozu včetně ověření jeho funkčnosti, provedení všech předepsaných zkoušek a testů. (ii.) Instruktáž/proškolení zdravotnického personálu prováděné osobou k tomu pověřenou dle § 41 zákona č. 375/2022 Sb., o zdravotnických prostředcích a diagnostických zdravotnických prostředcích in vitro (dále jen „zákon č. 375/2022 Sb.“). (iii.) Záruční a pozáruční servis přístroje, který bude provádět osoba k této činnosti pověřená, a to na základě certifikátu výrobce o proškolení servisního technika dle § 44–46 zákona č. 375/2022 Sb. Předmětem plnění této veřejné zakázky je dodávka endoskopického vybavení gastroenterologie včetně příslušenství pro potřeby Motolského onkologického centra FNMH. Součástí předmětu plnění je dále: (i.) Instalace přístroje a jeho uvedení do provozu včetně ověření jeho funkčnosti, provedení všech předepsaných zkoušek a testů. (ii.) Instruktáž/proškolení zdravotnického personálu prováděné osobou k tomu pověřenou dle § 41 zákona č. 375/2022 Sb., o zdravotnických prostředcích a diagnostických zdravotnických prostředcích in vitro (dále jen „zákon č. 375/2022 Sb.“). (iii.) Záruční a pozáruční servis přístroje, který bude provádět osoba k této činnosti pověřená, a to na základě certifikátu výrobce o proškolení servisního technika dle § 44–46 zákona č. 375/2022 Sb. Předmětem plnění této veřejné zakázky je dodávka endoskopického vybavení gastroenterologie včetně příslušenství pro potřeby Motolského onkologického centra FNMH. Součástí předmětu plnění je dále: (i.) Instalace přístroje a jeho uvedení do provozu včetně ověření jeho funkčnosti, provedení všech předepsaných zkoušek a testů. (ii.) Instruktáž/proškolení zdravotnického personálu prováděné osobou k tomu pověřenou dle § 41 zákona č. 375/2022 Sb., o zdravotnických prostředcích a diagnostických zdravotnických prostředcích in vitro (dále jen „zákon č. 375/2022 Sb.“). (iii.) Záruční a pozáruční servis přístroje, který bude provádět osoba k této činnosti pověřená, a to na základě certifikátu výrobce o proškolení servisního technika dle § 44–46 zákona č. 375/2022 Sb.",Fakultní nemocnice Motol a Homolka
Poland – Medical equipments,2026-04-27,POL,,https://ted.europa.eu/en/notice/-/detail/244471-2026,244471-2026,33100000|33100000|33100000|33100000|33100000|33100000|33100000|33100000|33100000|33100000|33100000|33100000|33100000,Aparat do wysokoprzepływowej terapii tlenem ze zintegrowanym nawilżaczem Defibrylator z wyposażeniem oraz wózkiem Elektrokardiograf spoczynkowy Fotel transportowy Pompa infuzyjna dwustrzykawkowa Pompa infuzyjna objętościowa do żywienia dożylnego i dojelitowego Spirometr Rejestratory ciśnieniowe wraz ze stacją roboczą do opisywania Rejestratory EKG wraz ze stacją roboczą do opisywania Łóżko medyczne elektryczne z wagą i osprzętem Łóżko medyczne elektryczne z osprzętem Kardiomonitory wraz z modułami transportowymi i stacją centralnego nadzoru,Miejskie Centrum Medyczne im. dr. Karola Jonschera w Łodzi
Czechia – Non-woven fabrics,2026-05-12,CZE,,https://ted.europa.eu/en/notice/-/detail/244538-2026,244538-2026,19270000|33140000|19270000|33140000,"Předmětem plnění veřejné zakázky jsou průběžné dodávky spotřebního zdravotnického materiálu, které jsou blíže specifikovány v příloze č. 1 ZD",Fakultní nemocnice Ostrava
Sweden – Dental consumables,2026-05-11,SWE,,https://ted.europa.eu/en/notice/-/detail/244692-2026,244692-2026,33141800|33130000|33000000|33000000|33130000|33130000,"Brackets, tuber, bågar, bågmaterial, bonding, primer, cement för fastsättning av band, intraorala och extraorala drag, ligaturer, elastiska kedjor, tråd och separationsringar, Coil spring, surgical hook ,ortodontiskt vax, , Quad helix och skruvar . se upphandlingsdokumentet",Varuförsörjningen
France – Surgical instruments,2026-05-14,FRA,,https://ted.europa.eu/en/notice/-/detail/244859-2026,244859-2026,33169000|33169000|33169000|33169000|33169000|33169000|33169000|33169000|33169000|33169000|33169000|33169000|33169000|33169000|33169000|33169000|33169000|33169000|33169000|33169000|33169000|33169000|33169000|33169000|33169000|33169000|33169000|33169000|33169000|33169000|33169000|33169000|33169000|33169000|33169000|33169000|33169000|33169000|33169000|33169000|33169000|33169000|33169000|33169000|33169000|33169000|33169000|33169000|33169000|33169000|33169000|33169000|33169000|33169000|33169000|33169000|33169000|33169000|33169000|33169000|33169000|33169000|33169000|33169000|33169000|33169000|33169000|33169000|33169000|33169000|33169000|33169000|33169000|33169000|33169000|33169000|33169000|33169000|33169000|33169000|33169000|33169000|33169000|33169000|33169000|33169000|33169000|33169000|33169000|33169000|33169000|33169000|33169000|33169000|33169000|33169000|33169000|33169000|33169000|33169000|33169000|33169000|33169000|33169000|33169000|33169000|33169000|33169000|33169000|33169000|33169000|33169000|33169000|33169000|33169000|33169000|33169000|33169000|33169000|33169000|33169000|33169000|33169000|33169000|33169000|33169000|33169000|33169000|33169000|33169000|33169000|33169000|33169000|33169000|33169000|33169000|33169000|33169000|33169000|33169000|33169000|33169000|33169000|33169000|33169000|33169000|33169000|33169000|33169000|33169000|33169000|33169000|33169000|33169000|33169000|33169000|33169000|33169000|33169000|33169000|33169000|33169000|33169000|33169000|33169000|33169000|33169000|33169000|33169000|33169000|33169000|33169000|33169000|33169000|33169000|33169000|33169000|33169000|33169000|33169000|33169000|33169000|33169000|33169000|33169000|33169000|33169000|33169000|33169000|33169000|33169000|33169000|33169000|33169000|33169000|33169000|33169000|33169000|33169000|33169000,"INSTRUMENTATION CHIRURGICALE ORL DEDIEE A LA POSE DE PROTHESES OSSICULAIRES&amp;lt;br/&amp;gt; CONSOMMABLES, ACCESSOIRES ET PIECES DETACHEES POUR DERMATOMES&amp;lt;br/&amp;gt; REGLETTE SPATULE DE PECHEREAU&amp;lt;br/&amp;gt; TRABECULOTOME DE HARMS A DROITE&amp;lt;br/&amp;gt; TRABECULOTOME DE HARMS A GAUCHE&amp;lt;br/&amp;gt; MARQUEUR A OBLIQUE DE FINK&amp;lt;br/&amp;gt; CROCHET DE ROTH CDÉ 90°&amp;lt;br/&amp;gt; MYOMETRE DE ROTH-RAPP&amp;lt;br/&amp;gt; BLOC TEFLON REUTI POUR GREFFON OCCULAIRE&amp;lt;br/&amp;gt; PINCE DISSECTION MERMOUD GRIFF GLAUCOME&amp;lt;br/&amp;gt; CROCHET DE GREEN MALBRAN&amp;lt;br/&amp;gt; CANNULA SUCTION ACC SOUTHHAMPTON INFA&amp;lt;br/&amp;gt; SPINUSS TOOL KIT PLUS 24 INS&amp;lt;br/&amp;gt; POIGNEE KERRISSON ROTATIVE&amp;lt;br/&amp;gt; TIGE KERRISSON ROTATIVE 20CM 3MM&amp;lt;br/&amp;gt; PINCE OBTURATEUR CONNEXION&amp;lt;br/&amp;gt; BRAS MAINTIEN UNITRAC&amp;lt;br/&amp;gt; CLAVETTE DE FIXATION VALVE BOOKWALTER&amp;lt;br/&amp;gt; FIXATION POUR ECARTEUR DE BOOKWALTER AMOVIBLE&amp;lt;br/&amp;gt; LAME MALLÉABLE 76×152?MM&amp;lt;br/&amp;gt; ANNEAU PELVIQUE SEGMENTE AVEC ENCOCHES POUR SUTURE&amp;lt;br/&amp;gt; LAME LATÉRALE MALLÉABLE 25×102?MM&amp;lt;br/&amp;gt; RETRACTEUR LAME 25 X 89MM&amp;lt;br/&amp;gt; RETRACTEUR LAME 25 X 127MM&amp;lt;br/&amp;gt; RETRACTEUR LAME 25 X 114MM&amp;lt;br/&amp;gt; LAME KELLY 25X38MM&amp;lt;br/&amp;gt; VALVE A 3 DENTS 17 X 19MM&amp;lt;br/&amp;gt; BARRE AMOVIBLE BOOKWALTER&amp;lt;br/&amp;gt; ÉCARTEUR TYPE BOOKWALTER LEGER 12 POUCES&amp;lt;br/&amp;gt; ÉCROU DE FIXATION POUR TABLE TYPE BOOKWALTER&amp;lt;br/&amp;gt; RETRACTEUR KELLY 2X3 51X76MM&amp;lt;br/&amp;gt; RETRACTEUR KELLY 2X4 - 51X102MM&amp;lt;br/&amp;gt; RETRACTEUR KELLY 2X5 - 51X127MM&amp;lt;br/&amp;gt; TOURNEVIS CRUCIFORME PHILIPS&amp;lt;br/&amp;gt; TOURNEVIS EMBOUT TORX 150MM&amp;lt;br/&amp;gt; TOURNEVIS EMBOUT TORX T15 150 MM&amp;lt;br/&amp;gt; TOURNEVIS EMBOUT TORX T20 90MM&amp;lt;br/&amp;gt; TOURNEVIS EMBOUT TORX T7 90MM&amp;lt;br/&amp;gt; EMBOUT TOURNEVIS HEXAGONALE 2.5/ 150MM&amp;lt;br/&amp;gt; TOURNEVIS EMBOUT TORX T25 90MM&amp;lt;br/&amp;gt; POIGNEE EN T A VERROUILLAGE RAPIDE AO&amp;lt;br/&amp;gt; EMBOUT TOURNEVIS SLOT DRIVE 150MM&amp;lt;br/&amp;gt; EMBOUT TOURNEVIS CRUCIFORME PLAT 150MM&amp;lt;br/&amp;gt; TOURNEVIS HEXAGONAL DIA 3.5MM 90MM&amp;lt;br/&amp;gt; SET COMPLET EMBOUTS DE TOURNEVIS GROS FRAGMENTS&amp;lt;br/&amp;gt; SET COMPLET EMBOUTS DE TOURNEVIS PETITS FRAGMENTS&amp;lt;br/&amp;gt; KIT COMPLET D'ETRACTION DE VIS CASSEES&amp;lt;br/&amp;gt; PINCE ONGLE INCARNE MORS LONGS 130?MM&amp;lt;br/&amp;gt; PINCE ONGLE INCARNE TYPE KIEHL - MORS EFFILES 130?MM&amp;lt;br/&amp;gt; MICROMOTEUR PORTABLE DE PEDICURIE TYPE THUMB (30?000?TR/MIN)&amp;lt;br/&amp;gt; FCE3 - FRAISE CÉRAMIQUE PÉDICURIE&amp;lt;br/&amp;gt; FCE4 - FRAISE CERAMIQUE DENTURE CROISEE GROSSE ABRASION&amp;lt;br/&amp;gt; FRAISE HYBRID TWISTER BUSCH HY21 DIAMANT&amp;lt;br/&amp;gt; LEVIER PELVIEN BICORNE&amp;lt;br/&amp;gt; LEVIER A OS TYPE AMIN ETROIT&amp;lt;br/&amp;gt; CURETTE DENTEE COUPANTE 29 CM 9 X 12 MM AVEC MANCHE PROPYLUX&amp;lt;br/&amp;gt; CURETTE TRANCHANTE MANCHE PLASTIQUE&amp;lt;br/&amp;gt; EMBOUT P/CHASSE TETE 32&amp;lt;br/&amp;gt; LAME SCIE OSCILLANTE 35/75 ACCULAN&amp;lt;br/&amp;gt; ELEVATEUR WINTER A DROITE&amp;lt;br/&amp;gt; ELEVATEUR WINTER A GAUCHE&amp;lt;br/&amp;gt; ECARTEUR SMALL&amp;lt;br/&amp;gt; ECARTEUR MODIFIE SELON LANGE 40X10MM&amp;lt;br/&amp;gt; RAPE DE MILLER DOUBLE LIME A OS&amp;lt;br/&amp;gt; LAME SCIE OSCILLANTE 40/50 ACCULAN&amp;lt;br/&amp;gt; CLAMP VASCULAIRE TYPE DEBAKEY 60° / 180?MM&amp;lt;br/&amp;gt; CLAMP VASCULAIRE TYPE CASTANEDA - 23?MM / 155?MM&amp;lt;br/&amp;gt; CLAMP D'ANASTOMOSE TYPE CASTANEDA - 152?MM&amp;lt;br/&amp;gt; PINCE À CRÂNE TYPE GARDNER?WELLS&amp;lt;br/&amp;gt; DISSECTEUR TYPE RHOTON 2,1?MM&amp;lt;br/&amp;gt; DISSECTEUR TYPE RHOTON MEDIUM&amp;lt;br/&amp;gt; EXCAVATEUR DOUBLE 165MM&amp;lt;br/&amp;gt; JOINT TORIQUE NITRILE 16×2&amp;lt;br/&amp;gt; RONDELLE SILICONE POUR VENTRILOSCOPE&amp;lt;br/&amp;gt; S",HOPITAUX DE PROVENCE
Czechia – Mammography devices,2026-05-11,CZE,,https://ted.europa.eu/en/notice/-/detail/244867-2026,244867-2026,33111650|50421200|33111650|50421200,"Předmětem plnění této veřejné zakázky je dodávka mamografického RTG včetně příslušenství a plánovacího systému pro potřeby Motolského onkologického centra FN Motol a Homolka. Součástí předmětu plnění je dále: (i.) Instalace přístroje a jeho uvedení do provozu včetně ověření jeho funkčnosti, provedení všech předepsaných zkoušek a testů. (ii.) Instruktáž/proškolení zdravotnického personálu bude provádět osoba k tomu pověřená dle § 41 zákona č. 375/2022 Sb., o zdravotnických prostředcích a diagnostických zdravotnických prostředcích in vitro (dále jen „zákon č. 375/2022 Sb.“). (iii.) Záruční a pozáruční servis přístroje, který bude provádět osoba k této činnosti pověřená, a to na základě certifikátu výrobce o proškolení servisního technika.",Fakultní nemocnice Motol a Homolka
Germany – Medical aids,2026-04-30,DEU,,https://ted.europa.eu/en/notice/-/detail/244922-2026,244922-2026,33196000|33196200|33196000,Die IKK Südwest beabsichtigt den Abschluss von Verträgen mit Leistungserbringern über die Versorgung ihrer Versicherten mit Blindenhilfsmitteln der Produktgruppen 07 und 25 (hiermit sind keine herkömmlichen Sehhilfen gemeint). Teilnahmeberechtigt sind alle Leistungserbringer nach § 126 SGB V,IKK Südwest
Poland – Teaching equipment,2026-04-20,POL,,https://ted.europa.eu/en/notice/-/detail/244929-2026,244929-2026,39162100|39162000|34150000|34900000|33190000|38000000|39160000|30200000|32420000|39162100|39162100|39162100|39162100|39162100|39162100|39162100|39162100|39162000|34150000|34900000|33190000|38000000|39160000|30200000|32420000|39162000|34150000|34900000|33190000|38000000|39160000|30200000|32420000|39162000|34150000|34900000|33190000|38000000|39160000|30200000|32420000|39162000|34150000|34900000|33190000|38000000|39160000|30200000|32420000|39162000|34150000|34900000|33190000|38000000|39160000|30200000|32420000|39162000|34150000|34900000|33190000|38000000|39160000|30200000|32420000|39162000|34150000|34900000|33190000|38000000|39160000|30200000|32420000|39162000|34150000|34900000|33190000|38000000|39160000|30200000|32420000,"Przedmiotem zamówienia w niniejszym postępowaniu jest dostawa wyposażenia oraz pomocy dydaktycznych przeznaczonych do realizacji zajęć praktycznych na potrzeby pracowni zawodowych w Zespole Szkół Ponadpodstawowych nr 4 w Siedlcach, Część 1: Pracownia środków transportu drogowego sprzęt dydaktyczny i materiały szkoleniowe. Wykonawca zobowiązany jest do złożenia oferty obejmującej wszystkie pozycje w danej części. Szczegółowy opis części wskazany został w Załączniku nr 1A – Formularz asortymentowo -cenowy oraz załączniku nr 6 do SWZ – Opis przedmiotu zamówienia. Sprzęt należy dostarczyć do miejsca realizacji projektu, tj. do Zespołu Szkół Ponadpodstawowych nr 4 w Siedlcach, im. Kazimierza Wielkiego w Siedlcach, ul. Bema 4, 08110 Siedlce. Sprzęt musi być fabrycznie nowy, nieużywany, kompletny, wolny od wad fizycznych i prawnych oraz zgodny z dokumentacją techniczną i obowiązującymi normami, dostarczany w stanie gotowym do użycia. Do sprzętu Wykonawca zobowiązany jest dołączyć: instrukcje obsługi w języku polskim, dokumentację gwarancyjną i serwisową (jeżeli dotyczy) oraz certyfikaty i atesty wymagane obowiązującymi przepisami prawa. Przedmiotem zamówienia w niniejszym postępowaniu jest dostawa wyposażenia oraz pomocy dydaktycznych przeznaczonych do realizacji zajęć praktycznych na potrzeby pracowni zawodowych w Zespole Szkół Ponadpodstawowych nr 4 w Siedlcach, Część 2: Pracownia środków transportu drogowego -symulator pojazdów. Wykonawca zobowiązany jest do złożenia oferty obejmującej wszystkie pozycje w danej części. Szczegółowy opis części wskazany został w Załączniku nr 1A – Formularz asortymentowo - cenowy oraz załączniku nr 6 do SWZ – Opis przedmiotu zamówienia. Sprzęt należy dostarczyć do miejsca realizacji projektu, tj. do Zespołu Szkół Ponadpodstawowych nr 4 w Siedlcach, im. Kazimierza Wielkiego w Siedlcach, ul. Bema 4, 08110 Siedlce. Sprzęt musi być fabrycznie nowy, nieużywany, kompletny, wolny od wad fizycznych i prawnych oraz zgodny z dokumentacją techniczną i obowiązującymi normami, dostarczany w stanie gotowym do użycia. Do sprzętu Wykonawca zobowiązany jest dołączyć: instrukcje obsługi w języku polskim, dokumentację gwarancyjną i serwisową (jeżeli dotyczy) oraz certyfikaty i atesty wymagane obowiązującymi przepisami prawa. Przedmiotem zamówienia w niniejszym postępowaniu jest dostawa wyposażenia oraz pomocy dydaktycznych przeznaczonych do realizacji zajęć praktycznych na potrzeby pracowni zawodowych w Zespole Szkół Ponadpodstawowych nr 4 w Siedlcach, Część 3: Pracownia środków transportu drogowego - sprzęt zabezpieczenia ładunku i transportu. Wykonawca zobowiązany jest do złożenia oferty obejmującej wszystkie pozycje w danej części. Szczegółowy opis części wskazany został w Załączniku nr 1A – Formularz asortymentowo - cenowy oraz załączniku nr 6 do SWZ – Opis przedmiotu zamówienia. Sprzęt należy dostarczyć do miejsca realizacji projektu, tj. do Zespołu Szkół Ponadpodstawowych nr 4 w Siedlcach, im. Kazimierza Wielkiego w Siedlcach, ul. Bema 4, 08110 Siedlce. Sprzęt musi być fabrycznie nowy, nieużywany, kompletny, wolny od wad fizycznych i prawnych oraz zgodny z dokumentacją techniczną i obowiązującymi normami, dostarczany w stanie gotowym do użycia. Do sprzętu Wykonawca zobowiązany jest dołączyć: instrukcje obsługi w języku polskim, dokumentację gwarancyjną i serwisową (jeżeli dotyczy) oraz certyfikaty i atesty wymagane obowiązującymi przepisami prawa. Przedmiotem zamówienia w niniejszym postępowaniu jest dostawa wyposażenia oraz pomocy dydaktycznych przeznaczonych do realizacji zajęć praktycznych na potrzeby pracowni zawodowych w Zespole Szkół Ponadpodstawowych nr 4 w Siedlcach, Część 4:Pracownia diagnostyki weterynaryjnej- narzędzia i wyposażenie weterynaryjne dla zwierząt żywych. Wykonawca zobowiązany jest do złożenia oferty obejmującej wszystkie pozycje w danej części. Szczegółowy opis części wskazany został w Załączniku nr 1A – Formularz asortymentowo - cenowy oraz załączniku nr 6 do SWZ – Opis przedmiotu zamówi",Miasto Siedlce
Czechia – Medical equipments,2026-05-12,CZE,,https://ted.europa.eu/en/notice/-/detail/245099-2026,245099-2026,33100000|33100000,Předmětem plnění této VZ je dodávka 1 ks laseru CO2. Součástí předmětu plnění je rovněž zajištění bezplatného záručního a pozáručního 8 letého servisu nabízeného přístroje. Součástí předmětu plnění jsou dále průběžné dodávky příslušenství.,Ústřední vojenská nemocnice - Vojenská fakultní nemocnice Praha
Poland – Medical equipments,2026-05-11,POL,,https://ted.europa.eu/en/notice/-/detail/245210-2026,245210-2026,33100000|33190000|33164100|33190000|33192300|33111620|33168000|33167000|33162200|33194110|33124110|33100000|33100000|33100000|33100000|33100000|33100000|33100000|33100000|33100000|33100000|33100000|33100000|33164100|33190000|33192300|33111620|33168000|33167000|33162200|33194110|33124110|33190000|33190000|33190000,Dokładny opis przedmiotu zamówienia zawarty jest w załączniku nr 8.1 do SWZ (formularz parametrów techniczno – użytkowych ). Dokładny opis przedmiotu zamówienia zawarty jest w załączniku nr 8.2 do SWZ (formularz parametrów techniczno – użytkowych ). Dokładny opis przedmiotu zamówienia zawarty jest w załączniku nr 8.3 do SWZ (formularz parametrów techniczno – użytkowych ). Dokładny opis przedmiotu zamówienia zawarty jest w załączniku nr 8.4 do SWZ (formularz parametrów techniczno – użytkowych ). Dokładny opis przedmiotu zamówienia zawarty jest w załączniku nr 8.5 do SWZ (formularz parametrów techniczno – użytkowych ). Dokładny opis przedmiotu zamówienia zawarty jest w załączniku nr 8.6 do SWZ (formularz parametrów techniczno – użytkowych ). Dokładny opis przedmiotu zamówienia zawarty jest w załączniku nr 8.7 do SWZ (formularz parametrów techniczno – użytkowych ). Dokładny opis przedmiotu zamówienia zawarty jest w załączniku nr 8.8 do SWZ (formularz parametrów techniczno – użytkowych ). Dokładny opis przedmiotu zamówienia zawarty jest w załączniku nr 8.9 do SWZ (formularz parametrów techniczno – użytkowych ). Dokładny opis przedmiotu zamówienia zawarty jest w załączniku nr 8.10 do SWZ (formularz parametrów techniczno – użytkowych ). Dokładny opis przedmiotu zamówienia zawarty jest w załączniku nr 8.11 do SWZ (formularz parametrów techniczno – użytkowych ). Dokładny opis przedmiotu zamówienia zawarty jest w załączniku nr 8.12 do SWZ (formularz parametrów techniczno – użytkowych ).,WOJEWÓDZKI SZPITAL SPECJALISTYCZNY IM. BŁOGOSŁAWIONEGO KSIĘDZA JERZEGO POPIEŁUSZKI WE WŁOCŁAWKU
"Germany – Endoscopy, endosurgery devices",2026-04-22,DEU,,https://ted.europa.eu/en/notice/-/detail/245211-2026,245211-2026,33168000|33191000|33168000|33191000,Lieferung und Einbau von Endokopieaufbereitungsanlagen im Rahmen des Projektes Baumaßnahmenpaket 3a,Lahn-Dill-Kliniken GmbH
Poland – Hospital beds,2026-04-17,POL,,https://ted.europa.eu/en/notice/-/detail/245216-2026,245216-2026,33192120|33192120,zgodnie z opisem przedmiotu zamówienia stanowiącym załącznik nr 1 do SWZ,Szpital Miejski w Siemianowicach Śląskich Sp. z o.o.
Czechia – Endoscopes,2026-05-12,CZE,,https://ted.europa.eu/en/notice/-/detail/245261-2026,245261-2026,33168100|50420000|33168100|33168100|33168100|50420000|50420000|50420000,"Dodávka , instalace a uvedení do provozu nového endoskopického vybavení vč. příslušenství a jeho servisní zajištění po dobu jeho předpokládané životnosti, tedy po dobu nejméně 8 let. Dodávka , instalace a uvedení do provozu nového endoskopického vybavení vč. příslušenství a jeho servisní zajištění po dobu jeho předpokládané životnosti, tedy po dobu nejméně 8 let. Dodávka , instalace a uvedení do provozu nového endoskopického vybavení vč. příslušenství a jeho servisní zajištění po dobu jeho předpokládané životnosti, tedy po dobu nejméně 8 let.",Fakultní nemocnice Motol a Homolka
Latvia – Electronic scales and accessories,,LVA,,https://ted.europa.eu/en/notice/-/detail/245306-2026,245306-2026,38311000|33170000|33192100|38311000|33170000|33192100,Jaundzimušo intensīvās terapijas iekārtu un aprīkojuma iegāde un uzturēšana (1.daļa),"Valsts sabiedrība ar ierobežotu atbildību ""Bērnu klīniskā universitātes slimnīca"""
France – Machines and apparatus with individual functions,2026-05-12,FRA,,https://ted.europa.eu/en/notice/-/detail/245352-2026,245352-2026,31640000|31640000|31640000|31640000|31640000|31640000|33191110|38434500|38432200|38950000,Autoclave Bioréacteur Chromatographie Thermocycleur,REGION CENTRE VAL DE LOIRE
Poland – Disposable non-chemical medical consumables and haematological consumables,2026-05-15,POL,,https://ted.europa.eu/en/notice/-/detail/245566-2026,245566-2026,33141000|33190000|33141000|33190000,"1. Przedmiotem zamówienia jest dostarczanie akcesoriów do pomp infuzyjnych objętościowych do podaży cytostatyków wraz z najmem pomp infuzyjnych objętościowych, statywów do pomp, stacji dokujących do siedziby Zamawiającego zgodnie z opisem i wymaganiami zawartymi w załącznikach nr 1A oraz 1B do nin. Specyfikacji. 2. Termin ważności / okres gwarancji akcesoriów do pomp infuzyjnych nie może być krótszy niż 12 miesięcy od daty dostarczenia. 3. Wymagania dotyczące akcesoriów do pomp infuzyjnych: a) Wykonawca zobowiązuje się do przeprowadzenia na wniosek Zamawiającego szkolenia personelu Zamawiającego w jego siedzibie – os. Złotej Jesieni 1, 31-826 Kraków- wraz z pierwszym dostarczeniem towaru do Apteki Szpitalnej w terminie uzgodnionym pisemnie z Zamawiającym, jednak nie później niż 30 dni od daty zawarcia umowy. b) Wykonawca zobowiązany będzie złożyć listę obecności z przeprowadzonego szkolenia, o którym mowa w ust. 3 pkt a) z podpisami przeszkolonych użytkowników stwierdzających ich faktyczną obecność do Apteki Szpitalnej w terminie 5 dni roboczych od daty przeprowadzenia szkolenia. 4. Wymagania dotyczące pomp infuzyjnych objętościowych oraz stacji dokujących: a) Wykonawca zobowiązany jest w dniu dostarczenia przedmiotu umowy do przeszkolenia pracowników Zamawiającego z dostarczonych urządzeń w siedzibie Zamawiającego siedzibie – os. Złotej Jesieni 1, 31-826 Kraków- lub zapewnienia na własny koszt takiego szkolenia przez osobę trzecią, co zostanie potwierdzone wydaniem imiennych certyfikatów. b) Zestawienie parametrów techniczno-użytkowych granicznych dotyczące najmu pomp infuzyjnych objętościowych oraz stacji dokujących zawiera załącznik nr 1B do SWZ. 5. Oferty nie posiadające pełnego zakresu przedmiotu zamówienia (w zakresie części, której dotyczą) zostaną odrzucone. 6. Zamawiający zastrzega sobie prawo zwrócenia się do Wykonawców na etapie badania i oceny ofert o udostępnienie próbek oferowanego przedmiotu zamówienia w celu ich przetestowania i sprawdzenia zdolności technicznej lub zawodowej Wykonawcy do realizacji zamówienia. Koszty z tym związane ponosi Wykonawca. 7. Pozostałe warunki zamówienia określa projekt umowy, stanowiący załącznik nr 3A oraz 3B do SWZ. XI. PRZEDMIOTOWE ŚRODKI DOWODOWE  Dotyczy akcesoriów do pomp infuzyjnych (Załącznik nr 1A do SWZ): a) szczegółowy opis przedmiotu zamówienia (ulotka informacyjna, aktualny katalog zawierający dokładny opis (lub karta techniczna na wezwanie Zamawiającego) dokumenty mają potwierdzać wymogi opisane w załączniku nr 1A SWZ); Obowiązkowo należy podać numer katalogowy oferowanego produktu, b) dokumenty świadczące o dopuszczeniu do obrotu (odpowiednio): 1) certyfikat zgodności CE lub deklaracja zgodności producenta, 2) zgłoszenie lub powiadomienie do Prezesa Urzędu Rejestracji Produktów Leczniczych, Wyrobów Medycznych i Produktów Biobójczych, 3) w przypadku rejestracji wyrobu na podstawie art. 138 ust. 7 ustawy z dnia 7 kwietnia 2022 r. o wyrobach medycznych (t.j. Dz. U. z 2022 r. poz. 974 z późn. zm.), potwierdzenie rejestracji wyrobu w bazie EUDAMED wraz z niepowtarzalnym numerem rejestracji wydanym przez URPL; 4) w przypadku produktów, które nie podlegają przepisom ustawy z dnia 7 kwietnia 2022 r. o Wyrobach Medycznych, Wykonawca zobowiązany jest dołączyć do oferty inne niż wyżej wymienione, odpowiednie dokumenty dopuszczające te produkty do obrotu i stosowania c) badania potwierdzające, że dreny (pozycja 1-7 ) spełniają wymagania systemu zamkniętego, d) oświadczeniem producenta potwierdzające o ochronie przed światłem dla Poz. 2,3,5,6 d) próbki do pakietu 1 po jednej sztuce dla każdej pozycji – Załącznik nr 1A do SWZ. Próbka – zawierająca wszystkie oferowane przez Wykonawcę elementy w liczbie wymaganej w SWZ, celem weryfikacji, czy oferowane zestawy spełniają wymogi postawione przez Zamawiającego w zakresie zawartości, sposobu pakowania oraz zasad sterylności oferowanego zestawu. Próbki należy złożyć na Dziennik Podawczy Szpitala Specjalistycznego im. Ludwika Rydygiera w ",Szpital Specjalistyczny im. Ludwika Rydygiera w Krakowie Sp. z o.o.
Norway – Miscellaneous medical devices and products,2026-05-12,NOR,,https://ted.europa.eu/en/notice/-/detail/245579-2026,245579-2026,33190000|33192000|48180000|33190000|33192000|48180000,"Automated medicine cabinets/dispenser cabinets (""sealed medicine loop"") and service thereof.",Trondheim kommune
Poland – Pharmaceutical products,2026-05-11,POL,,https://ted.europa.eu/en/notice/-/detail/245732-2026,245732-2026,33600000|33680000|33651690|33140000|33600000|33600000|33600000|33600000|33600000|33680000|33651690|33140000|33680000|33651690|33140000|33680000|33651690|33140000|33680000|33651690|33140000|33680000|33651690|33140000,"Przedmiotem zamówienia jest sukcesywna dostawa leków, sprzętu, środków dezynfekcyjnych i farmacji ludzkiej na potrzeby Schroniska na Paluchu im. Jana Lityńskiego w 2026 roku, zgodnie z opisem przedmiotu zamówienia. Zamawiający przewiduje możliwość skorzystania z prawa opcji zgodnie z art. 441 ustawy Pzp. Szczegółowy opis przedmiotu zamówienia znajduje się w Załączniku nr 2 do SWZ - Opis przedmiotu zamówienia (OPZ)/ Formularz cenowy. OPZ obejmuje zakres przedmiotowy i ilościowy zamówienia podstawowego oraz zamówienia w opcji zgodnie z art. 441 ustawy Pzp. Warunki realizacji zamówienia określone zostały w Załączniku nr 4 do SWZ – Wzór umowy. Miejsce dostawy: Schronisko na Paluchu im. Jana Lityńskiego, ul. Paluch 2, 02-147 Warszawa. Przedmiotem zamówienia jest sukcesywna dostawa leków, sprzętu, środków dezynfekcyjnych i farmacji ludzkiej na potrzeby Schroniska na Paluchu im. Jana Lityńskiego w 2026 roku, zgodnie z opisem przedmiotu zamówienia. Zamawiający przewiduje możliwość skorzystania z prawa opcji zgodnie z art. 441 ustawy Pzp. Szczegółowy opis przedmiotu zamówienia znajduje się w Załączniku nr 2 do SWZ - Opis przedmiotu zamówienia (OPZ)/ Formularz cenowy. OPZ obejmuje zakres przedmiotowy i ilościowy zamówienia podstawowego oraz zamówienia w opcji zgodnie z art. 441 ustawy Pzp. Warunki realizacji zamówienia określone zostały w Załączniku nr 4 do SWZ – Wzór umowy. Miejsce dostawy: Schronisko na Paluchu im. Jana Lityńskiego, ul. Paluch 2, 02-147 Warszawa. Przedmiotem zamówienia jest sukcesywna dostawa leków, sprzętu, środków dezynfekcyjnych i farmacji ludzkiej na potrzeby Schroniska na Paluchu im. Jana Lityńskiego w 2026 roku, zgodnie z opisem przedmiotu zamówienia. Zamawiający przewiduje możliwość skorzystania z prawa opcji zgodnie z art. 441 ustawy Pzp. Szczegółowy opis przedmiotu zamówienia znajduje się w Załączniku nr 2 do SWZ - Opis przedmiotu zamówienia (OPZ)/ Formularz cenowy. OPZ obejmuje zakres przedmiotowy i ilościowy zamówienia podstawowego oraz zamówienia w opcji zgodnie z art. 441 ustawy Pzp. Warunki realizacji zamówienia określone zostały w Załączniku nr 4 do SWZ – Wzór umowy. Miejsce dostawy: Schronisko na Paluchu im. Jana Lityńskiego, ul. Paluch 2, 02-147 Warszawa. Przedmiotem zamówienia jest sukcesywna dostawa leków, sprzętu, środków dezynfekcyjnych i farmacji ludzkiej na potrzeby Schroniska na Paluchu im. Jana Lityńskiego w 2026 roku, zgodnie z opisem przedmiotu zamówienia. Zamawiający przewiduje możliwość skorzystania z prawa opcji zgodnie z art. 441 ustawy Pzp. Szczegółowy opis przedmiotu zamówienia znajduje się w Załączniku nr 2 do SWZ - Opis przedmiotu zamówienia (OPZ)/ Formularz cenowy. OPZ obejmuje zakres przedmiotowy i ilościowy zamówienia podstawowego oraz zamówienia w opcji zgodnie z art. 441 ustawy Pzp. Warunki realizacji zamówienia określone zostały w Załączniku nr 4 do SWZ – Wzór umowy. Miejsce dostawy: Schronisko na Paluchu im. Jana Lityńskiego, ul. Paluch 2, 02-147 Warszawa. Przedmiotem zamówienia jest sukcesywna dostawa leków, sprzętu, środków dezynfekcyjnych i farmacji ludzkiej na potrzeby Schroniska na Paluchu im. Jana Lityńskiego w 2026 roku, zgodnie z opisem przedmiotu zamówienia. Zamawiający przewiduje możliwość skorzystania z prawa opcji zgodnie z art. 441 ustawy Pzp. Szczegółowy opis przedmiotu zamówienia znajduje się w Załączniku nr 2 do SWZ - Opis przedmiotu zamówienia (OPZ)/ Formularz cenowy. OPZ obejmuje zakres przedmiotowy i ilościowy zamówienia podstawowego oraz zamówienia w opcji zgodnie z art. 441 ustawy Pzp. Warunki realizacji zamówienia określone zostały w Załączniku nr 4 do SWZ – Wzór umowy. Miejsce dostawy: Schronisko na Paluchu im. Jana Lityńskiego, ul. Paluch 2, 02-147 Warszawa.",Schronisko na Paluchu im. Jana Lityńskiego
"Czechia – Sterilisation, disinfection and hygiene devices",2026-04-16,CZE,,https://ted.europa.eu/en/notice/-/detail/245912-2026,245912-2026,33191000|50421000|33191000|33191000|50421000|50421000,Předmětem plnění této veřejné zakázky je dodávka vyplachovačů podložních mís (dále a výše jen „přístroj“) včetně příslušenství pro potřeby Motolského onkologického centra FNMH. Předmětem plnění této veřejné zakázky je dodávka vyplachovačů podložních mís (dále a výše jen „přístroj“) včetně příslušenství pro potřeby Motolského onkologického centra FNMH.,Fakultní nemocnice v Motole
Poland – Medical consumables,2026-05-11,POL,,https://ted.europa.eu/en/notice/-/detail/245928-2026,245928-2026,33140000|33140000|33140000,"1. Przedmiotem zamówienia jest dostawa materiałów do zabezpieczania śladów biologicznych, z następującym podziałem na zadania: 1) ZADANIE 1: 1.Pakiet kryminalistyczny zestaw do pobierania materiału biologicznego (wymazów) z jamy ustnej dla celów bazy DNA – GENOM – GA01 z kartą FTA.; 2. Pakiety do pobierania krwi 2. Szczegółowe określenie przedmiotu i wielkość zamówienia zawarte są w załączniku nr 2 do Specyfikacji Warunków Zamówienia. 3. Maksymalna wielkość zamówienia została określona w załączniku nr 1 do SWZ – formularzu ofertowym. 4. Dostawy realizowane będą do Magazynu Wydziału Gospodarki Materiałowo – Technicznej KWP zlokalizowanego na terenie miasta Krakowa (ul. Mogilska 109). Zamawiający wymaga należycie zabezpieczonej dostawy, właściwej dla danego asortymentu. 5. Długość okresu gwarancji w zakresie poszczególnych pozycji zostały określone w załączniku nr 2 do SWZ. 6. Zawarcie umowy ramowej nie pozbawia Zamawiającego prawa do zamawiania przedmiotowych dostaw w drodze odrębnych postępowań o udzielenie zamówienia publicznego w przypadku gdy Zamawiający stwierdzi brak zainteresowania składaniem ofert Wykonawczych ze strony Wykonawców objętych umową ramową lub w innych uzasadnionych przypadkach. 1. Przedmiotem zamówienia jest dostawa materiałów do zabezpieczania śladów biologicznych, z następującym podziałem na zadania: 2) ZADANIE 2: 1. Wymazówka do zabezpieczania śladów biologicznych; 2. Torebka do zabezpieczania śladów biologicznych; 3. Pakiet kryminalistyczny do zabezpieczania śladów przestępstw na tle seksualnym 4. Sterylne patyczki do pobierania wyskrobin spod paznokci; 2. Szczegółowe określenie przedmiotu i wielkość zamówienia zawarte są w załączniku nr 2 do Specyfikacji Warunków Zamówienia. 3. Maksymalna wielkość zamówienia została określona w załączniku nr 1 do SWZ – formularzu ofertowym. 4. Dostawy realizowane będą do Magazynu Wydziału Gospodarki Materiałowo – Technicznej KWP zlokalizowanego na terenie miasta Krakowa (ul. Mogilska 109). Zamawiający wymaga należycie zabezpieczonej dostawy, właściwej dla danego asortymentu. 5. Długość okresu gwarancji w zakresie poszczególnych pozycji zostały określone w załączniku nr 2 do SWZ. 6. Zawarcie umowy ramowej nie pozbawia Zamawiającego prawa do zamawiania przedmiotowych dostaw w drodze odrębnych postępowań o udzielenie zamówienia publicznego w przypadku gdy Zamawiający stwierdzi brak zainteresowania składaniem ofert Wykonawczych ze strony Wykonawców objętych umową ramową lub w innych uzasadnionych przypadkach.",Komenda Wojewódzka Policji w Krakowie
Germany – Angiography supplies,2026-05-19,DEU,,https://ted.europa.eu/en/notice/-/detail/245943-2026,245943-2026,33111710|33111710,"Der bisher eingesetzte Linksherzkathetermessplatz erreicht bei Inbetriebnahme des Neubaus des Herzzentrums seine 10-jährige Betriebszeit. Ein Umzug ist aus wirtschaftlichen Gründen nicht sinnvoll. Zusätzlich entsprechen die Funktionalität, die Bildqualität, das Dosismanagement sowie die Datenverarbeitung nicht mehr den heutigen Erfordernissen an einen elektrophysiologischen Einsatz für komplexe rhythmologische Interventionen. Der zu ersetzende 2015 in Betrieb genommene 2-Ebenen-Herzkathetermessplatz wird derzeit zu 80 % für elektrophysiologische Untersuchungen und Therapien, zu 20 % für weitere Eingriffe, wie die Implantation biventrikulärer Defibrillatoren, intrakardialer Verschluss-Systeme usw. genutzt. Neben dem mechanischen Verschleiß entsprechen die monovaskuläre (ausschließlich Koronardiagnostik) Funktionalität, die Bildqualität, das Dosismanagement sowie die Datenverarbeitung nicht mehr den heutigen Erfordernissen. Ein Umzug der Anlage in das sich im Bau befindliche und voraussichtlich Anfang 2027 in Betrieb genommene Herzzentrum stellt zusätzlich keine sinnvolle wirtschaftliche Lösung dar.",Universitätsklinikum Magdeburg A.ö.R.
Portugal – Medical equipments,2026-04-06,PRT,,https://ted.europa.eu/en/notice/-/detail/245944-2026,245944-2026,33100000|33100000,Aquisição de 9 (nove) Monitores e 1 (uma) central de monitorização para UCIP I + 10 (dez) Monitores e 1 (uma) central de monitorização para UCIP II,"Unidade Local de Saúde de Almada-Seixal, EPE"
Denmark – Orthopaedic footwear,2026-05-13,DNK,,https://ted.europa.eu/en/notice/-/detail/245962-2026,245962-2026,33141740|33141740,"Udbuddet vedrører indkøb og levering af ortopædisk fodtøj mv. og hertil forbundne ydelser til borgere med bevilling fra Ordregiver. Der er tale om individuelt fremstillet ortopædisk fodtøj, semi-ortopædisk fodtøj, fabriksfremstillet fodtøj, ortopædiske fodindlæg, tilpasning af borgerens egne sko, reparation og tilretning mv. Undtaget fra udbuddet er ortosefodtøj samt ortopædisk værnefodtøj, da disse er omfattet af andre aftaler. For nærmere beskrivelse af de udbudte produkter og varegrupper, herunder de krav varerne skal opfylde, henvises til kravspecifikation (bilag 3) og tilbudslisten (bilag 4) samt eventuelle rettelser og besvarelse af spørgsmål.",Herning Kommune
Czechia – Catheters,2026-04-21,CZE,,https://ted.europa.eu/en/notice/-/detail/245975-2026,245975-2026,33141200|33141200|33141200|33141200|33141200,Předmětem plnění veřejné zakázky jsou průběžné dodávky tromboaspiračních katétrů pro pro 1. Interní kardioangiologickou kliniku Fakultní nemocnice Hradec Králové na období 4 let. Předmětem plnění veřejné zakázky jsou průběžné dodávky extenzí vodících katétrů pro 1. Interní kardioangiologickou kliniku Fakultní nemocnice Hradec Králové na období 4 let. Předmětem plnění veřejné zakázky jsou průběžné dodávky nízkoprofilových mikrokatétrů po použití u chronických totálních okluzí (CTO) pro 1. Interní kardioangiologickou kliniku Fakultní nemocnice Hradec Králové na období 4 let. Předmětem plnění veřejné zakázky jsou průběžné dodávky mikrokatétrů pro běžné použití u chronických totálních okluzí (CTO) pro 1. Interní kardioangiologickou kliniku Fakultní nemocnice Hradec Králové na období 4 let.,Fakultní nemocnice Hradec Králové
"Germany – Endoscopy, endosurgery devices",2026-05-18,DEU,,https://ted.europa.eu/en/notice/-/detail/246087-2026,246087-2026,33168000|33190000|33168000|33190000,"Gegenstand der Angebotsaufforderung ist die Lieferung, Montage, Inbetriebnahme sowie Einweisung eines urologischen Endoskopiesystems (starre Endoskopie) einschließlich sämtlicher Nebenleistungen. Der Leistungsumfang umfasst insbesondere ein 4K‑Kamerasteuerungsgerät, Kaltlichtquelle, 4K‑Kamerakopf, Monitore, Dokumentationseinheiten (Miete und Kauf), Gerätewagen sowie die Anbindung an das Dokumentationssystem Dedalus Orbis inklusive DICOM‑Integration. Ergänzend sind Schulungs‑ und Einweisungsleistungen sowie umfangreiche Service‑, Wartungs‑, Störfall‑ und Gewährleistungsleistungen zu erbringen.",Delme Klinikum Delmenhorst GmbH
"Czechia – Endoscopy, endosurgery devices",2026-05-11,CZE,,https://ted.europa.eu/en/notice/-/detail/246121-2026,246121-2026,33168000|33162200|38636100|50421000|33168000|38636100|33162200|50421000|50421000,"Předmětem plnění této veřejné zakázky je dodávka endoskopického vybavení urologie včetně příslušenství pro potřeby Motolského onkologického centra FNMH. Součástí předmětu plnění je dále: (i.) Instalace přístroje a jeho uvedení do provozu včetně ověření jeho funkčnosti, provedení všech předepsaných zkoušek a testů. (ii.) Instruktáž/proškolení zdravotnického personálu prováděné osobou k tomu pověřenou dle § 41 zákona č. 375/2022 Sb., o zdravotnických prostředcích a diagnostických zdravotnických prostředcích in vitro (dále jen „zákon č. 375/2022 Sb.“). (iii.) Záruční a pozáruční servis přístroje, který bude provádět osoba k této činnosti pověřená, a to na základě certifikátu výrobce o proškolení servisního technika dle § 44–46 zákona č. 375/2022 Sb. Předmětem plnění této veřejné zakázky je dodávka endoskopického vybavení urologie včetně příslušenství pro potřeby Motolského onkologického centra FNMH. Součástí předmětu plnění je dále: (i.) Instalace přístroje a jeho uvedení do provozu včetně ověření jeho funkčnosti, provedení všech předepsaných zkoušek a testů. (ii.) Instruktáž/proškolení zdravotnického personálu prováděné osobou k tomu pověřenou dle § 41 zákona č. 375/2022 Sb., o zdravotnických prostředcích a diagnostických zdravotnických prostředcích in vitro (dále jen „zákon č. 375/2022 Sb.“). (iii.) Záruční a pozáruční servis přístroje, který bude provádět osoba k této činnosti pověřená, a to na základě certifikátu výrobce o proškolení servisního technika dle § 44–46 zákona č. 375/2022 Sb.",Fakultní nemocnice Motol a Homolka
Sweden – Medical equipments,2026-05-14,SWE,,https://ted.europa.eu/en/notice/-/detail/246124-2026,246124-2026,33100000|33151000|33100000|33151000,,Region Västmanland
Croatia – Medical consumables,2026-05-04,HRV,,https://ted.europa.eu/en/notice/-/detail/246129-2026,246129-2026,33140000|33140000|33140000|33140000|33140000|33140000|33140000,Grupa 1. Razni sanitetski potrošni materijal Grupa 2.- razni sanitetski potrošni materijal Grupa 3.- razni sanitetski potrošni materijal Grupa 4.- razni sanitetski potrošni materijal Grupa 5. Razni sanitetski potrošni materijal Grupa 6. Razni sanitetski potrošni materijal,Klinička bolnica Merkur
Austria – Medical consumables,2026-05-11,AUT,,https://ted.europa.eu/en/notice/-/detail/246254-2026,246254-2026,33140000|33141320|33141323|33140000,"Liefervertrag auf unbestimmte Zeit zur Lieferung von Aspirationsnadeln in verschiedenen Größen, die mit den bereits vorhandenen Bronchoskopen des Herstellers Olympus zu 100% kompatibel und zugelassen sind, für die Salzburger Landeskliniken (inkl. aller bestehenden und künftigen Standorte)",Gemeinnützige Salzburger Landeskliniken Betriebsgesellschaft mbH
"Sweden – Medical equipments, pharmaceuticals and personal care products",2026-05-09,SWE,,https://ted.europa.eu/en/notice/-/detail/246264-2026,246264-2026,33000000|33000000|33000000|33000000|33100000|33110000|33112000|33112200|33100000|33110000|33112000|33112200|33100000|33110000|33112000|33112200,"Region Värmland (regionen) genomför denna upphandling som avser ramavtal med samtliga kvalificerade leverantörer som uppfyller obligatoriska kraven för leverans och tillgodose regionens behov av ultraljudsutrustning inklusive tillbehör, förbrukningsmaterial och reservdelar enligt beskrivning i upphandlingsdokumenten. Handhållna ultraljud samt urinvolymblåsmätare omfattas inte av denna upphandling.   Inom regionens sjukhus samt på vårdcentraler finns idag olika typer av ultraljudsutrustningar och det finns behov av reinvesteringar, kompletteringar och nyinvesteringar. Aktuella verksamheter inom bland annat kvinnosjukvården, kirurgiska specialiteter samt medicinska specialiteter.   Upphandlingen är indelad i tre (3) olika produktgrupper baserade på avsedda användningsområden och inkluderar såväl utrustning som utrustningsspecifika tillbehör och förbrukningsartiklar inom respektive område. Anbud kan lämnas för en (1) produktgrupp alternativt för flera produktgrupper.   Beräknad avtalstid är två (2) år med option om förlängning maximalt tolv (12) månader + tolv (12) månader. Region Värmland (regionen) genomför denna upphandling som avser ramavtal med samtliga kvalificerade leverantörer som uppfyller obligatoriska kraven för leverans och tillgodose regionens behov av ultraljudsutrustning inklusive tillbehör, förbrukningsmaterial och reservdelar enligt beskrivning i upphandlingsdokumenten. Handhållna ultraljud samt urinvolymblåsmätare omfattas inte av denna upphandling.   Inom regionens sjukhus samt på vårdcentraler finns idag olika typer av ultraljudsutrustningar och det finns behov av reinvesteringar, kompletteringar och nyinvesteringar. Aktuella verksamheter inom bland annat kvinnosjukvården, kirurgiska specialiteter samt medicinska specialiteter.   Upphandlingen är indelad i tre (3) olika produktgrupper baserade på avsedda användningsområden och inkluderar såväl utrustning som utrustningsspecifika tillbehör och förbrukningsartiklar inom respektive område. Anbud kan lämnas för en (1) produktgrupp alternativt för flera produktgrupper.   Beräknad avtalstid är två (2) år med option om förlängning maximalt tolv (12) månader + tolv (12) månader. Region Värmland (regionen) genomför denna upphandling som avser ramavtal med samtliga kvalificerade leverantörer som uppfyller obligatoriska kraven för leverans och tillgodose regionens behov av ultraljudsutrustning inklusive tillbehör, förbrukningsmaterial och reservdelar enligt beskrivning i upphandlingsdokumenten. Handhållna ultraljud samt urinvolymblåsmätare omfattas inte av denna upphandling.   Inom regionens sjukhus samt på vårdcentraler finns idag olika typer av ultraljudsutrustningar och det finns behov av reinvesteringar, kompletteringar och nyinvesteringar. Aktuella verksamheter inom bland annat kvinnosjukvården, kirurgiska specialiteter samt medicinska specialiteter.   Upphandlingen är indelad i tre (3) olika produktgrupper baserade på avsedda användningsområden och inkluderar såväl utrustning som utrustningsspecifika tillbehör och förbrukningsartiklar inom respektive område. Anbud kan lämnas för en (1) produktgrupp alternativt för flera produktgrupper.   Beräknad avtalstid är två (2) år med option om förlängning maximalt tolv (12) månader + tolv (12) månader.",Region Värmland
Norway – Medical consumables,,NOR,,https://ted.europa.eu/en/notice/-/detail/246324-2026,246324-2026,33140000|33100000,"A prior information notice for the tender documentation. Eye implants, Bergen Hospital Trust. Feedback can be sent via Ivalua, https://sykehusinnkjop.ivalua.app",Sykehusinnkjøp HF
Czechia – Medical equipments,2026-05-12,CZE,,https://ted.europa.eu/en/notice/-/detail/246336-2026,246336-2026,33100000|33100000,"Předmětem plnění této VZ je dodávka přístrojového vybavení pro oftalmologickou ambulanci, zahrnující štěrbinovou lampu, brýlovou sadu, brýlovou obrubu a oftalmoskop s nabíječkou, slouží za účelem diagnostiky, monitorování a léčby očních onemocnění, refrakčních vad a hodnocení zdravotního stavu oka pro zajištění kvalitní oftalmologické péče. Součástí předmětu plnění je rovněž zajištění bezplatného záručního a pozáručního 8 letého servisu nabízeného přístroje.",Ústřední vojenská nemocnice - Vojenská fakultní nemocnice Praha
Poland – X-ray processing devices,2026-04-03,POL,,https://ted.europa.eu/en/notice/-/detail/246341-2026,246341-2026,33111300|33111300,Dostawa radiatora do napromieniowania krwi i jej składników z zastosowaniem promieniowania rentgenowskiego X. Szczegółowe określenie przedmiotu zamówienia zawiera Formularz Nr 1 i Załącznik Nr 1 oraz ich ewentualne modyfikacje stanowiące integralną część niniejszej SWZ,Regionalne Centrum Krwiodawstwa i Krwiolecznictwa w Poznaniu
"Spain – Endoscopy, endosurgery devices",,ESP,,https://ted.europa.eu/en/notice/-/detail/246408-2026,246408-2026,33168000,"Suministro, instalación, puesta en funcionamiento y mantenimiento de un equipo de litotricia extracorpórea por ondas de choque",Gerencia del Área Sanitaria IV del Servicio de Salud del Principado de Asturias
Sweden – Medical consumables,2026-04-14,SWE,,https://ted.europa.eu/en/notice/-/detail/246434-2026,246434-2026,33140000|33000000|33141400|33141411|33141420|33141600|33141640|39518100|39518200|33140000|33000000|33141400|33141411|33141420|33141600|33141640|39518100|39518200,"Upphandlingen omfattar förbrukningsartiklar för Region Blekinge och Region Kronobergs opererande enheter, och omfattar engångstextilier, engångsartiklar, operationshandskar samt mun- och andningsskydd.",Region Blekinge
Belgium – Medical equipments,2026-05-11,BEL,,https://ted.europa.eu/en/notice/-/detail/246473-2026,246473-2026,33100000|33160000|33100000|33100000|33160000|33160000,Perceel 1: Een toestel voor craniale en spinale neuronavigatie Perceel 2: Een toestel voor NKO,AZ Rivierenland VZW
Germany – Medical equipments,2026-05-21,DEU,,https://ted.europa.eu/en/notice/-/detail/246510-2026,246510-2026,33100000|33123000|33172000|33100000|33123000|33172000,1.2. Liefer- und Entwicklungsstand - Alle Funktionen müssen bei Angebotsabgabe auslieferungs- und verwendungsreif sein. - Funktionen in Entwicklung werden nicht bewertet. Genauere Informationen entnehmen Sie bitte der Leistungsbeschreibung.,Rettungsdienst Landkreis Aurich gGmbH
"Germany – Endoscopy, endosurgery devices",2026-05-18,DEU,,https://ted.europa.eu/en/notice/-/detail/246612-2026,246612-2026,33168000|33190000|33197000|33168000|33190000|33197000,"Gegenstand der Ausschreibung ist die Lieferung, Montage, Inbetriebnahme sowie Einweisung von medizinisch‑technischen Systemen für die Endoskopie und Arthroskopie (starre Systeme) einschließlich aller hierfür erforderlichen Nebenleistungen. Der Leistungsumfang umfasst insbesondere modulare Endoskopie‑ und Arthroskopiesysteme (u. a. Kamerasysteme in 4K‑Qualität, Lichtquellen, Insufflatoren, Spülpumpen, Gerätewagen, Dokumentationseinheiten), Schulungs‑ und Einweisungsleistungen sowie umfangreiche Gewährleistungs‑, Wartungs‑ und Serviceleistungen.",Delme Klinikum Delmenhorst GmbH
Spain – Furniture,2030-04-08,ESP,,https://ted.europa.eu/en/notice/-/detail/246712-2026,246712-2026,39100000|15713000|18500000|32320000|33182100|34928200|35200000|35815100|44212320|39100000|39100000|39100000|39100000|39100000|39100000|39100000|39100000|39100000,"Lote 1: Mobiliario para dependencias Lote 2: Productos alimentación, desparasitación externa y adiestramiento de perros Lote 3: Trofeos, medallas y placas Lote 4: Armamento, cartuchería y complementos afines Lote 5: Desfibriladores Lote 6: Chalecos antibala Lote 7: Suministro de vallas Lote 8: Estructura e instalaciones temporales Lote 9: Equipos de sonido, audiovisuales y accesorios",Junta de Gobierno del Ayuntamiento de Santa Pola
Estonia – Disposable non-chemical medical consumables and haematological consumables,2026-04-27,EST,,https://ted.europa.eu/en/notice/-/detail/246745-2026,246745-2026,33141000|33141000|33141000|33141000|33141000|33141000|33141000|33141000|33141000|33141000|33141000|33141000|33141000|33141000|33141000|33141000|33141000|33141000|33141000|33141000|33141000,Detailne tehniline kirjeldus on leitav Lisast 1. / Kõrvaldamise alused ja kvalifitseerimistingimused: Vaata hanke alusdokumentidest Detailne tehniline kirjeldus on leitav Lisast 1. / Kõrvaldamise alused ja kvalifitseerimistingimused: Vaata hanke alusdokumentidest Detailne tehniline kirjeldus on leitav Lisast 1. / Kõrvaldamise alused ja kvalifitseerimistingimused: Vaata hanke alusdokumentidest Detailne tehniline kirjeldus on leitav Lisast 1. / Kõrvaldamise alused ja kvalifitseerimistingimused: Vaata hanke alusdokumentidest Detailne tehniline kirjeldus on leitav Lisast 1. / Kõrvaldamise alused ja kvalifitseerimistingimused: Vaata hanke alusdokumentidest Detailne tehniline kirjeldus on leitav Lisast 1. / Kõrvaldamise alused ja kvalifitseerimistingimused: Vaata hanke alusdokumentidest Detailne tehniline kirjeldus on leitav Lisast 1. / Kõrvaldamise alused ja kvalifitseerimistingimused: Vaata hanke alusdokumentidest Detailne tehniline kirjeldus on leitav Lisast 1. / Kõrvaldamise alused ja kvalifitseerimistingimused: Vaata hanke alusdokumentidest Detailne tehniline kirjeldus on leitav Lisast 1. / Kõrvaldamise alused ja kvalifitseerimistingimused: Vaata hanke alusdokumentidest Detailne tehniline kirjeldus on leitav Lisast 1. / Kõrvaldamise alused ja kvalifitseerimistingimused: Vaata hanke alusdokumentidest Detailne tehniline kirjeldus on leitav Lisast 1. / Kõrvaldamise alused ja kvalifitseerimistingimused: Vaata hanke alusdokumentidest Detailne tehniline kirjeldus on leitav Lisast 1. / Kõrvaldamise alused ja kvalifitseerimistingimused: Vaata hanke alusdokumentidest Detailne tehniline kirjeldus on leitav Lisast 1. / Kõrvaldamise alused ja kvalifitseerimistingimused: Vaata hanke alusdokumentidest Detailne tehniline kirjeldus on leitav Lisast 1. / Kõrvaldamise alused ja kvalifitseerimistingimused: Vaata hanke alusdokumentidest Detailne tehniline kirjeldus on leitav Lisast 1. / Kõrvaldamise alused ja kvalifitseerimistingimused: Vaata hanke alusdokumentidest Detailne tehniline kirjeldus on leitav Lisast 1. / Kõrvaldamise alused ja kvalifitseerimistingimused: Vaata hanke alusdokumentidest Detailne tehniline kirjeldus on leitav Lisast 1. / Kõrvaldamise alused ja kvalifitseerimistingimused: Vaata hanke alusdokumentidest Detailne tehniline kirjeldus on leitav Lisast 1. / Kõrvaldamise alused ja kvalifitseerimistingimused: Vaata hanke alusdokumentidest Detailne tehniline kirjeldus on leitav Lisast 1. / Kõrvaldamise alused ja kvalifitseerimistingimused: Vaata hanke alusdokumentidest Detailne tehniline kirjeldus on leitav Lisast 1. / Kõrvaldamise alused ja kvalifitseerimistingimused: Vaata hanke alusdokumentidest,sihtasutus Tartu Ülikooli Kliinikum
Czechia – Surgical instruments,2026-04-20,CZE,,https://ted.europa.eu/en/notice/-/detail/246915-2026,246915-2026,33169000|33169000,Předmětem zadávacího řízení je uzavření rámcové kupní smlouvy na dodávky zdravotnického materiálu dle potřeb zadavatele.,Fakultní nemocnice Brno
Poland – Reagents and contrast media,2026-04-16,POL,,https://ted.europa.eu/en/notice/-/detail/247011-2026,247011-2026,33696000|33140000|33696000|33696000|33696000|33696000|33696000|33696000|33696000|33696000|33696000|33696000|33696000|33140000|33140000|33140000|33140000|33140000|33140000|33140000|33140000|33140000,"Przedmiotem zamówienia jest dostawa odczynników laboratoryjnych wraz z dzierżawą analizatorów. Zakres zamówienia zgodnie z Załącznikiem nr 2 do SWZ tj. Zestawienie asortymentowo-cenowe, Załącznikiem nr 3 do SWZ tj. Opis minimalnych parametów analizatorów oraz Projektowanymi postanowieniami umowy. Przedmiotem zamówienia jest dostawa odczynników laboratoryjnych wraz z dzierżawą analizatorów. Zakres zamówienia zgodnie z Załącznikiem nr 2 do SWZ tj. Zestawienie asortymentowo-cenowe, Załącznikiem nr 3 do SWZ tj. Opis minimalnych parametów analizatorów oraz Projektowanymi postanowieniami umowy. Przedmiotem zamówienia jest dostawa odczynników laboratoryjnych wraz z dzierżawą analizatorów. Zakres zamówienia zgodnie z Załącznikiem nr 2 do SWZ tj. Zestawienie asortymentowo-cenowe, Załącznikiem nr 3 do SWZ tj. Opis minimalnych parametów analizatorów oraz Projektowanymi postanowieniami umowy. Przedmiotem zamówienia jest dostawa odczynników laboratoryjnych wraz z dzierżawą analizatorów. Zakres zamówienia zgodnie z Załącznikiem nr 2 do SWZ tj. Zestawienie asortymentowo-cenowe, Załącznikiem nr 3 do SWZ tj. Opis minimalnych parametów analizatorów oraz Projektowanymi postanowieniami umowy. Przedmiotem zamówienia jest dostawa odczynników laboratoryjnych wraz z dzierżawą analizatorów. Zakres zamówienia zgodnie z Załącznikiem nr 2 do SWZ tj. Zestawienie asortymentowo-cenowe, Załącznikiem nr 3 do SWZ tj. Opis minimalnych parametów analizatorów oraz Projektowanymi postanowieniami umowy. Przedmiotem zamówienia jest dostawa odczynników laboratoryjnych wraz z dzierżawą analizatorów. Zakres zamówienia zgodnie z Załącznikiem nr 2 do SWZ tj. Zestawienie asortymentowo-cenowe, Załącznikiem nr 3 do SWZ tj. Opis minimalnych parametów analizatorów oraz Projektowanymi postanowieniami umowy. Przedmiotem zamówienia jest dostawa odczynników laboratoryjnych wraz z dzierżawą analizatorów. Zakres zamówienia zgodnie z Załącznikiem nr 2 do SWZ tj. Zestawienie asortymentowo-cenowe, Załącznikiem nr 3 do SWZ tj. Opis minimalnych parametów analizatorów oraz Projektowanymi postanowieniami umowy. Przedmiotem zamówienia jest dostawa odczynników laboratoryjnych wraz z dzierżawą analizatorów. Zakres zamówienia zgodnie z Załącznikiem nr 2 do SWZ tj. Zestawienie asortymentowo-cenowe, Załącznikiem nr 3 do SWZ tj. Opis minimalnych parametów analizatorów oraz Projektowanymi postanowieniami umowy. Przedmiotem zamówienia jest dostawa odczynników laboratoryjnych wraz z dzierżawą analizatorów. Zakres zamówienia zgodnie z Załącznikiem nr 2 do SWZ tj. Zestawienie asortymentowo-cenowe, Załącznikiem nr 3 do SWZ tj. Opis minimalnych parametów analizatorów oraz Projektowanymi postanowieniami umowy. Przedmiotem zamówienia jest dostawa odczynników laboratoryjnych wraz z dzierżawą analizatorów. Zakres zamówienia zgodnie z Załącznikiem nr 2 do SWZ tj. Zestawienie asortymentowo-cenowe, Załącznikiem nr 3 do SWZ tj. Opis minimalnych parametów analizatorów oraz Projektowanymi postanowieniami umowy. Przedmiotem zamówienia jest dostawa odczynników laboratoryjnych wraz z dzierżawą analizatorów. Zakres zamówienia zgodnie z Załącznikiem nr 2 do SWZ tj. Zestawienie asortymentowo-cenowe, Załącznikiem nr 3 do SWZ tj. Opis minimalnych parametów analizatorów oraz Projektowanymi postanowieniami umowy.",Szpital Miejski w Gliwicach Sp. z o.o.
Poland – Medical equipments,2026-04-24,POL,,https://ted.europa.eu/en/notice/-/detail/247074-2026,247074-2026,33100000|33110000|33182000|33123000|33193000|33100000|33100000|33100000|33100000|33110000|33182000|33123000|33193000,Część nr 1 – Echokardiografy Część nr 2 – Defibrylatory Część nr 3 – Urządzenia do diagnostyki sercowo-naczyniowej Część nr 4 – Wózek do przewożenia chorych,Samodzielny Publiczny Zespół Zakładów Opieki Zdrowotnej w Pruszkowie
Poland – X-ray devices,2026-05-12,POL,,https://ted.europa.eu/en/notice/-/detail/247245-2026,247245-2026,33111000|33111000,Zakup aparatu RTG z ramieniem C z wyposażeniem dla Specjalistycznego Szpitala Wojewódzkiego w Ciechanowie,SPECJALISTYCZNY SZPITAL WOJEWÓDZKI W CIECHANOWIE
"Sweden – Medical equipments, pharmaceuticals and personal care products",2026-04-28,SWE,,https://ted.europa.eu/en/notice/-/detail/247261-2026,247261-2026,33000000|33130000|51412000|33000000|33130000|51412000,"Malmö universitet inbjuder härmed intresserade leverantörer till ingivande av anbudsansökan avseende behandlingsutrustning tandläkarstolar (units) till nya tandläkarhögskolan, Malmö universitet.",Malmö universitet
Germany – Medical equipments,2026-05-11,DEU,,https://ted.europa.eu/en/notice/-/detail/247322-2026,247322-2026,33100000|33168000|33100000|33168000,,Klinikum Bielefeld gGmbH
Poland – Parenteral nutrition products,2026-04-17,POL,,https://ted.europa.eu/en/notice/-/detail/247325-2026,247325-2026,33692200|15882000|33600000|33140000|33692200|33692200|33692200|33692200|33692200|33692200|33692200|33692200|33692200|33692200|33692200|33692200|33692200|33692200|33692200|33600000|33600000|33600000|15882000|15882000|33600000|15882000|33140000|15882000|33140000|33140000,"1. Produkty do żywienia pozajelitowego (Produkty farmaceutyczne) – 17 pozycji w Formularzu cenowo – ofertowym. 2. Szczegółowy opis przedmiotu zamówienia, wymagania Zamawiającego określono w Formularzu cenowo – ofertowym – Załączniku nr 1 , będącym integralną częścią SWZ. 3. Zakres zamówienia obejmuje dostawę przedmiotów zamówienia w ilościach wyszczególnionych w Formularzu cenowo – ofertowym na okres: przez 24 miesiące od daty zawarcia umowy. 4. Zamawiający nie dopuszcza składania ofert równoważnych. 5. Zamawiający dopuszcza możliwość zmiany terminu obowiązywania umowy zawartej z Wykonawcą w przypadku nie zrealizowania w okresie jej trwania całości przedmiotu umowy. W takim przypadku zmiana umowy wymaga podpisania aneksu, z tym, że Zamawiający jednostronnie zawiadamia Wykonawcę o proponowanym przedłużeniu umowy przed upływem terminu, na jaki została ona zawarta. 1. Produkty do żywienia pozajelitowego (Produkty farmaceutyczne) – 35 pozycji w Formularzu cenowo – ofertowym 2. Szczegółowy opis przedmiotu zamówienia, wymagania Zamawiającego określono w Formularzu cenowo – ofertowym – Załączniku nr 1 , będącym integralną częścią SWZ. 3. Zakres zamówienia obejmuje dostawę przedmiotów zamówienia w ilościach wyszczególnionych w Formularzu cenowo – ofertowym na okres: przez 24 miesiące od daty zawarcia umowy. 4. Zamawiający nie dopuszcza składania ofert równoważnych. 5. Zamawiający dopuszcza możliwość zmiany terminu obowiązywania umowy zawartej z Wykonawcą w przypadku nie zrealizowania w okresie jej trwania całości przedmiotu umowy. W takim przypadku zmiana umowy wymaga podpisania aneksu, z tym, że Zamawiający jednostronnie zawiadamia Wykonawcę o proponowanym przedłużeniu umowy przed upływem terminu, na jaki została ona zawarta. 1. Środki spożywcze specjalnego przeznaczenia żywieniowego – 37 pozycji w Formularzu cenowo – ofertowym 2. Szczegółowy opis przedmiotu zamówienia, wymagania Zamawiającego określono w Formularzu cenowo – ofertowym – Załączniku nr 1 , będącym integralną częścią SWZ. 3. Zakres zamówienia obejmuje dostawę przedmiotów zamówienia w ilościach wyszczególnionych w Formularzu cenowo – ofertowym na okres: przez 24 miesiące od daty zawarcia umowy. 4. Zamawiający nie dopuszcza składania ofert równoważnych. 5. Zamawiający dopuszcza możliwość zmiany terminu obowiązywania umowy zawartej z Wykonawcą w przypadku nie zrealizowania w okresie jej trwania całości przedmiotu umowy. W takim przypadku zmiana umowy wymaga podpisania aneksu, z tym, że Zamawiający jednostronnie zawiadamia Wykonawcę o proponowanym przedłużeniu umowy przed upływem terminu, na jaki została ona zawarta. umowy. 1. Produkty do żywienia pozajelitowego (Produkty farmaceutyczne) – 10 pozycji w Formularzu cenowo – ofertowym 2. Szczegółowy opis przedmiotu zamówienia, wymagania Zamawiającego określono w Formularzu cenowo – ofertowym – Załączniku nr 1 , będącym integralną częścią SWZ. 3. Zakres zamówienia obejmuje dostawę przedmiotów zamówienia w ilościach wyszczególnionych w Formularzu cenowo – ofertowym na okres: przez 24 miesiące od daty zawarcia umowy. 4. Zamawiający nie dopuszcza składania ofert równoważnych. 5. Zamawiający dopuszcza możliwość zmiany terminu obowiązywania umowy zawartej z Wykonawcą w przypadku nie zrealizowania w okresie jej trwania całości przedmiotu umowy. W takim przypadku zmiana umowy wymaga podpisania aneksu, z tym, że Zamawiający jednostronnie zawiadamia Wykonawcę o proponowanym przedłużeniu umowy przed upływem terminu, na jaki została ona zawarta. 1. Środki spożywcze specjalnego przeznaczenia żywieniowego – 28 pozycji w Formularzu cenowo – ofertowym 2. Szczegółowy opis przedmiotu zamówienia, wymagania Zamawiającego określono w Formularzu cenowo – ofertowym – Załączniku nr 1 , będącym integralną częścią SWZ. 3. Zakres zamówienia obejmuje dostawę przedmiotów zamówienia w ilościach wyszczególnionych w Formularzu cenowo – ofertowym na okres: przez 24 miesiące od daty zawarcia umowy. 4. Zamawiający nie dopuszcza składania ofert równoważnych. 5. ",Uniwersytecki Szpital Kliniczny im. Fryderyka Chopina w Rzeszowie
Italy – Artificial parts of the heart,,ITA,,https://ted.europa.eu/en/notice/-/detail/247434-2026,247434-2026,33184300|33184300,"ACP3415PN_Procedura Negoziata Telematica per l'affidamento mediante Accordo Quadro della fornitura di sistemi impiantabili VAD a flusso centrifugo _Aggiudicazione importo 277.500,00 +iva 4% (opzioni escluse) . AVVISO ESITO GARA",Azienda ospedaliero-universitaria delle Marche - SO Affidamento Contratti Pubblici
Czechia – Operating-theatre devices,2026-04-23,CZE,,https://ted.europa.eu/en/notice/-/detail/247513-2026,247513-2026,33162100|33169000|33140000|33162100|33169000|33140000,"- dodávka 2 ks přístrojů pro perioperační neurofyziologický monitoring pro Neurochirurgickou kliniku (NCHK), Pracoviště Nemocnice Bohunice a Porodnice, Jihlavská 20, 625 00 Brno; - dodávky spotřebního materiálu na základě rámcové kupní smlouvy uzavřené na dobu 8 let.",Fakultní nemocnice Brno
Poland – Renal fluid,2026-04-23,POL,,https://ted.europa.eu/en/notice/-/detail/247523-2026,247523-2026,33181510|33181520|33194100|30216200|48180000|33181510|33181510|33181520|33181520|33194100|30216200|48180000|33181520|33194100,"Dzierżawa urządzeń do podgrzewania płynów dializacyjnych i cyklerów wraz z dostawą następującego towaru: worki z płynem dializacyjnym, wyroby do dializy nerkowej, czytnik kart do cyklera, oprogramowanie komputerowe do rejestracji przebiegu dializy - 18 pozycji. Szczegółowy opis towaru zawiera dokumentacja zamówienia. Dzierżawa urządzeń do podgrzewania i podaży płynów dializacyjnych wraz z dostawą następującego towaru: worki z płynem dializacyjnym, roztwory do dializy otrzewnowej, wyroby do dializy nerkowej - 20 pozycji. Szczegółowy opis towaru zawiera dokumentacja zamówienia. Dostawa następującego towaru: koncentrat kwaśny do hemodializy - 350000 litrów. Szczegółowy opis towaru zawiera dokumentacja zamówienia.",Wojskowy Instytut Medyczny - Państwowy Instytut Badawczy
Poland – Medical consumables,2026-05-13,POL,,https://ted.europa.eu/en/notice/-/detail/247573-2026,247573-2026,33140000|33140000|33140000,"Szczegółowy opis przedmiotu zamówienia, opis wymagań zamawiającego w zakresie realizacji i odbioru określają: - opis przedmiotu zamówienia - załącznik asortymentowo – cenowy (nr 1 do SWZ). - projektowane postanowienia umowy – załącznik nr 5 do SWZ.",Samodzielny Publiczny Szpital Kliniczny im. A.Mielęckiego Śląskiego Uniwersytetu Medycznego w Katowicach
"Finland – Laboratory, optical and precision equipments (excl. glasses)",2026-05-18,FIN,,https://ted.europa.eu/en/notice/-/detail/247752-2026,247752-2026,38000000|33140000|38437000|38000000|33140000|38437000,"Keskusrikospoliisi pyytää tarjousta reaaliaikaisille PCR-laitteille, jotka soveltuvat ihmisperäisen ja miesperäisen DNA:n pitoisuuden yhtäaikaiseen määritykseen tehdyille kaupallisille tuotteille. Hankinnan kohteena on kolme (3) reaaliaikaista PCR-laitetta (RT-PCR instrument). Tarjoukseen pyydetään optiota kahdelle (2) ylimääräiselle laitteelle. Kohteena on myös laitteiden ylläpitopalvelu sekä laitteissa käytettävät kulutustavarat. Hankinnan kohde on kuvattu tarkemmin tarjouspyynnössä ja sen liitteissä. Tilaukset toteutetaan sopimuskaudella toimitussopimuksessa kuvatuin ehdoin. Hankittaville laitteille tehdään myös ylläpitosopimus.",Helsingin poliisilaitos
Spain – Medical equipments,2026-05-11,ESP,,https://ted.europa.eu/en/notice/-/detail/247861-2026,247861-2026,33100000|33100000,Contrato de suministro de dos sistemas cerrados automatizados para la producción de medicamentos de terapias avanzadas,Fundación para la Investigación Biomédica del Hospital Universitario la Paz
Czechia – Diagnostic devices,2026-05-14,CZE,,https://ted.europa.eu/en/notice/-/detail/247923-2026,247923-2026,33124100|50421000|33140000|33124100|50421000|33140000,"Předmětem této veřejné zakázky je dodání 4 ks přístrojů pro monitorování nitrolebních parametrů a parciálního tlaku kyslíku pro potřeby Kliniky anesteziologie, perioperační a intenzivní medicíny Krajské zdravotní, a.s. – Masarykova nemocnice v Ústí nad Labem, o.z., včetně zajištění řádných a včasných dodávek setů parenchymového katétru pro měření intrakraniální tlaku, teploty a parciálního tlaku kyslíku (ICP+ICT+PtiO2) a sady pro zavádění skrze šroub (vázaného spotřebního materiálu) spolu s odpovídajícím příslušenstvím, včetně pozáručního servisu na dobu 96 měsíců.","Krajská zdravotní, a.s."
Poland – Miscellaneous medical devices and products,2026-05-11,POL,,https://ted.europa.eu/en/notice/-/detail/248036-2026,248036-2026,33190000|33140000|33181000|33141320|33190000|33141640|33181000|33140000|33140000|33181000|33190000|33190000|33190000|33190000|33190000|33190000|33141320|33141320|33190000,"Przedmiotem zamówienia jest dostawa opasek do rurki tracheostomijnej. Szczegółowy opis przedmiotu zamówienia zawiera załącznik nr 2.1 do SWZ. Przedmiotem zamówienia jest dostawa drenów brzusznych. Szczegółowy opis przedmiotu zamówienia zawiera załącznik nr 2.2 do SWZ. Przedmiotem zamówienia jest dostawa sprzętu jednorazowego użytku do aparatu Prismaflex do zabiegów nerkozastępczych. Szczegółowy opis przedmiotu zamówienia zawiera załącznik nr 2.3 do SWZ. Przedmiotem zamówienia jest dostawa rurek typu Viva Sight. Szczegółowy opis przedmiotu zamówienia zawiera załącznik nr 2.4 do SWZ. Przedmiotem zamówienia jest dostawa akcesoriów do systemu typu Thopaz Plus. Szczegółowy opis przedmiotu zamówienia zawiera załącznik nr 2.5 do SWZ. Przedmiotem zamówienia jest dostawa zestawów do nefrostomii 2 i 3-stopniowej, przezskórnej. Szczegółowy opis przedmiotu zamówienia zawiera załącznik nr 2.6 do SWZ. Przedmiotem zamówienia jest dostawa zestawów do znieczuleń zewnątrz oponowych. Szczegółowy opis przedmiotu zamówienia zawiera załącznik nr 2.7 do SWZ. Przedmiotem zamówienia jest dostawa prowadnic do trudnych intubacji. Szczegółowy opis przedmiotu zamówienia zawiera załącznik nr 2.8 do SWZ. Przedmiotem zamówienia jest dostawa elektrod powrotnych. Szczegółowy opis przedmiotu zamówienia zawiera załącznik nr 2.9 do SWZ. Przedmiotem zamówienia jest dostawa trokarów laparoskopowych, torakochirurgicznych, torebek laparoskopowych, worków do pobierania próbek. Szczegółowy opis przedmiotu zamówienia zawiera załącznik nr 2.10 do SWZ. Przedmiotem zamówienia jest dostawa nebulizatorów z technologią wibrującej siatki. Szczegółowy opis przedmiotu zamówienia zawiera załącznik nr 2.11 do SWZ. Przedmiotem zamówienia jest dostawa jednorazowych podstawowych układów oddechowych. Szczegółowy opis przedmiotu zamówienia zawiera załącznik nr 2.12 do SWZ. Przedmiotem zamówienia jest dostawa igieł do biopsji do automatycznego aparatu Promag Ultra 2.5. Szczegółowy opis przedmiotu zamówienia zawiera załącznik nr 2.13 do SWZ. Przedmiotem zamówienia jest dostawa igieł do trepanobiopsji. Szczegółowy opis przedmiotu zamówienia zawiera załącznik nr 2.14 do SWZ. Przedmiotem zamówienia jest dostawa akcesoriów do wstrzykiwacza Medrad Salient, Stellant, Centargo. Szczegółowy opis przedmiotu zamówienia zawiera załącznik nr 2.15 do SWZ.",Narodowy Instytut Onkologii im. Marii Skłodowskiej-Curie - Państwowy Instytut Badawczy
Spain – Disposable non-chemical medical consumables and haematological consumables,,ESP,,https://ted.europa.eu/en/notice/-/detail/248044-2026,248044-2026,33141000,Suministro de materiales y apósitos destinados a la prevención y abordaje de heridas,Centro de Gestion Integrada y Proyectos Corporativos
Croatia – Orthopaedic implants,2026-04-13,HRV,,https://ted.europa.eu/en/notice/-/detail/248064-2026,248064-2026,33183100|33183100|33183100,"Grupa 1.Cjelovita, mobilna i fiksna endoproteza koljena za minimalno invazivnu rekonstruktivnu kirurgiju koljena Fiksna endoproteza koljena",SPECIJALNA BOLNICA ZA ORTOPEDIJU
Poland – Medical consumables,2026-04-17,POL,,https://ted.europa.eu/en/notice/-/detail/248284-2026,248284-2026,33140000|33140000|33140000|33140000|33140000|33140000|33140000|33140000|33140000|33140000|33140000|33140000|33140000|33140000|33140000|33140000|33140000|33140000|33140000,"Przedmiotem zamówienia jest zakup i dostawa sprzętu jednorazowego dla Ośrodka Wczesnej Interwencji Neuroradiologicznej ul. Wodociągowa 4, 45-221 Opole. Przedmiot zamówienia został podzielony na 18 zadań. Przedmiotem zamówienia jest zakup i dostawa sprzętu jednorazowego dla Ośrodka Wczesnej Interwencji Neuroradiologicznej ul. Wodociągowa 4, 45-221 Opole. Przedmiot zamówienia został podzielony na 18 zadań. Przedmiotem zamówienia jest zakup i dostawa sprzętu jednorazowego dla Ośrodka Wczesnej Interwencji Neuroradiologicznej ul. Wodociągowa 4, 45-221 Opole. Przedmiot zamówienia został podzielony na 18 zadań. Przedmiotem zamówienia jest zakup i dostawa sprzętu jednorazowego dla Ośrodka Wczesnej Interwencji Neuroradiologicznej ul. Wodociągowa 4, 45-221 Opole. Przedmiot zamówienia został podzielony na 18 zadań. Przedmiotem zamówienia jest zakup i dostawa sprzętu jednorazowego dla Ośrodka Wczesnej Interwencji Neuroradiologicznej ul. Wodociągowa 4, 45-221 Opole. Przedmiot zamówienia został podzielony na 18 zadań. Przedmiotem zamówienia jest zakup i dostawa sprzętu jednorazowego dla Ośrodka Wczesnej Interwencji Neuroradiologicznej ul. Wodociągowa 4, 45-221 Opole. Przedmiot zamówienia został podzielony na 18 zadań. Przedmiotem zamówienia jest zakup i dostawa sprzętu jednorazowego dla Ośrodka Wczesnej Interwencji Neuroradiologicznej ul. Wodociągowa 4, 45-221 Opole. Przedmiot zamówienia został podzielony na 18 zadań. Przedmiotem zamówienia jest zakup i dostawa sprzętu jednorazowego dla Ośrodka Wczesnej Interwencji Neuroradiologicznej ul. Wodociągowa 4, 45-221 Opole. Przedmiot zamówienia został podzielony na 18 zadań. Przedmiotem zamówienia jest zakup i dostawa sprzętu jednorazowego dla Ośrodka Wczesnej Interwencji Neuroradiologicznej ul. Wodociągowa 4, 45-221 Opole. Przedmiot zamówienia został podzielony na 18 zadań. Przedmiotem zamówienia jest zakup i dostawa sprzętu jednorazowego dla Ośrodka Wczesnej Interwencji Neuroradiologicznej ul. Wodociągowa 4, 45-221 Opole. Przedmiot zamówienia został podzielony na 18 zadań. Przedmiotem zamówienia jest zakup i dostawa sprzętu jednorazowego dla Ośrodka Wczesnej Interwencji Neuroradiologicznej ul. Wodociągowa 4, 45-221 Opole. Przedmiot zamówienia został podzielony na 18 zadań. Przedmiotem zamówienia jest zakup i dostawa sprzętu jednorazowego dla Ośrodka Wczesnej Interwencji Neuroradiologicznej ul. Wodociągowa 4, 45-221 Opole. Przedmiot zamówienia został podzielony na 18 zadań. Przedmiotem zamówienia jest zakup i dostawa sprzętu jednorazowego dla Ośrodka Wczesnej Interwencji Neuroradiologicznej ul. Wodociągowa 4, 45-221 Opole. Przedmiot zamówienia został podzielony na 18 zadań. Przedmiotem zamówienia jest zakup i dostawa sprzętu jednorazowego dla Ośrodka Wczesnej Interwencji Neuroradiologicznej ul. Wodociągowa 4, 45-221 Opole. Przedmiot zamówienia został podzielony na 18 zadań. Przedmiotem zamówienia jest zakup i dostawa sprzętu jednorazowego dla Ośrodka Wczesnej Interwencji Neuroradiologicznej ul. Wodociągowa 4, 45-221 Opole. Przedmiot zamówienia został podzielony na 18 zadań. Przedmiotem zamówienia jest zakup i dostawa sprzętu jednorazowego dla Ośrodka Wczesnej Interwencji Neuroradiologicznej ul. Wodociągowa 4, 45-221 Opole. Przedmiot zamówienia został podzielony na 18 zadań. Przedmiotem zamówienia jest zakup i dostawa sprzętu jednorazowego dla Ośrodka Wczesnej Interwencji Neuroradiologicznej ul. Wodociągowa 4, 45-221 Opole. Przedmiot zamówienia został podzielony na 18 zadań. Przedmiotem zamówienia jest zakup i dostawa sprzętu jednorazowego dla Ośrodka Wczesnej Interwencji Neuroradiologicznej ul. Wodociągowa 4, 45-221 Opole. Przedmiot zamówienia został podzielony na 18 zadań.",Wojewódzki Szpital Specjalistyczny im. Św. Jadwigi w Opolu
France – Medical gases,2026-06-05,FRA,,https://ted.europa.eu/en/notice/-/detail/248292-2026,248292-2026,24111500|24111500|24111500|24111500|24111500|24111500|24111500|24111500|24111500|24111500|24111500|24111900|24111500|24111500|24111500|24111700|42123400|33157800|50324200|50324200,"Fourniture d'oxygène médical en vrac avec AMM, mise à disposition des sources de stockage principales et secours ainsi que de la télésurveillance Mise à disposition d'une centrale de production d'air médical, des cadres de secours ainsi que de la télésurveillance Fourniture de gaz médicinaux en bouteilles avec AMM et logiciel de traçabilité Fourniture de gaz médicaux en bouteilles sans AMM Fourniture d'azote liquide Location et maintenance d'une centrale d'air industriel et des cadres de secours Location et maintenance d'unités médicales de secours mobiles Maintenance des armoires de secours ultime gazeux fixes Maintenance des groupes de vide",HOPITAL NORD FRANCHE-COMTE
