quality_score,notice_id,original_title,buyer_name,country,deadline,estimated_value_eur,tender_url,english_summary,what_they_want,eligibility_requirements,evaluation_criteria,language_detected
3,149428-2026,Poland – Medical equipments,Samodzielny Publiczny Zespół Opieki Zdrowotnej w Kolbuszowej,POL,2026-04-01,,https://ted.europa.eu/en/notice/-/detail/149428-2026,"This is a tender for medical optical equipment by a Polish healthcare facility. The package includes 6 ureteroscopes (URS optics), 2 resectoscopes 26 FR, and 2 resectoscopes 28 FR. Bidders must submit offers for the complete package and confirm compliance with EU environmental standards.",Ureteroscope (URS) optics - 6 pieces; Resectoscope 26 FR - 2 pieces; Resectoscope 28 FR - 2 pieces,"Bidders must submit offers for the complete package (all items in the package). Must provide declaration in offer form confirming equipment does not violate ""do no significant harm"" principle for environmental objectives per EU Regulation 2020/852 Article 17.",NOT FOUND,Polish
3,150218-2026,Belgium – Magnetic resonance imaging equipment,Centre Hospitalier EpiCURA a.s.b.l.,BEL,2026-04-07,,https://ted.europa.eu/en/notice/-/detail/150218-2026,"This tender is for the supply, installation, commissioning and maintenance of a 1.5 Tesla nuclear magnetic resonance (MRI) imaging system including a Faraday cage (with finishing work), cooling system, and staff training. The contract execution is subject to approval of new accreditation and Board of Directors decision.","1.5 Tesla nuclear magnetic resonance (MRI) imaging equipment with Faraday cage included (including cage finishing work), machine cooling system, installation, commissioning, maintenance services, and staff training.",Bidder must provide all approvals related to installation and start-up of the MRI and Faraday cage from accredited/approved organizations.,NOT FOUND,French
3,153317-2026,Poland – Medical equipments,Warszawski Uniwersytet Medyczny,POL,2026-04-09,,https://ted.europa.eu/en/notice/-/detail/153317-2026,"This tender is for the successive supply of an endoscopic suturing system and related consumables to the Medical University of Warsaw. The procurement includes disposable endoscopic suture devices, polypropylene sutures, instruments, and endoscopic spiral graspers.",60 pieces of disposable endoscopic suturing systems; 300 pieces of polypropylene sutures; 300 pieces of instruments/tools; 60 pieces of endoscopic spiral graspers. Specific technical requirements are detailed in the price-assortment form (Attachment 2).,"Offered products must be medical devices approved for trade and use in Poland in accordance with the Act of 07.04.2022 on medical devices (Journal of Laws 2022, item 974 as amended) and Regulation (EU) 2017/745 of the European Parliament and Council dated 05.04.2017 (MDR) as amended.",NOT FOUND,Polish
3,160905-2026,"Czechia – Endoscopy, endosurgery devices",Fakultní nemocnice Motol a Homolka,CZE,2026-04-07,,https://ted.europa.eu/en/notice/-/detail/160905-2026,"This tender is for the supply of endoscopic bronchoscopy equipment with accessories for the Motol Oncology Center at Fakultní nemocnice Motol a Homolka hospital in the Czech Republic. The contract includes installation, commissioning, staff training, and warranty/post-warranty service.","Endoscopic bronchoscopy equipment with accessories, including installation and commissioning with functionality verification and prescribed tests, staff training/instruction on the equipment, and warranty and post-warranty service provision.",Service personnel must be authorized according to § 41 of Act No. 375/2022 Coll. on medical devices for conducting staff training. Service technicians must hold manufacturer certification for training according to §§ 44-46 of Act No. 375/2022 Coll. on medical devices and in vitro diagnostic medical devices.,NOT FOUND,Czech
3,162323-2026,"Czechia – Echo, ultrasound and doppler imaging equipment",Fakultní nemocnice Motol a Homolka,CZE,2026-04-07,,https://ted.europa.eu/en/notice/-/detail/162323-2026,"Fakultní nemocnice Motol a Homolka in Czechia is procuring multiple ultrasound devices for their Motol Oncology Center, including ultrasound equipment for brachytherapy (MAMO) and general oncology use (KZM). The procurement includes installation, staff training, and warranty/post-warranty service.","Multiple ultrasound devices including: (1) Ultrasound for KZM with accessories, (2) MAMO ultrasound for brachytherapy with accessories, (3) MAMO ultrasound for KZM with accessories. Each device requires installation, commissioning, functionality verification, all prescribed tests, staff training/instruction, and warranty plus post-warranty service performed by manufacturer-certified technicians.",Service personnel must be authorized according to § 41 of Act No. 375/2022 Coll. on Medical Devices. Service technicians must hold manufacturer certification for training according to § 44-46 of Act No. 375/2022 Coll.,NOT FOUND,Czech
3,162459-2026,"Czechia – Endoscopy, endosurgery devices",Fakultní nemocnice Motol a Homolka,CZE,2026-04-07,,https://ted.europa.eu/en/notice/-/detail/162459-2026,"This tender is for the supply of endoscopic equipment for urology including accessories for the Motol Oncology Center at the University Hospital Motol and Homolka. The contract includes installation, commissioning, staff training, and warranty/post-warranty service of the equipment.","Endoscopic equipment for urology including accessories. The contract also requires installation and commissioning of the device including functionality verification and all prescribed tests, staff training/instruction by authorized personnel, and warranty and post-warranty service by certified technicians.",Service technicians must hold manufacturer certification for training as per sections 44-46 of Act No. 375/2022 Sb. Training personnel must be authorized according to section 41 of Act No. 375/2022 Sb. on medical devices and in vitro diagnostic medical devices.,NOT FOUND,Czech
3,162973-2026,Estonia – Disposable non-chemical medical consumables and haematological consumables,sihtasutus Tartu Ülikooli Kliinikum,EST,2026-04-10,,https://ted.europa.eu/en/notice/-/detail/162973-2026,"Tartu University Hospital in Estonia is tendering for the procurement of disposable non-chemical medical consumables and haematological consumables. The detailed technical specifications are referenced in Appendix 1 of the tender documents, along with exclusion grounds and qualification requirements.","Disposable non-chemical medical consumables and haematological consumables (specific items, models, and brands are referenced in Appendix 1 which is not provided in this notice)",Exclusion grounds and qualification conditions are detailed in the tender base documents (specific requirements are referenced in Appendix 1 which is not provided in this notice),NOT FOUND,Estonian
3,163042-2026,"Czechia – Endoscopy, endosurgery devices",Fakultní nemocnice Motol a Homolka,CZE,2026-04-07,,https://ted.europa.eu/en/notice/-/detail/163042-2026,"This tender is for the supply of gastroenterology endoscopic equipment including accessories for the Motol Oncology Center at Fakultní nemocnice Motol a Homolka hospital. The contract includes installation, commissioning, staff training, and warranty/post-warranty service of the equipment.",Gastroenterology endoscopic equipment with accessories. Installation and commissioning including functionality verification and prescribed tests. Staff training/instruction conducted by authorized personnel according to Law No. 375/2022 Sb. on medical devices. Warranty and post-warranty service by certified technicians.,Service providers must employ personnel authorized under Section 41 of Law No. 375/2022 Sb. for medical device training. Service technicians must hold manufacturer certification for servicing according to Sections 44-46 of Law No. 375/2022 Sb. on medical devices and in vitro diagnostic medical devices.,NOT FOUND,Czech
3,163106-2026,Czechia – Mammography devices,Fakultní nemocnice Motol a Homolka,CZE,2026-04-07,,https://ted.europa.eu/en/notice/-/detail/163106-2026,"This tender is for the supply of a mammography X-ray device including accessories and a planning system for the Motol Oncology Center at the Motol and Homolka Teaching Hospital. The scope includes installation, commissioning, staff training, and warranty/post-warranty servicing.","Mammography X-ray device (mamografický RTG) with accessories and planning system for oncology center use. Installation, commissioning with functional verification and required tests. Staff training and warranty/post-warranty maintenance services included.",Training must be conducted by a person authorized under Section 41 of Act No. 375/2022 Coll. on Medical Devices. Servicing must be performed by personnel authorized and certified by the manufacturer for servicing the equipment.,NOT FOUND,Czech
3,163132-2026,Estonia – Disposable non-chemical medical consumables and haematological consumables,sihtasutus Tartu Ülikooli Kliinikum,EST,2026-03-23,,https://ted.europa.eu/en/notice/-/detail/163132-2026,"This is a procurement tender issued by Tartu University Hospital in Estonia for disposable non-chemical medical consumables and haematological consumables. The description repeatedly refers to Annex 1 for detailed specifications, exclusion grounds, and qualification requirements.","Disposable non-chemical medical consumables and haematological consumables. Specific product details, models, and brands are referenced in Annex 1 of the tender documents.","Exclusion grounds and qualification conditions are specified in Annex 1 of the tender documentation (referenced repeatedly as ""Kõrvaldamise alused ja kvalifitseerimistingimused: Vaata hanke alusdokumentidest"").",NOT FOUND,Estonian
3,164311-2026,"Czechia – Sterilisation, disinfection and hygiene devices",Fakultní nemocnice Motol a Homolka,CZE,2026-04-10,,https://ted.europa.eu/en/notice/-/detail/164311-2026,"This tender is for the supply of endoscope disinfection equipment and drying cabinets (both pass-through and non-pass-through types) for Fakultní nemocnice Motol a Homolka hospital in Czechia. The procurement includes installation, staff training, commissioning, and warranty/post-warranty service for all equipment.","Pass-through endoscope disinfectors, non-pass-through endoscope disinfectors, non-pass-through drying cabinets, and pass-through drying cabinets. Each item includes: installation and commissioning with functionality verification and prescribed tests; staff training/instruction; warranty and post-warranty service.",Service technicians must hold manufacturer certificates for training per sections 44-46 of Act No. 375/2022 Sb. (Medical Devices Act). Training personnel must be authorized according to section 41 of Act No. 375/2022 Sb. on medical devices and in vitro diagnostic medical devices.,NOT FOUND,Czech
3,165619-2026,Poland – Medical equipments,Szpital Miejski w Gliwicach Sp. z o.o.,POL,2026-03-26,,https://ted.europa.eu/en/notice/-/detail/165619-2026,"This tender is for the supply, installation, and commissioning of medical imaging equipment for a municipal hospital in Gliwice, Poland. The scope includes delivery, installation, staff training on operation and maintenance, and provision of required documentation. The equipment must be new, manufactured in 2025 or later, and comply with Polish medical device and radiation safety regulations.","Medical imaging equipment (specific type not detailed in notice). Requirements include: new equipment manufactured no earlier than 2025, factory-packed, free from defects, compliant with medical device regulations and atomic law. Delivery, installation, commissioning, staff training for operation/maintenance/cleaning/disinfection, and training for diagnostic imaging personnel on conducting examinations. Technical parameters referenced in Attachment 2 (not provided).","Bidders must possess and provide documents confirming compliance with the Act on Medical Devices (April 7, 2022), Atomic Law Act (November 29, 2000), and Minister of Health Regulation on safe use of ionizing radiation (January 11, 2023). Must be able to provide documentation on demand at any time. Equivalent solutions are permitted if they meet or exceed specified technical, quality, operational, and functional parameters.",NOT FOUND,Polish
3,166705-2026,Poland – Hospital beds,",,Pro-Medica'' w Ełku Sp. z o.o.",POL,2026-03-27,,https://ted.europa.eu/en/notice/-/detail/166705-2026,"This tender is for the procurement of 52 electric hospital beds with active (variable pressure) mattresses, IV stands, and patient grab bars for Pro-Medica in Ełk, Poland. The purchase is part of the National Recovery and Resilience Plan to develop long-term care infrastructure at the district level. All equipment must be brand new, manufactured in 2025 or 2026, and comply with medical device regulations and the ""Do No Significant Harm"" (DNSH) principle.","52 electric hospital beds, each equipped with: active mattress (variable pressure type), IV drip stand, and patient grab bar with handle. Equipment must be brand new, manufactured in 2025 or 2026, non-demonstration units, ready for use after installation.","Bidders must supply medical devices that meet Polish legal requirements for market placement and use according to the Medical Devices Act of April 7, 2022 (Journal of Laws 2024, item 1620 as amended). Products must comply with EU Regulation 2020/852 DNSH principle (""Do No Significant Harm""). All minimum requirements specified in Attachment 4 must be met.",NOT FOUND,Polish
2,148662-2026,Sweden – Beds for medical use,HALMSTADS KOMMUN,SWE,2026-04-03,,https://ted.europa.eu/en/notice/-/detail/148662-2026,"The municipality of Halmstad is procuring medical beds (care beds and low beds) along with compatible electric turning aids for home care administration, social administration, and other departmental needs. The beds must be suitable for care in residential environments, and the contract also includes sale of spare parts within the contract scope.","Medical care beds (vårdsängar), low beds (lågsängar), electric turning aids (elektriska vändhjälpmedel) compatible with the beds, and spare parts for these items.",NOT FOUND,NOT FOUND,Swedish
2,149141-2026,Slovakia – Medical equipments,"Nemocnica Poprad, a.s.",SVK,2026-03-16,,https://ted.europa.eu/en/notice/-/detail/149141-2026,"This is a tender for the supply of medical monitoring equipment by Nemocnica Poprad hospital in Slovakia. The procurement covers three types of neurological monitoring devices: regional oximetry-NIRS equipment, EEG/aEEG devices, and cranial nerve monitors.","Regional oximetry - NIRS (Near-Infrared Spectroscopy) equipment, EEG devices (EEG apparatus, aEEG apparatus), and cranial nerve monitors. Detailed specifications are provided in Annex C of the tender documents.",NOT FOUND,NOT FOUND,Slovak
2,149237-2026,Poland – Otolaryngology implant,Samodzielny Publiczny Szpital Kliniczny im. A.Mielęckiego Śląskiego Uniwersytetu Medycznego w Katowicach,POL,2026-03-13,,https://ted.europa.eu/en/notice/-/detail/149237-2026,"This is a tender for various otolaryngology (ear, nose, throat) implant systems and processors issued by a clinical hospital in Katowice, Poland. The procurement is divided into 6 packages covering cochlear implant processors, middle ear implant systems, bone-anchored hearing systems, and related audio processors.",Package 1: Speech processor for cochlear implants I; Package 2: Speech processor for cochlear implants II; Package 3: Middle ear hearing implant system; Package 4: Bone-anchored implants in temporal bone with sound processor; Package 5: Digital sound processor for bone-anchored implant in temporal bone; Package 6: Cochlear implant system I. Each package appears to have sub-parts (a and b).,NOT FOUND,NOT FOUND,Polish
2,149297-2026,Spain – Surgical implants,"Mutua Universal Mugenat, Mutua Colaboradora con la Seguridad Social nº 10",ESP,2026-04-08,,https://ted.europa.eu/en/notice/-/detail/149297-2026,"This is a tender from a Spanish mutual insurance company for the supply of various surgical implants and prosthetics. The procurement covers shoulder, hip, and knee prostheses, Achilles tendon systems, cement for kyphoplasty, and intramedullary nails for humerus and other upper and lower limb systems.","Shoulder prostheses, hip prostheses, knee prostheses, Achilles tendon systems, cement for kyphoplasty (vertebroplasty), intramedullary nails for humerus and other systems for upper limbs (MS - miembro superior) and lower limbs (MI - miembro inferior)",NOT FOUND,NOT FOUND,Spanish
2,149323-2026,Poland – Magnetic resonance imaging equipment,Centrum Zdrowia Mazowsza Zachodniego sp. z o. o.,POL,2026-04-07,,https://ted.europa.eu/en/notice/-/detail/149323-2026,"This tender is for the supply of magnetic resonance imaging (MRI) equipment including all associated accessories, installation, assembly, commissioning, and delivery services to a specified location at a healthcare facility in Poland.","Magnetic resonance imaging (MRI) equipment with complete accessories, including installation, assembly, commissioning, transport, unloading, and placement at the buyer's designated location.",NOT FOUND,NOT FOUND,Polish
2,149474-2026,France – Ophthalmology equipment,Centre Hospitalier de Valence,FRA,2026-04-07,,https://ted.europa.eu/en/notice/-/detail/149474-2026,"This is a tender for a comprehensive range of ophthalmology surgical equipment and consumables by Centre Hospitalier de Valence in France. The procurement covers instruments and supplies for various eye procedures including vitrectomy, cataract surgery, retinal procedures, glaucoma surgery, and intraocular lens implants.","Ophthalmology surgical equipment including: 23G/25G cannulas (various sizes 22mm-38mm), micro-injection needles (30G-32G), BSS saline solution bottles (500ML), surgical blades and knives (various angles and sizes), capsular tension hooks, pupil dilators, I-ring inserters, scleral sponges, corneal protective gel, Zeiss microscope sterile covers, blepharostats, various surgical forceps and scissors, therapeutic contact lenses (8.6 diameter), ILM forceps 25G, surgical drape sets, viscoelastic solutions, vitrectomy instruments (25G compatible with Alcon), bipolar probes, cryodes, C2F6/SF6 gases, wide-angle viewing systems, meateal nails (various sizes), bicanalicular and monocanalicular silicone probes, ptosis probes, DMEK instruments (Kocaba type), PreserFlow implant kits, goniosocopy lenses, trabecular micro-bypass stents (iStent type), toric accessories (Mendez ring, bubble level), various intraocular lenses including monofocal, toric, trifocal/multifocal, hydrophobic materials, aspheric optics, yellow filters, and capsular/sulcus fixation options.",NOT FOUND,NOT FOUND,French
2,149501-2026,France – Pharmaceutical products,CHU BORDEAUX,FRA,2026-04-07,,https://ted.europa.eu/en/notice/-/detail/149501-2026,"This is a tender from CHU Bordeaux (France) for the procurement of various urology medical devices and instruments over a 12-month period. The procurement includes multiple lots covering ureteral catheters, dilators, stone extraction baskets, and access sheaths for urological procedures, with a total estimated value exceeding 3 million euros.","Straight ureteral catheters (CH 3-9, with connector); retrograde pyelography ureteral catheters (70cm, Chevassu type); straight open ureteral catheters (70cm, CH3-7, accepting 0.038 guide); silicone ureterostomy catheters (40cm with radiopaque line); single-use PVC urethral bougies (CH3-30); filiform urethral dilators (50cm with threading); steel stone extraction baskets for rigid ureteroscopy (3-4 wires); nitinol stone extraction baskets for rigid ureteroscopy (3-4 wires); nitinol stone extraction baskets for flexible ureteroscopy; tripod forceps for stone removal; ureteral access sheaths; access sheaths for flexible ureteroscopy; ureteral access sheaths with aspiration.",NOT FOUND,NOT FOUND,French
2,149526-2026,Slovakia – Medical equipments,"Nemocnica Poprad, a.s.",SVK,2026-03-17,,https://ted.europa.eu/en/notice/-/detail/149526-2026,"Nemocnica Poprad hospital in Slovakia is tendering for the supply of endoscopic equipment, endosurgical instruments, and devices for maintenance and hygiene of endoscopic/endosurgical instruments. Detailed specifications are provided in Annex C of the tender documentation.","Endoscopic instruments, endosurgical instruments, and equipment for maintenance and hygiene of endoscopic and endosurgical instruments. Specific models and brands are referenced in Annex C (not provided in this excerpt).",NOT FOUND,NOT FOUND,Slovak
2,149575-2026,"Austria – Medical equipments, pharmaceuticals and personal care products",Wiener Gesundheitsverbund – PPE Beschaffung GmbH,AUT,2099-12-31,,https://ted.europa.eu/en/notice/-/detail/149575-2026,"This is a dynamic purchasing system tender for personal protective equipment (PPE) and medical supplies divided into multiple lots. The procurement covers respiratory protection masks (FFP1-FFP3), eye protection, face shields, protective coveralls, examination gloves, protective gowns, medical face masks, surgical caps, and aprons in various sizes and specifications.","FFP1, FFP2, and FFP3 respirator masks (with/without valves, various configurations), protective goggles (single-use and reusable), face shields, protective coveralls (sizes 160cm-198cm), latex examination gloves (sizes XS-XL), nitrile examination gloves (sizes XS-XL), protective gowns in various sizes (115cm-170cm, uncoated/partially coated/fully coated), Type II and Type IIR medical face masks (with ear loops or ties, anti-fog variants), surgical caps in various styles (beret form, astronaut form, with elastic bands), protective aprons (75cm-85cm width, 120cm-139cm length).",NOT FOUND,NOT FOUND,German
2,149643-2026,Czechia – Surgical instruments,Fakultní nemocnice Brno,CZE,2026-04-07,,https://ted.europa.eu/en/notice/-/detail/149643-2026,"This is a framework purchase agreement tender issued by Fakultní nemocnice Brno (Brno University Hospital) in the Czech Republic for the supply of medical materials, specifically surgical instruments, according to the buyer's needs.",Medical materials and surgical instruments to be supplied under a framework purchase agreement according to hospital requirements. Specific models or brands not mentioned.,NOT FOUND,NOT FOUND,Czech
2,149669-2026,Poland – Medical consumables,Uniwersyteckie Centrum Kliniczne Warszawskiego Uniwersytetu Medycznego,POL,2026-04-03,,https://ted.europa.eu/en/notice/-/detail/149669-2026,This is a tender for the successive delivery of medical equipment for the Hemodynamics Laboratory and Invasive Cardiology department at the University Clinical Center of the Medical University of Warsaw. The procurement is divided into 14 separate parts/lots.,"Medical equipment for Hemodynamics Laboratory and Invasive Cardiology department, divided into 14 parts. Specific items and models are detailed in Attachment 2 (assortment and price form) which is not included in this notice.",NOT FOUND,NOT FOUND,Polish
2,149954-2026,Poland – Operating-theatre instruments,Uniwersyteckie Centrum Kliniczne,POL,2026-03-13,,https://ted.europa.eu/en/notice/-/detail/149954-2026,"This is a tender issued by Uniwersyteckie Centrum Kliniczne (University Clinical Center) in Poland for the procurement of operating theatre instruments. The detailed specifications are contained in attachments 4a, 4b, 4c, and 4d to the tender documentation.","Operating theatre instruments (specific details are referenced in attachments 4a, 4b, 4c, and 4d to the procurement documents, but not provided in this notice)",NOT FOUND,NOT FOUND,Polish
2,149994-2026,Croatia – Disposable non-chemical medical consumables and haematological consumables,KLINIKA ZA ORTOPEDIJU LOVRAN,HRV,2026-03-18,,https://ted.europa.eu/en/notice/-/detail/149994-2026,"This is a procurement tender by an orthopedic clinic in Croatia for a wide range of disposable medical consumables and laboratory supplies. The tender is divided into 51 groups covering items such as thermal labels, laboratory reagents, surgical disposables, gloves, bandages, sterilization materials, protective equipment, arthroscopy supplies, catheters, wound care materials, and equipment consumables for specific medical devices.","Thermal labels, laboratory reagents, single-use surgical materials, non-sterile gloves, shoe covers, medical gauze and cotton wool, protective goggles, arthroscopy shoulder bandages, dressing materials, consumables for defibrillators/ECG devices/pulse oximeters, kinesiology tape, oscillating saw blades for knee surgery, medical caps and masks, arthroscopy shoulder kits, plasters and fixators, urine bottles, patient warming blankets, Esmarch tourniquets, hemoculture collection systems, sterile surgical gloves, suture ligatures, transfusion systems, wound care materials, clinical sample storage systems, epidural catheter fixation bandages, catheters, conical test tubes, disposable surgical panties, sterile orthopedic gloves, PCR panel tests, arthroscopic tower equipment, ultrasound rolls, microcuvettes, laboratory supplies, pathology sample containers, arthroscopic cannulas, threaded cannulas, equipment for KARL STORZ arthroscopic tower, consumables for ERBE ERBOTOM ICC 300-H electrosurgical generator, electrolytic device consumables, autotransfusion consumables, non-sterile disposable collars, surgical masks with visors, disposable non-sterile thermal jackets.",NOT FOUND,NOT FOUND,Croatian
2,150108-2026,Czechia – Medical consumables,Fakultní nemocnice Brno,CZE,2026-04-07,,https://ted.europa.eu/en/notice/-/detail/150108-2026,This is a tender by Fakultní nemocnice Brno (University Hospital Brno) in the Czech Republic for establishing a framework purchase agreement for the supply of medical consumables according to the buyer's needs.,"Medical consumables/healthcare materials (zdravotnický materiál) - no specific devices, models, or brands mentioned in this brief notice.",NOT FOUND,NOT FOUND,Czech
2,150172-2026,Poland – Medical equipments,Samodzielny Publiczny Zakład Opieki Zdrowotnej - Szpital Uniwersytecki nr 2 im. dr Jana Biziela w Bydgoszczy,POL,2026-04-08,,https://ted.europa.eu/en/notice/-/detail/150172-2026,"This is a tender for the purchase, delivery, installation and training of various cardiac and electrophysiology medical equipment for a university hospital in Bydgoszcz, Poland. The procurement includes 12 different lots covering devices such as RF generators, intravascular imaging consoles, electrophysiology systems, defibrillators, ECG machines, and cardiac monitoring systems.","1) RF wave generator with plasma knives for soft tissue cutting (1 unit), 2) High-resolution optical coherence tomography (OCT-HD) console for intravascular coronary artery imaging (1 unit), 3) Advanced electrophysiological examination system (1 unit), 4) Universal pump for cooling RF ablation catheters (1 unit), 5) Upgrade for 3D electroanatomical heart mapping system, 6) Beat-to-beat arterial pressure measurement and registration device (finger-based) (1 set), 7) 12-channel ECG machines (6 units), 8) Biphasic cardioverter-defibrillator Type I (6 sets), 9) Biphasic cardioverter-defibrillator Type II (4 sets), 10) High-voltage electrophysiological stimulator for cardioneuralablation procedures (1 unit), 11) Cardiac monitoring system (1 unit), 12) Holter ECG analysis system (1 set). Training included for all items.",NOT FOUND,NOT FOUND,Polish
2,150457-2026,Poland – Medical consumables,GÓRNOŚLĄSKIE CENTRUM ZDROWIA DZIECKA im. św. JANA PAWŁA II Samodzielny Publiczny Szpital Kliniczny Nr 6 Śląskiego Uniwersytetu Medycznego w Katowicach,POL,2026-04-09,,https://ted.europa.eu/en/notice/-/detail/150457-2026,"This is a tender for medical consumables issued by the Upper Silesian Children's Health Centre (St. John Paul II Independent Public Clinical Hospital No. 6 of the Medical University of Silesia in Katowice), Poland. The detailed description of the procurement subject is contained in an attachment to the tender specification document (SWZ).",Medical consumables (specific items are referenced in an attachment to the tender specification document that is not provided in this notice),NOT FOUND,NOT FOUND,Polish
2,150470-2026,France – Medical consumables,CHU de la Réunion,FRA,2026-04-10,,https://ted.europa.eu/en/notice/-/detail/150470-2026,"This is a tender by CHU de la Réunion (a French hospital) for a wide range of medical consumables and equipment. The procurement covers various items including hemoglobin analyzers, defibrillators, endoscopes, patient monitors, ventilators, EEG equipment, and associated consumables and accessories from multiple specific brands.","Hemoglobin analyzer ampoules (Compolab/DIASPECT), batteries, neonatal NIBP cuffs, surgical optical light cables, MASIMO sensors, NELLCOR SpO2 sensors, PHILIPS water station, PHILIPS HS1 defibrillators, SCHILLER FRED EASY defibrillators, NIHON KOHDEN ECG-defibrillators, OLYMPUS endoscopes and washers, GE incubators, BAVU insufflators, NIKKISO generator main kits, autoclavable fiber optic laryngoscopes, Radiometer TINA TCM 400 PtO2/PtCO2 monitors, DRAGER M540 modular cardio-respiratory monitors, MINDRAY IPM8/IMEC8/IMEC12/EPM 12M modular monitors, PHILIPS INTELLIVUE MP 2/5/20/40/50/70, MX 450/700 monitors, AMPLITUDE ES-820 EEG monitor, BRAINBOX 1042 PSG EEG acquisition system, RAM CANULA nasal cannulas for NIV, MONNAL T60 and T75 emergency ventilators.",NOT FOUND,NOT FOUND,French
2,151016-2026,Latvia – Dental workstations,Latvijas Universitāte,LVA,,,https://ted.europa.eu/en/notice/-/detail/151016-2026,This is a tender by the University of Latvia for the procurement of dental chairs (dental workstations). The notice covers the acquisition of dental chairs for the institution's dental facilities.,"Dental chairs (zobārstniecības krēsli). No specific models, brands, or technical specifications are mentioned in the available description.",NOT FOUND,NOT FOUND,Latvian
2,151126-2026,Iceland – Orthopaedic implants,Landspítali Háskólasjúkrahús,ISL,,,https://ted.europa.eu/en/notice/-/detail/151126-2026,Landspítali University Hospital in Iceland is conducting a Request for Information (RFI) from the market for volar plates and screws intended for use in their orthopedic surgery department. This is an information-gathering exercise rather than a formal procurement tender at this stage.,Volar plates and screws for orthopedic surgery department,NOT FOUND,NOT FOUND,English
2,151177-2026,Poland – Medical consumables,Samodzielny Publiczny Szpital Kliniczny im. A.Mielęckiego Śląskiego Uniwersytetu Medycznego w Katowicach,POL,2026-04-08,,https://ted.europa.eu/en/notice/-/detail/151177-2026,"This is a tender for medical consumables by a clinical hospital in Katowice, Poland. The procurement covers 9 packages of infusion and administration supplies including cytostatic drug administration sets, infusion devices, connectors, taps, extension sets, spike devices, aspiration devices, and safety IV cannulas.",Package 1 - amber sets for cytostatic drug administration; Package 2 - infusion devices for light-sensitive drugs; Package 3 - connectors and taps; Package 4 - double extension sets for cannulas; Package 5 - Spike-type devices for withdrawing solvents; Package 6 - devices for aspirating fluids and drugs; Package 7 - single-use connectors; Package 8 - safety intravenous cannulas; Package 9 - connectors for connecting two syringes.,NOT FOUND,NOT FOUND,Polish
2,151236-2026,Czechia – Medical consumables,Fakultní nemocnice Brno,CZE,2026-04-07,,https://ted.europa.eu/en/notice/-/detail/151236-2026,This is a framework purchase agreement for the supply of medical consumables/materials as needed by the University Hospital Brno in the Czech Republic. The tender establishes a framework contract for ongoing delivery of healthcare materials based on the buyer's requirements.,"Medical consumables and healthcare materials (specific items, models, or brands not specified in the notice)",NOT FOUND,NOT FOUND,Czech
2,151341-2026,Poland – Medical practice services,Uniwersyteckie Centrum Kliniczne Warszawskiego Uniwersytetu Medycznego,POL,2026-03-12,,https://ted.europa.eu/en/notice/-/detail/151341-2026,This is a tender for leasing defibrillating vests for a 12-month period by the University Clinical Center of the Medical University of Warsaw in Poland.,Leasing of defibrillating vests (kamizelek defibrylujących) for a 12-month period,NOT FOUND,NOT FOUND,Polish
2,151411-2026,Sweden – Hospital paper articles,Upplands Väsby kommun,SWE,2026-04-07,,https://ted.europa.eu/en/notice/-/detail/151411-2026,This is a procurement by Upplands Väsby municipality in Sweden for absorbent incontinence products including delivery. The tender covers hospital paper articles for managing incontinence.,Absorbent incontinence products (absorberande inkontinensprodukter) with delivery services included.,NOT FOUND,NOT FOUND,Swedish
2,151425-2026,"Norway – Medical equipments, pharmaceuticals and personal care products",SYKEHUSINNKJØP HF,NOR,2026-04-15,,https://ted.europa.eu/en/notice/-/detail/151425-2026,"Sykehusinnkjøp HF is procuring catheter-based heart valve implantation devices on behalf of Norwegian regional health authorities for use in both pediatric and adult patients. The procurement includes multiple categories of heart valves including self-expanding valves, balloon-expanding valves, pulmonary valves for different anatomies, and related consumables.","Catheter-based heart valve implantation devices including: self-expanding heart valves, balloon-expanding heart valves, pulmonary valves for small anatomy, pulmonary valves for large anatomy, and other consumables for catheter-based heart valve implantation (for both children and adults)",NOT FOUND,NOT FOUND,English
2,151439-2026,Netherlands – Medical breathing devices,Radboud Universitair Medisch Centrum/Radboudumc,NLD,,,https://ted.europa.eu/en/notice/-/detail/151439-2026,"Radboud University Medical Center is conducting a market consultation for the replacement of approximately 50 ventilation devices (breathing machines) in their intensive care unit, PACU, and recovery areas, including gas hose systems and mounting materials for pendants and trolleys. The current equipment is fully depreciated and needs replacement.","Approximately 50 ventilation devices (beademingstoestellen) for ICU, PACU and recovery unit, including gas hose systems (gasslanggestel) and mounting materials for pendants and trolleys",NOT FOUND,NOT FOUND,Dutch
2,151504-2026,Czechia – Disposable non-chemical medical consumables and haematological consumables,Fakultní nemocnice Motol a Homolka,CZE,2026-04-08,,https://ted.europa.eu/en/notice/-/detail/151504-2026,This is a tender for ongoing supplies of stents for gastroenterology for Fakultní nemocnice Motol a Homolka hospital in the Czech Republic. The procurement falls under disposable non-chemical and haematological medical consumables category.,"Stents for gastroenterology (referred to as ""SZM"" in the tender) for ongoing/continuous supply to the hospital.",NOT FOUND,NOT FOUND,Czech
2,151597-2026,Estonia – Surgical staples,sihtasutus Põhja-Eesti Regionaalhaigla,EST,2026-03-19,,https://ted.europa.eu/en/notice/-/detail/151597-2026,"This is a procurement tender by North Estonia Regional Hospital (Põhja-Eesti Regionaalhaigla) for the purchase of surgical staplers and clips used in endoscopic, thoracoscopic, and open surgical operations.","Surgical staplers and clips for use in endoscopic operations, thoracoscopic operations, and open surgical procedures.",NOT FOUND,NOT FOUND,Estonian
2,151770-2026,Germany – Dental and subspecialty instruments and devices,"Bundesamt für Ausrüstung, Informationstechnik und Nutzung der Bundeswehr",DEU,2026-03-23,,https://ted.europa.eu/en/notice/-/detail/151770-2026,"This is a tender from the German Federal Office of Equipment, Information Technology and In-Service Support of the Bundeswehr for dental equipment. The procurement covers 11 onboard/mobile dental stations as a firm order, with an option for up to 20 additional units.","11 onboard dental stations (Bordzahnstationen) as firm order, plus optional procurement of up to 20 additional onboard dental stations.",NOT FOUND,NOT FOUND,German
2,151821-2026,Poland – Surgical instruments,Kujawsko – Pomorskie Centrum Pulmonologii w Bydgoszczy,POL,2026-03-11,,https://ted.europa.eu/en/notice/-/detail/151821-2026,"This is a tender for surgical instruments issued by the Kujawsko-Pomorskie Pulmonology Center in Bydgoszcz, Poland. The procurement is divided into multiple lots (packages 1-1 through 1-16) with detailed specifications provided in separate pricing forms and annexes.","Surgical instruments across 16 separate lots/packages. Specific items, models, and brands are referenced in attached pricing forms (Annexes 1-1 through 1-16) and procurement description documents (Annex 2), with CPV codes included in each form.",NOT FOUND,NOT FOUND,Polish
2,151847-2026,Greece – Electricity supplies,Π.Γ.Ν. ΛΑΡΙΣΑΣ,GRC,2026-04-20,,https://ted.europa.eu/en/notice/-/detail/151847-2026,"This tender is for the procurement and installation of residual current devices (RCDs/earth leakage relays/anti-electrocution circuit breakers) in the lighting panels of the University General Hospital of Larissa, Greece.","Residual current devices (RCDs), also described as earth leakage relays or anti-electrocution circuit breakers, for installation in lighting panels at the hospital facility.",NOT FOUND,NOT FOUND,Greek
2,151957-2026,Czechia – Physical therapy devices,Úrazová nemocnice v Brně,CZE,2026-04-06,,https://ted.europa.eu/en/notice/-/detail/151957-2026,"This is a tender for the supply of a complete balance therapy solution for static and dynamic balance training and assessment at a trauma hospital in Brno, Czech Republic. The contract includes post-warranty servicing of the equipment.","Complete balance therapy solution for static and dynamic balance training and assessment (physical therapy devices), including post-warranty service for the equipment.",NOT FOUND,NOT FOUND,Czech
2,152018-2026,Malta – Diagnostic kits,Department of Contracts,MLT,2026-04-10,,https://ted.europa.eu/en/notice/-/detail/152018-2026,This is a framework contract tender issued by Malta's Department of Contracts for the supply of flow cytometry screening markers used in diagnostic testing. The procurement is divided into 3 separate lots.,"Flow cytometry screening markers (diagnostic kits) across 3 lots. Specific markers, brands, or model numbers are not detailed in the provided notice.",NOT FOUND,NOT FOUND,English
2,152300-2026,Germany – Diagnostic ultrasound devices,"Bundesamt für Ausrüstung, Informationstechnik und Nutzung der Bundeswehr",DEU,2026-03-05,,https://ted.europa.eu/en/notice/-/detail/152300-2026,"The German Federal Office of Bundeswehr Equipment, Information Technology and In-Service Support is procuring diagnostic ultrasound devices for military use.",Diagnostic ultrasound devices (Ultraschallgeräten). No specific models or brands mentioned in the provided excerpt.,NOT FOUND,NOT FOUND,German
2,152461-2026,France – Repair and maintenance services of medical equipment,ASSISTANCE PUBLIQUE HÔPITAUX DE MARSEILLE,FRA,2026-04-07,,https://ted.europa.eu/en/notice/-/detail/152461-2026,"This is a tender for maintenance services and spare parts supply for IMMUNOCONCEPT brand immunofluorescence equipment, as well as consumables and accessories for the same equipment, issued by the Public Hospitals of Marseille, France.",Maintenance services and spare parts for IMMUNOCONCEPT brand immunofluorescence equipment; consumables and accessories for IMMUNOCONCEPT brand immunofluorescence equipment,NOT FOUND,NOT FOUND,French
2,152519-2026,Belgium – Medical furniture,CPAS de Watermael-Boitsfort,BEL,2026-03-20,,https://ted.europa.eu/en/notice/-/detail/152519-2026,"Public tender by CPAS de Watermael-Boitsfort in Belgium for the supply of medical furniture across three lots: medicalized beds with chairs, tables and nightstands; medical armchairs for persons with reduced mobility; and medical mattresses suitable for care home use.","Lot 1: Medicalized beds, chairs, tables, and nightstands with shelves for room furnishing. Lot 2: Medical armchairs, particularly for persons with reduced mobility or requiring special support. Lot 3: Medical mattresses, including models adapted for nursing home use.",NOT FOUND,NOT FOUND,French and Dutch (bilingual)
2,152559-2026,Czechia – Operating-theatre devices,"Nemocnice České Budějovice, a.s.",CZE,2026-04-07,,https://ted.europa.eu/en/notice/-/detail/152559-2026,"This is a tender for the purchase and installation of one operating microscope for ophthalmology at Nemocnice České Budějovice hospital in the Czech Republic. The contract will be awarded to supply, deliver and install this specialized surgical equipment.","One (1) operating microscope for ophthalmology, including delivery and installation",NOT FOUND,NOT FOUND,Czech
2,152607-2026,Poland – Medical consumables,Samodzielny Publiczny Szpital Kliniczny im. A.Mielęckiego Śląskiego Uniwersytetu Medycznego w Katowicach,POL,2026-04-08,,https://ted.europa.eu/en/notice/-/detail/152607-2026,"A Polish clinical hospital (Samodzielny Publiczny Szpital Kliniczny im. A.Mielęckiego) is tendering for various medical consumables across 5 packages including vascular catheters, bronchial sampling sets, surgical blades, drainage sets, and accessories for piezoelectric equipment. The procurement is for routine medical supplies used in hospital procedures.",Package 1 - Triple-lumen central venous catheters; Package 2 - Bronchial secretion sampling sets; Package 3 - Surgical blades; Package 4 - Suprapubic drainage sets; Package 5 - Accessories for piezoelectric device compatible with PIEZOELECTRONIC SYSTEM SATELEC NR 864643008,NOT FOUND,NOT FOUND,Polish
2,152747-2026,Czechia – Angiography devices,Fakultní nemocnice Olomouc,CZE,2026-04-07,,https://ted.europa.eu/en/notice/-/detail/152747-2026,"This tender is for an angiography device intended for combined vascular procedures in a hybrid operating room, connecting surgical and endovascular treatment approaches. The device must also be suitable for independent vascular and non-vascular procedures in interventional radiology and interventional cardiology. Related construction work is included in the scope.","Angiography device (angiografické zařízení) for hybrid operating room use, capable of performing combined vascular procedures (surgical and endovascular), independent vascular procedures, and non-vascular procedures in interventional radiology and interventional cardiology. Related construction work is also included as per attachment no. 9.",NOT FOUND,NOT FOUND,Czech
2,152824-2026,Czechia – Dialysis solutions,Fakultní nemocnice Motol a Homolka,CZE,2026-04-07,,https://ted.europa.eu/en/notice/-/detail/152824-2026,This is a tender for ongoing supplies of consumable materials for the Multifiltrate automatic mobile dialysis machine. The procurement is issued by Fakultní nemocnice Motol a Homolka (a hospital facility in the Czech Republic).,Consumable materials for the Multifiltrate automatic mobile dialysis machine (ongoing/continuous supplies),NOT FOUND,NOT FOUND,Czech
2,152845-2026,Italy – Diagnostics and radiodiagnostic devices and supplies,"Gestione, approvvigionamenti di beni, servizi e logistica",ITA,2026-04-17,,https://ted.europa.eu/en/notice/-/detail/152845-2026,"Open procedure for the service-based supply of a SENTIMAG-MAGTRACE-MAGSEED system or equivalent for sentinel lymph node detection and non-palpable breast lesions without ionizing radiation, required at the S. Maria della Misericordia Hospital in Urbino, Italy.","SENTIMAG-MAGTRACE-MAGSEED system or equivalent for sentinel lymph node detection and non-palpable breast lesion localization without using ionizing radiation, supplied as a service contract.",NOT FOUND,NOT FOUND,Italian
2,153077-2026,Czechia – Medical equipments,Fakultní nemocnice Ostrava,CZE,2026-04-08,,https://ted.europa.eu/en/notice/-/detail/153077-2026,"This is a tender for ongoing and repeated deliveries of medical devices - specifically rechargeable neuromodulation systems for the treatment of chronic, neuropathic and ischemic pain for the Neurosurgical Clinic at University Hospital Ostrava in the Czech Republic.","Rechargeable neuromodulation systems for therapy of chronic, neuropathic and ischemic pain (neurostimulation devices for pain management)",NOT FOUND,NOT FOUND,Czech
2,153087-2026,Czechia – Coronary endoprostheses,Fakultní nemocnice Brno,CZE,2026-04-07,,https://ted.europa.eu/en/notice/-/detail/153087-2026,"This is a tender for a framework purchase agreement for the supply of coronary endoprostheses (coronary stents) according to the needs of the contracting authority, Fakultní nemocnice Brno (University Hospital Brno) in the Czech Republic.",Coronary endoprostheses (coronary stents) - medical materials to be supplied under a framework agreement. No specific models or brands mentioned.,NOT FOUND,NOT FOUND,Czech
2,153548-2026,Sweden – Dental and subspecialty instruments and devices,Kriminalvården,SWE,2026-04-03,,https://ted.europa.eu/en/notice/-/detail/153548-2026,"This is a tender by the Swedish Prison and Probation Service (Kriminalvården) for the procurement of dental clinic equipment including dental units, compressors, saddle stools, and ceiling lighting for dental care facilities.","Dental clinic reception equipment including dental units (Unit Dental utrustning), compressors (Kompressor), saddle stools (Sadelstol), and ceiling lighting (Takbelysning). No specific model numbers or brands mentioned.",NOT FOUND,NOT FOUND,Swedish
2,153550-2026,"Greece – Endoscopy, endosurgery devices",401 ΓΕΝΙΚΟ ΣΤΡΑΤΙΩΤΙΚΟ ΝΟΣΟΚΟΜΕΙΟ ΑΘΗΝΩΝ,GRC,2026-04-13,,https://ted.europa.eu/en/notice/-/detail/153550-2026,"This is a procurement tender issued by the 401 General Military Hospital of Athens, Greece for the supply of endoscopy and endosurgical devices. The tender seeks to acquire medical equipment used for minimally invasive diagnostic and surgical procedures.","Endoscopy devices and endosurgical devices (specific models, brands, and quantities not provided in the notice excerpt).",NOT FOUND,NOT FOUND,Greek
2,153573-2026,Latvia – Parts and accessories for hearing aids,SIA “VESELĪBAS CENTRS “BIĶERNIEKI””,LVA,,,https://ted.europa.eu/en/notice/-/detail/153573-2026,"This is a tender for the supply of external components for cochlear implants, including sound processors, spare parts, and bone conduction hearing improvement devices. The buyer is a health center in Latvia seeking hearing aid accessories and related equipment.","External components for cochlear implants (sound processors), spare parts for cochlear implants, and bone conduction hearing improvement devices",NOT FOUND,NOT FOUND,Latvian
2,153670-2026,Italy – Incontinence kit,Azienda Sanitaria Territoriale di Ancona,ITA,,,https://ted.europa.eu/en/notice/-/detail/153670-2026,"This is a preliminary market consultation notice from the Territorial Health Authority of Ancona, Italy, for the supply of environmentally-friendly absorbent incontinence aids for home and extra-hospital use across the Marche Region. The notice precedes an open tender procedure under Italian public procurement law.","Incontinence aids with absorbent systems that have reduced environmental impact, for home and extra-hospital use (no specific models or brands mentioned).",NOT FOUND,NOT FOUND,Italian
2,154115-2026,Poland – Medical consumables,Szpital Czerniakowski sp. z o.o.,POL,2026-04-10,,https://ted.europa.eu/en/notice/-/detail/154115-2026,"This is a tender for the supply of medical sterilization consumables and accessories for Szpital Czerniakowski hospital in Poland. The procurement includes sterilization materials (steam, plasma), instrument care products, cleaning and disinfection fluids, control tests, and accessories for washer-disinfectors, divided into 8 separate packages.","Package 1: Instrument and stainless steel surface care products, labels; Package 2: Control tests; Package 3: Sterilization accessories; Package 4: Low-temperature plasma sterilization packaging and tests; Package 5: Steam sterilization accessories; Package 6: Steam sterilization materials; Package 7: Low-temperature and high-temperature sterilization accessories; Package 8: Washer-disinfector detergents and instrument disinfection products for Central Sterile Supply Department (CS)",NOT FOUND,NOT FOUND,Polish
2,154124-2026,Norway – Medical consumables,SYKEHUSINNKJØP HF,NOR,,,https://ted.europa.eu/en/notice/-/detail/154124-2026,"This is a prior information notice for an upcoming tender for procedure packages (medical consumable sets) for health authorities in Helse Sør-Øst, Norway. The procurement will cover procedure sets across multiple medical disciplines including orthopedics, ENT, general surgery, urology, neurology, cardiology, and others, with an estimated publication date of August 2026.","Procedure packages/sets for multiple medical disciplines: orthopaedics, ear nose throat (ENT), general surgery, urology, DaVinci (robotic surgery), neuro, PCI (percutaneous coronary intervention), pacemaker, cardiac laboratory, thorax, transplant surgery, polyclinic and ophthalmology (eyes). Medical consumables category.",NOT FOUND,NOT FOUND,English
2,154262-2026,Croatia – X-ray devices,MINISTARSTVO UNUTARNJIH POSLOVA,HRV,2026-03-25,,https://ted.europa.eu/en/notice/-/detail/154262-2026,The Ministry of Internal Affairs of Croatia is seeking to procure a portable X-ray device through an open public procurement procedure for high-value contracts. The procurement must meet technical specifications and other conditions outlined in the tender documentation.,Portable X-ray device (Prijenosni RTG uređaj) meeting specified technical specifications,NOT FOUND,NOT FOUND,Croatian
2,154529-2026,Spain – Infusion pumps,SERVICIO DE SALUD DEL PRINCIPADO DE ASTURIAS,ESP,,,https://ted.europa.eu/en/notice/-/detail/154529-2026,"This is a tender for consumable supplies for infusion pumps issued by the Health Service of the Principality of Asturias, Spain. The procurement covers consumable materials for volumetric pumps and syringe pumps, including specific supplies for volumetric pumps used in oncology.","Consumable materials for volumetric infusion pumps, consumable materials for syringe pumps, and consumable materials for volumetric pumps specifically for oncology use.",NOT FOUND,NOT FOUND,Spanish
2,154547-2026,Sweden – Dental consumables,REGION HALLAND,SWE,2026-05-06,,https://ted.europa.eu/en/notice/-/detail/154547-2026,"Region Halland in Sweden is procuring dental consumables for their general dental clinics, orthodontic clinics, and specialist dental care services.","Dental consumables (förbrukningsmaterial) for general dental care clinics, orthodontic clinics, and specialist dental care facilities.",NOT FOUND,NOT FOUND,Swedish
2,154555-2026,Poland – Tomography devices,Powiatowy Zakład Opieki Zdrowotnej,POL,2026-03-06,,https://ted.europa.eu/en/notice/-/detail/154555-2026,"This is a tender for the supply of brand new, non-exhibition imaging equipment including one CT scanner and two single-plane angiography systems for hemodynamic and electrophysiological procedures at a district healthcare facility in Starachowice, Poland. The contract includes installation, commissioning, handover, staff training, and adaptation of the hemodynamics laboratory rooms for equipment installation.","(a) One brand new, non-exhibition CT scanner (computed tomography device) with installation, commissioning, handover and medical staff training; (b) One brand new, non-exhibition single-plane angiography system for hemodynamic procedures with installation, commissioning, handover and medical staff training; (c) One brand new, non-exhibition single-plane angiography system for hemodynamic and electrophysiological procedures with installation, commissioning, handover and medical staff training; (d) Adaptation of hemodynamics laboratory rooms for equipment installation. Technical specifications detailed in annexes 5.1 and 5.2 to tender documents.",NOT FOUND,NOT FOUND,Polish
2,155170-2026,Sweden – Nutritional pumps,REGION HALLAND,SWE,2026-04-04,,https://ted.europa.eu/en/notice/-/detail/155170-2026,"This procurement is for nutritional pumps and enteral feeding systems to meet the combined needs of Region Halland and the municipalities in Halland, Sweden.",Nutritional pumps (nutritionspump) and enteral feeding systems/tube feeding aggregates (sondmatningsaggregat). No specific models or brands mentioned.,NOT FOUND,NOT FOUND,Swedish
2,155250-2026,Czechia – Surgical implants,Úrazová nemocnice v Brně,CZE,2026-04-07,,https://ted.europa.eu/en/notice/-/detail/155250-2026,"This is a tender for a 4-year framework agreement for the supply of single-use sterile, implantable, partially absorbable surgical meshes for reconstruction of abdominal defects, inguinal and ventral hernias. Deliveries will be made via consignment stock based on the buyer's orders as needed.","Single-use sterile, implantable, partially absorbable surgical meshes for reconstruction of abdominal defects, inguinal and ventral hernias; Partially absorbable surgical meshes with adhesive gel for implantation during open and laparoscopic operations for inguinal, ventral, incisional and other types of hernias, allowing fixation to tissues with minimal use of fixation devices.",NOT FOUND,NOT FOUND,Czech
2,155442-2026,Czechia – Medical consumables,Masarykův onkologický ústav,CZE,2026-04-06,,https://ted.europa.eu/en/notice/-/detail/155442-2026,This is a tender by the Masaryk Oncology Institute in Czechia for the supply of genomic tests for breast carcinoma. The procurement is for medical consumables with specifications and conditions detailed in the tender documentation annexes.,Genomic tests for breast carcinoma (genomické testy karcinomu prsu). Specific specifications are contained in Annex 2 (Specification and Price List of Goods) and Annex 3 (Draft Purchase Agreement) of the tender documentation.,NOT FOUND,NOT FOUND,Czech
2,155446-2026,"Sweden – Medical equipments, pharmaceuticals and personal care products",FMV,SWE,2026-04-10,,https://ted.europa.eu/en/notice/-/detail/155446-2026,"The Swedish Defence Materiel Administration (FMV) intends to procure RAD 57 handheld carbon monoxide meters with accessories that also measure oxygen saturation, for use in military specialized areas with operations similar to civilian specialist healthcare.",RAD 57 handheld carbon monoxide meter with accessories (also measures oxygen saturation),NOT FOUND,NOT FOUND,Swedish
2,155453-2026,Poland – Orthopaedic implants,Samodzielny Publiczny Zespół Zakładów Opieki Zdrowotnej w Ostrowi Mazowieckiej,POL,2026-04-08,,https://ted.europa.eu/en/notice/-/detail/155453-2026,"This tender is for the procurement of various orthopaedic implants and medical devices by a public healthcare facility in Ostrów Mazowiecka, Poland. The procurement includes osteotomy plates, screws, joint endoprosthetics implants, bi-layer membranes, and disposable consumables for the CORI Smith&Nephew orthopaedic robot system.",Osteotomy plates and screws; various orthopaedic implants and devices for joint endoprosthetics procedures; bi-layer membranes; disposable (single-use) consumable elements for the REAL INTELLIGENCE CORI Smith&Nephew orthopaedic robot. Detailed minimum parameters for each package position are specified in Attachment No. 2 to the Procurement Specification.,NOT FOUND,NOT FOUND,Polish
2,155483-2026,Italy – Cardiac-monitoring devices,Azienda Sanitaria Locale NAPOLI 3 Sud,ITA,,,https://ted.europa.eu/en/notice/-/detail/155483-2026,"This is a preliminary market consultation by the Local Health Authority Naples 3 Sud to acquire technical and economic information for the procurement of 20 cardiotocographic diagnostic systems for cardiac monitoring, with 17 units funded through project line CAM.4.5.1_03 (PNES) and 3 units funded by the ASL's own funds.",20 Cardiotocographic Diagnostic Systems (Sistemi Diagnostici Cardiotocografici) - 17 units funded through PNES project funds and 3 units from ASL funds,NOT FOUND,NOT FOUND,Italian
2,155573-2026,Croatia – Disposable non-chemical medical consumables and haematological consumables,Klinički bolnički centar Zagreb,HRV,2026-03-16,,https://ted.europa.eu/en/notice/-/detail/155573-2026,"This is a tender issued by Clinical Hospital Centre Zagreb, Croatia for the procurement of disposable non-chemical medical consumables and haematological consumables. The procurement is divided into 21 separate groups/lots of medical supplies.","Disposable non-chemical medical consumables and haematological consumables divided into 21 procurement groups (specific items, models, and brands not detailed in the provided excerpt)",NOT FOUND,NOT FOUND,Croatian (with some English elements in the title)
2,155596-2026,Poland – Medical software package,Katowickie Centrum Onkologii,POL,2026-03-16,,https://ted.europa.eu/en/notice/-/detail/155596-2026,This is a tender by the Katowice Oncology Center in Poland for a medical software package. The detailed specifications and requirements are contained in Attachment No. 4 - SWZ (Terms of Reference document).,Medical software package (specific details referenced in Attachment No. 4 - SWZ),NOT FOUND,NOT FOUND,Polish
2,155810-2026,Sweden – Medical furniture,"Akutsjukhusnämnden, S:t Eriks Ögonsjukhus",SWE,2036-03-03,,https://ted.europa.eu/en/notice/-/detail/155810-2026,"This is a tender for medical furniture for ophthalmic hospital operations, divided into three categories: operation chairs for outpatient procedures, examination chairs for clinical assessments, and operator chairs for healthcare staff performing procedures.","Sub-area 1: Operation chairs for outpatient clinical operations with electric adjustment functions (height, backrest, leg support), high stability and load capacity, tilt function, integrated armrests, hygiene-adapted surfaces. Sub-area 2: Examination chairs with manual or electric height adjustment, adjustable back and leg supports, rotatable or mobile models for ophthalmology, models adapted for children and/or adults, accessories including neck and arm supports. Sub-area 3: Operator chairs for healthcare personnel with height adjustment (gas spring or electric), ergonomic seats and backrests for prolonged work, various seat models (saddle, round, split), back or chest support for microscope work, wheels and stable base for mobility.",NOT FOUND,NOT FOUND,Swedish
2,155853-2026,Germany – Mechanical engineering installation works,Krankenhaus Rummelsberg GmbH,DEU,2026-04-15,,https://ted.europa.eu/en/notice/-/detail/155853-2026,"This is a tender for equipping various departments of a hospital in Germany with medical-technical furniture, storage systems, and equipment. The procurement covers central sterile supply departments (CSSD), outpatient clinics, emergency rooms, endoscopy, radiology, intensive care units, operating rooms, nursing work areas, equipment storage, and therapy areas with functional cabinet systems, packing tables, sterilization equipment, built-in devices, and related accessories.","Medical-technical functional cabinet systems; packing tables; sealing/welding stations; batch and picking stations; shoe washing machines; equipment standard rails; built-in devices; bedpan washers; disinfectant dosing devices; storage cabinet systems; therapy equipment; accessories for CSSD (Central Sterile Supply Department), ambulances, emergency rooms, endoscopy departments, radiology, intensive care units, operating rooms, nursing work rooms, equipment and material storage areas, and therapy areas.",NOT FOUND,NOT FOUND,German
2,155996-2026,Italy – Medical equipments,"Azienda Ulss n. 4 ""Veneto Orientale""",ITA,2026-04-14,,https://ted.europa.eu/en/notice/-/detail/155996-2026,"This is a tender for the supply and service of 2 automatic tissue processors for histological samples for the Pathological Anatomy Unit at San Donà di Piave Hospital, operated by Local Health Authority No. 4 ""Veneto Orientale"" in Italy.",2 automatic tissue processors for histological samples (processatori automatici di tessuti per campioni istologici) including service contract,NOT FOUND,NOT FOUND,Italian
2,156054-2026,Estonia – Special nutritional products,sihtasutus Tartu Ülikooli Kliinikum,EST,2026-03-20,,https://ted.europa.eu/en/notice/-/detail/156054-2026,"Tartu University Hospital in Estonia is tendering for special nutritional products. The procurement includes hermetically sealed liquid and powder formula products in various package sizes with specific energy content requirements (60-70 kcal per 100ml) containing balanced proteins, fats, carbohydrates, minerals and vitamins.","Special nutritional formula products in hermetically sealed packaging: liquid format (50-200 ml) and powder format (300-800g) with balanced composition of proteins, fats, carbohydrates, minerals and vitamins. Energy content requirement: 100 ml = 60-70 kcal. Some products contain lactose. Detailed technical specifications are in Annex 1.",NOT FOUND,NOT FOUND,Estonian
2,156056-2026,Belgium – Medical furniture,Hospilim VZW,BEL,,,https://ted.europa.eu/en/notice/-/detail/156056-2026,This is a framework agreement tender from Belgium for the supply of examination tables (medical furniture) with multiple participants allowed.,Examination tables (onderzoekstafels) for medical use,NOT FOUND,NOT FOUND,Dutch
2,156189-2026,Germany – X-ray devices,Universitätsklinikum Freiburg,DEU,,,https://ted.europa.eu/en/notice/-/detail/156189-2026,"The University Hospital Freiburg is procuring an intraoperative navigation system with 3D imaging for trauma and orthopedic surgery. The system must include both navigation and imaging components with compatibility for spinal, pelvic, and extremity procedures, integrated into existing server infrastructure.","Intraoperative navigation system with 3D X-ray imaging for trauma and orthopedic surgery including: navigation component with ≤1mm system accuracy and 4° angular deviation; 3D imaging component with orbital rotation ≥180°, 25x25cm imaging field, 16x16x16cm 3D volume, ≥90cm tube-detector distance; at least 1 monitor screen; integrated UPS; automated DICOM-compatible data transfer; image reconstruction ≤30 seconds; compatibility with cannulated implants, navigated drill guides, spine surgery and trauma operations.",NOT FOUND,NOT FOUND,German
2,156238-2026,Sweden – Medical aids,Stockholms läns sjukvårdsområde,SWE,2026-04-10,,https://ted.europa.eu/en/notice/-/detail/156238-2026,"This is a procurement for software programs used to assist with reading and writing difficulties, including spelling correction programs and text-to-speech software, for the Stockholm County healthcare region and Region Gotland in Sweden.",Software programs for reading and writing difficulties including spelling correction programs (rättstavningsprogram) and text-to-speech programs that read written text aloud,NOT FOUND,NOT FOUND,Swedish
2,156578-2026,"Croatia – Laboratory, optical and precision equipments (excl. glasses)",Istarsko veleučilište - Università Istriana di scienze applicate,HRV,2026-04-07,,https://ted.europa.eu/en/notice/-/detail/156578-2026,"This is a tender for the procurement of laboratory and precision equipment for Istrian University of Applied Sciences in Croatia. The procurement includes delivery, installation, and setup of various analytical instruments, machining equipment, microscopy devices, and laboratory furniture across multiple lots.","Optical emission spectrometer for chemical composition analysis, carbon determination instrument, desktop X-ray diffractometer for powder samples, CNC milling machine with tools, CNC lathe with tools, band saw, bench drill, air compressor, semi-automatic grinding and polishing device, automatic precision cutter, hot and cold sample molding set, multifunctional hardness tester, dynamic tensile testing machine for polymers and composites with temperature chamber, laboratory/workshop/office furniture and presentation equipment, workstation, super server, dryer, laboratory water preparation system, extraction device, filtration with vacuum pumps, floculator, laboratory fume hood with suction arm, incubator, laminar flow cabinet (microbiological safety cabinet), simultaneous thermogravimetric analyzer with balance, high-resolution transmission electron microscope (HRTEM), focused ion beam scanning electron microscope (FIB-FEGSEM), climate chamber, salt spray chamber, and vacuum casting device.",NOT FOUND,NOT FOUND,Croatian
2,156613-2026,Czechia – Medical consumables,Fakultní nemocnice Motol a Homolka,CZE,2026-04-13,,https://ted.europa.eu/en/notice/-/detail/156613-2026,This is a tender for ongoing supplies of custom angiographic sets for peripheral interventions to be delivered to Fakultní nemocnice Motol a Homolka hospital in the Czech Republic.,Custom angiographic sets for peripheral interventions (zakázkové angiografické sety pro periferní intervence),NOT FOUND,NOT FOUND,Czech
2,156614-2026,Spain – X-ray devices,EDP Salut Sant Joan de Reus - Baix Camp,ESP,,,https://ted.europa.eu/en/notice/-/detail/156614-2026,This is a tender for the supply of a mammography device and its maintenance service for the Radiodiagnostic Service at Sant Joan de Reus University Hospital in Spain.,One mammography device (mamógrafo) with associated maintenance service for the Radiodiagnostic Service,NOT FOUND,NOT FOUND,Spanish
2,156629-2026,Poland – Tomography devices,Szpital Wojewódzki im. Prymasa Kardynała Stefana Wyszyńskiego w Sieradzu,POL,2026-03-23,,https://ted.europa.eu/en/notice/-/detail/156629-2026,"This is a tender for the delivery of a computed tomography (CT) scanner along with a modular facility/room for the Provincial Hospital in Sieradz, Poland.",Computed tomography (CT) scanner with modular workroom/facility,NOT FOUND,NOT FOUND,Polish
2,156678-2026,Germany – Diagnostic ultrasound devices,"Bundesamt für Ausrüstung, Informationstechnik und Nutzung der Bundeswehr",DEU,2026-03-31,,https://ted.europa.eu/en/notice/-/detail/156678-2026,"The German Federal Office of Bundeswehr Equipment, Information Technology and In-Service Support is procuring diagnostic ultrasound devices for military use.",Diagnostic ultrasound devices (Ultraschallgeräten). No specific models or brands mentioned.,NOT FOUND,NOT FOUND,German
2,156921-2026,Slovenia – Medical consumables,Zdravstveni dom Trbovlje,SVN,2026-04-13,,https://ted.europa.eu/en/notice/-/detail/156921-2026,"This is a tender for medical consumables by Zdravstveni dom Trbovlje (Health Center Trbovlje) in Slovenia. The procurement covers a wide range of basic medical supplies including sterile and non-sterile dressings, gloves, syringes, needles, catheters, infusion systems, disinfection materials, and other general healthcare consumables.","Sterile and non-sterile bandaging materials; wound dressings and plasters; sterile and non-sterile gloves; syringes, needles, cannulas, catheters, tubes and infusion systems; disinfection and cleaning materials; other general medical and consumable materials.",NOT FOUND,NOT FOUND,Slovenian
2,156932-2026,Poland – Medical equipments,Szpital Wojewódzki im. Św. Łukasza w Tarnowie,POL,2026-03-20,,https://ted.europa.eu/en/notice/-/detail/156932-2026,"This is a tender by St. Luke's Provincial Hospital in Tarnów, Poland for various hospital equipment and furniture. The procurement includes operating room equipment (surgical table, surgical lamp, anesthesia columns), patient care equipment (hospital beds, bedside panels), and support equipment (instrument trolleys, waste trolleys, dialysis stations).","Operating table (stół operacyjny), surgical lamp (lampa operacyjna), anesthesia column (kolumna anestezjologiczna), surgical anesthesia column (kolumna anestezjologiczna chirurgiczna), bedside panels with shelves (panele łóżkowe + półki), bridges (mosty), bedside panel (panel przyłózkowy), dialysis station (stanowisko dializ), hospital beds (łózko szpitalne), instrument trolley (wózek narzędziowy), waste trolleys (wózek na odpady)",NOT FOUND,NOT FOUND,Polish
2,156965-2026,Bulgaria – Medical consumables,СПЕЦИАЛИЗИРАНА БОЛНИЦА ЗА АКТИВНО ЛЕЧЕНИЕ НА ОНКОЛОГИЧНИ ЗАБОЛЯВАНИЯ Д-Р МАРКО АНТОНОВ МАРКОВ-ВАРНА ЕООД,BGR,2026-04-06,,https://ted.europa.eu/en/notice/-/detail/156965-2026,"This is a tender for medical consumables by a specialized oncology hospital in Varna, Bulgaria. The procurement includes various biopsy equipment, blood collection supplies, sterile swabs, and other disposable medical items totaling multiple product categories with quantities ranging from 2 to 100,000 units.","Breast biopsy markers for tissue marking (50 units), single-use biopsy needles for histological material collection (500 units), reusable automatic biopsy instruments for histological collection (2 units), microtest tube sets (7,000 units), microtest tube sets with dosing capillary and cap (1,000 units), automatic atraumatic lancets 17G size (20,000 units), automatic atraumatic lancets 23G size (15,000 units), X-ray contrast skin markers (8,000 units), closed system needles (100,000 units), Esmarch tourniquets with reinforced elastic band (200 units), visitor aprons (15,000 units), safety butterfly needles with locking device for blood collection (4,000 units), check valve for infusion line (6,000 units), sterile dry swabs in tubes (3,000 units), sterile swabs with Stuart transport medium (3,000 units), sterile swabs (3,000 units), sterile alcohol swabs (10,000 units), BS Buffer 125ml for Coatron X coagulometer (10 units).",NOT FOUND,NOT FOUND,Bulgarian
2,157309-2026,"Sweden – Echo, ultrasound and doppler imaging equipment",Region Sörmland och Region Västmanland,SWE,2026-03-19,,https://ted.europa.eu/en/notice/-/detail/157309-2026,This is a procurement for a framework agreement for universal imaging ultrasound equipment by Region Sörmland and Region Västmanland in Sweden.,Universal imaging ultrasound equipment (universella bildgivande ultraljud),NOT FOUND,NOT FOUND,Swedish
2,157602-2026,Poland – Orthopaedic implants,Samodzielny Publiczny Szpital Kliniczny im. Prof. A. Grucy CMKP,POL,2026-04-10,,https://ted.europa.eu/en/notice/-/detail/157602-2026,This is a tender from Prof. A. Grucy Clinical Hospital in Poland for the procurement of orthopaedic implants. The detailed description of the procurement subject is contained in attachment form 1A to the tender documentation (SWZ).,Orthopaedic implants (specific details are referenced in attachment 1A which is not provided in this notice),NOT FOUND,NOT FOUND,Polish
2,157647-2026,Czechia – Medical consumables,Ústřední vojenská nemocnice - Vojenská fakultní nemocnice Praha,CZE,2026-04-10,,https://ted.europa.eu/en/notice/-/detail/157647-2026,This is a tender for ongoing supplies of medical consumables for the Central Military Hospital - Military University Hospital Prague in the Czech Republic. The procurement involves continuous deliveries of consumable medical materials in accordance with the tender documentation and its annexes.,"Consumable medical materials (spotřební zdravotnický materiál) for hospital use. Specific items, models, or brands are not mentioned in this notice excerpt.",NOT FOUND,NOT FOUND,Czech
2,157652-2026,Sweden – Chemical products,Käppalaförbundet,SWE,2026-04-10,,https://ted.europa.eu/en/notice/-/detail/157652-2026,This is a procurement tender by Käppalaförbundet in Sweden for the purchase of laboratory consumables and chemical products.,"Laboratory consumables (förbrukningsmaterial till laboratorium). Specific products, models, or brands are not mentioned in the notice provided.",NOT FOUND,NOT FOUND,Swedish
2,157674-2026,Denmark – Installation services of fire protection equipment,Greve Kommune,DNK,2026-04-07,,https://ted.europa.eu/en/notice/-/detail/157674-2026,"This tender concerns the supply, maintenance and servicing of fire extinguishing and first aid equipment for Greve Municipality in Denmark. The contracting authority wishes to enter into a 6-year contract with one supplier.","Fire extinguishing equipment and first aid equipment, including supply, maintenance and servicing services",NOT FOUND,NOT FOUND,Danish
2,157719-2026,Italy – Cardiac valve,ISMETT - Istituto Mediterraneo per i Trapianti Ismett IRCCS,ITA,2026-04-24,,https://ted.europa.eu/en/notice/-/detail/157719-2026,"This is a procurement tender for various cardiac valve devices and related cardiovascular surgical products issued by ISMETT - Mediterranean Institute for Transplantation in Italy. The tender covers biological and mechanical heart valves, annuloplasty rings, vascular prostheses, patches, and associated cardiac surgery materials.","Aortic valvular tube; Flexible Duran-type semi-ring; Flexible Band anchors for mitral and tricuspid repair; Medtronic Profile 3D type mitral annuloplasty ring; Stentless porcine bioprosthesis; Bovine pericardial valve bioprosthesis for aortic position; Carpentier-Edwards type ring for mitral valve repair; Double velour vascular prosthesis (straight, bifurcated and aortic arch); Bileaflet mechanical aortic and mitral valve prosthesis; Biological aortic and mitral valve prosthesis with stent; Self-expanding Nitinol thoracic aortic endovascular prosthesis with introducer; Bovine pericardium vascular patch; ePTFE cardiovascular patch; Surgical pledgets; Surgical felt; Contour 3D type tricuspid valve annuloplasty ring; Avalus-type biological heart valves from animal tissue with support for surgical implant; Hancock II type biological heart valves from animal valve tissue with support; Simplus-type flexible cardiac valve rings.",NOT FOUND,NOT FOUND,Italian
2,157968-2026,Poland – Medical equipments,Zespół Szpitali Powiatu Gliwickiego Sp. z o.o.,POL,2026-03-12,,https://ted.europa.eu/en/notice/-/detail/157968-2026,"This tender is for the supply of medical equipment to a hospital group in Gliwice, Poland. The procurement includes metallic bedside cabinets with countertops, electric hospital beds, anti-decubitus mattresses, and bathing/toilet trolleys.","Metallic bedside cabinets with countertops (szafki przyłóżkowe metalowe z blatem), electric hospital beds (łóżka szpitalne elektryczne), anti-decubitus/pressure relief mattresses (materace przeciwodleżynowe), and bathing-toilet trolleys/commodes (wózki kąpielowo-toaletowe). Specific quantities and detailed descriptions are referenced in Annexes 2 and 2.1-2.4.",NOT FOUND,NOT FOUND,Polish
2,157987-2026,"Austria – Radiotherapy, mechanotherapy, electrotherapy and physical therapy devices",Landeskrankenanstalten-Betriebsgesellschaft - KABEG,AUT,2026-04-07,,https://ted.europa.eu/en/notice/-/detail/157987-2026,"The Landeskrankenanstalten-Betriebsgesellschaft (KABEG) in Austria is planning to procure an afterloader system for performing brachytherapy, which is a form of radiotherapy treatment.",An afterloader system (Nachladesystem/Afterloader) for brachytherapy procedures,NOT FOUND,NOT FOUND,German
2,157990-2026,Spain – Medical consumables,Dirección General de Recursos Económicos del Servicio Canario de la Salud,ESP,2028-03-05,,https://ted.europa.eu/en/notice/-/detail/157990-2026,"This is a tender from the Canary Islands Health Service in Spain for the procurement of various medical consumables including bandages, dressings, gauze, needles, syringes, ventilation materials, oxygen masks, collection materials for biological samples, sensors, electrodes and other disposable medical supplies.","Bandages, dressings, gauze and adhesive tape; patient hygiene and care materials; biological sample and waste collection materials; needles and syringes (as described in annex 2 of PCAP); ventilation materials, masks (oxygen/laryngeal) and nasal cannulas; data collection materials, sensors, electrodes and accessories; other instruments, small tools and disposable materials.",NOT FOUND,NOT FOUND,Spanish
2,158166-2026,Czechia – Operating tables,Fakultní nemocnice Bulovka,CZE,2026-04-07,,https://ted.europa.eu/en/notice/-/detail/158166-2026,"This is a tender for the supply of operating tables with accessories for the ENT (otolaryngology) department and urology department at Fakultní nemocnice Bulovka hospital in Czechia, including warranty, post-warranty, and out-of-warranty service provision.","Operating tables with accessories for ENT (otolaryngology) department and operating tables with accessories for urology department, including warranty, post-warranty, and out-of-warranty service/maintenance.",NOT FOUND,NOT FOUND,Czech
2,158263-2026,Norway – Patient-monitoring system,SYKEHUSINNKJØP HF,NOR,,,https://ted.europa.eu/en/notice/-/detail/158263-2026,"Østfold Hospital in Norway is conducting a market dialogue for a future patient monitoring system as part of their expansion with new buildings. They are particularly interested in exploring AI-based solutions, decision support, and data integration capabilities that could replace or supplement their current Philips monitoring system.","Patient monitoring system with artificial intelligence (AI/KI) capabilities, decision support functionality, and data integration features. Current system is Philips brand. Interest in AI-based functions that can replace or supplement current scope central monitoring.",NOT FOUND,NOT FOUND,English
2,158299-2026,Belgium – Diagnostic devices,Ziekenhuis aan de Stroom vzw (ZAS),BEL,2026-04-13,,https://ted.europa.eu/en/notice/-/detail/158299-2026,Framework agreement for the supply of bladder scanners. A bladder scanner is an ultrasound device that non-invasively measures the amount of urine in the bladder using a special probe placed on the patient's abdomen. Delivery location is all sites of the ZAS network.,Bladder scanners (ultrasound devices with special probes for non-invasive measurement of urine volume in the bladder),NOT FOUND,NOT FOUND,Dutch
2,158385-2026,Poland – Medical software package,Katowickie Centrum Onkologii,POL,2026-03-19,,https://ted.europa.eu/en/notice/-/detail/158385-2026,"This tender is for updating a laboratory information system (LSI/E-LAB) with Oracle database at an oncology center in Poland. The procurement includes software updates, Oracle 19C database migration, necessary integrations, and 36 months of technical support with perpetual licenses.",Laboratory information system (LSI) E-LAB or equivalent system update; Oracle Database SE2 19C upgrade from Oracle 10; perpetual licenses; data migration services; system integration; Windows and Oracle system update services; 36-month technical support starting from acceptance protocol signature.,NOT FOUND,NOT FOUND,Polish
2,158390-2026,Croatia – Disposable non-chemical medical consumables and haematological consumables,Klinički bolnički centar Sestre milosrdnice,HRV,2026-03-18,,https://ted.europa.eu/en/notice/-/detail/158390-2026,"This is a public tender for the procurement of disposable non-chemical medical consumables and haematological consumables for multiple clinical hospital centers across Croatia. The tender is divided into 31 groups covering different hospital centers including KBC Osijek, KBC Zagreb, KBC Rijeka, KBC Split, KBC Sestre Milosrdnice, and OB Zadar.","Disposable non-chemical medical consumables and haematological consumables (specific items, model numbers, or brands not specified in the provided notice excerpt).",NOT FOUND,NOT FOUND,Croatian
2,158400-2026,Poland – Laboratory reagents,Regionalne Centrum Krwiodawstwa i Krwiolecznictwa w Białymstoku,POL,2026-03-18,,https://ted.europa.eu/en/notice/-/detail/158400-2026,"This tender is for the supply of reagents, consumables, and other assortment along with lease, installation, and commissioning of a fully automatic analyzer for performing immunohematological tests on blood donors using microplate methodology for the Regional Blood Donation and Blood Treatment Center in Białystok, Poland.","Fully automatic analyzer for immunohematological testing using microplate method, laboratory reagents, consumable materials, and other associated assortment. Includes equipment lease, installation, and commissioning services.",NOT FOUND,NOT FOUND,Polish
2,158524-2026,Norway – Orthopaedic prostheses,SYKEHUSINNKJØP HF,NOR,,,https://ted.europa.eu/en/notice/-/detail/158524-2026,"This is a prior information notice for an upcoming tender by Helse Sør-Øst (South-East Norway Regional Health Authority) for orthopaedic prostheses to be procured through SYKEHUSINNKJØP HF. The procurement will include elbow prostheses (radial head prostheses, total elbow prostheses, and hemi prostheses) for specialist health services, with publication estimated for September 2026.","Elbow prostheses including caput radii prostheses (radial head prostheses), total elbow prostheses, and hemi prostheses. The assortment is subject to change.",NOT FOUND,NOT FOUND,English
2,158539-2026,France – Surgical implants,Fondation A DE ROTHSCHILD,FRA,2026-04-20,,https://ted.europa.eu/en/notice/-/detail/158539-2026,"This is a tender for various types of intraocular lens implants (IOLs) for surgical procedures. The Fondation A DE ROTHSCHILD in France is procuring multiple lots of monofocal and specialty intraocular implants made from different materials (PMMA, hydrophobic acrylic, hydrophilic acrylic) with various fixation methods and optical characteristics.","Multiple lots of intraocular lens implants including: sutured PMMA sulcus monofocal implants, iris-fixated monobloc implants, sutureless scleral-fixation implants with T-haptics, 3-piece posterior chamber monofocal IOLs in hydrophobic acrylic (6.0mm and 6.5mm optical diameter, with possibility of negative diopters), monobloc posterior chamber monofocal IOLs in hydrophobic acrylic (aspherical or non-aspherical, with/without blue light filter, C-haptics, preloaded or not), implants with offset haptics, negative aspherical implants, IOLs with posterior surface treatment (Lot 10 sub-lots 1 and 2), hydrophilic acrylic with hydrophobic surface IOLs with 4 support points, Bag-in-Lens implants with 7.5mm optical diameter and related accessories.",NOT FOUND,NOT FOUND,French
2,158545-2026,Germany – CT scanners,TUM Klinikum,DEU,2026-03-19,,https://ted.europa.eu/en/notice/-/detail/158545-2026,"This is a procurement for a preclinical PET/CT system for small animals including associated delivery, services, maintenance, and disposal/take-back of the old PET/MR equipment at TUM Klinikum in Germany.","Preclinical PET/CT system for small animals, including delivery services, maintenance services, warranty services, and decommissioning and take-back of existing old PET/MR equipment",NOT FOUND,NOT FOUND,German
2,158658-2026,France – Recording systems and exploration devices,HOPITAUX DE PROVENCE,FRA,2026-04-07,,https://ted.europa.eu/en/notice/-/detail/158658-2026,"This is a tender from Hôpitaux de Provence (France) for EEG recording equipment and related medical devices. The procurement includes EEG caps and accessories for both adults and children (first and second line), maintenance services, piezoelectric sensors, holter monitor protective pouches, and expired carbon monoxide analyzers.","EEG caps and accessories for adults and children (first-line use), EEG caps and accessories for adults and children (second-line use), corrective maintenance services for EEG caps, reusable and single-use piezoelectric sensors, single-use protective pouches for holter monitors, expired carbon monoxide analyzer.",NOT FOUND,NOT FOUND,French
2,158742-2026,Spain – Cochlear implant,Gerencia del Área Sanitaria IV del Servicio de Salud del Principado de Asturias,ESP,2026-03-24,,https://ted.europa.eu/en/notice/-/detail/158742-2026,This is a tender for the supply of cochlear implants and necessary materials for their implantation for the Otology Section of the Otorhinolaryngology Service in Health Area IV of the Asturian Health Service in Spain.,Cochlear implants and all necessary materials required for their implantation.,NOT FOUND,NOT FOUND,Spanish
2,158745-2026,Poland – Medical equipments,Szpital Tucholski Spółka z o.o.,POL,2026-03-16,,https://ted.europa.eu/en/notice/-/detail/158745-2026,"This tender is for the supply of permanent medical equipment along with modernization of the Cardiology Department premises at Tucholski Hospital in Tuchola, Poland. It includes two parts: Part 1 covers equipment delivery, building documentation, renovation works, and installation; Part 2 covers the delivery of mobile devices.","Part 1: Permanent medical equipment for the Cardiology Department (specific items referenced in annexes 1A, 1B, 1C, 1D), building inventory for project documentation, design documentation, construction and installation works, final acceptance inspections. Part 2: Mobile medical devices (specific items referenced in annexes 2A, 2B, 2C, 2D, 2E, 2F, 2G, 2H, 2I), final acceptance inspections.",NOT FOUND,NOT FOUND,Polish
2,158752-2026,Finland – Medical equipments,Pohjois-Pohjanmaan hyvinvointialue,FIN,2032-04-30,,https://ted.europa.eu/en/notice/-/detail/158752-2026,"This is a framework agreement tender for laser treatment and surgical laser equipment with related device-specific supplies for various medical specialties. The procurement covers equipment suitable for both surgical and outpatient procedures across multiple departments including urology, gynecology, vascular surgery, gastroenterology, ENT, ophthalmology, dermatology, and other innovative laser applications.","Laser treatment and laser surgical equipment with device-specific supplies for: urological procedures, gynecological procedures, vascular procedures, gastrointestinal procedures, ENT (ear-nose-throat) procedures, ophthalmological procedures, dermatological procedures, and other innovative/new laser treatment and surgical applications not covered in the main categories. Equipment must be suitable for both surgical and outpatient clinical use.",NOT FOUND,NOT FOUND,Finnish
2,158913-2026,Poland – Medical equipments,Zagłębiowskie Centrum Onkologii Szpital Specjalistyczny im. Sz. Starkiewicza w Dąbrowie Górniczej,POL,2026-03-18,,https://ted.europa.eu/en/notice/-/detail/158913-2026,"This is a tender from an oncology hospital in Dąbrowa Górnicza, Poland for the procurement of medical equipment across four packages: ultrasound apparatus, echocardiography apparatus, hospital beds with anti-bedsore mattresses, and a mobile bedside X-ray apparatus.",Package 1 - Ultrasound apparatus (USG); Package 2 - Echocardiography apparatus (UKG); Package 3 - Hospital beds and anti-bedsore mattresses; Package 4 - Mobile/bedside X-ray apparatus (RTG),NOT FOUND,NOT FOUND,Polish
2,158914-2026,Italy – Medical equipments,Azienda Regionale della Salute (ARES),ITA,,,https://ted.europa.eu/en/notice/-/detail/158914-2026,"This is a preliminary market consultation for the supply of point-of-care testing (POCT) equipment under a service arrangement for healthcare facilities in the Sardinia Region of Italy. The procurement covers blood gas analysis, complete analytical systems for glucose testing, complete blood count, troponin, and C-reactive protein (CRP) determination.","Blood gas analysis equipment, complete analytical systems for glucose (glycemia) determination, complete blood count (hemochrome) systems, troponin testing systems, and C-reactive protein (PCR/CRP) testing systems, all with Point of Care Testing (POCT) technology, supplied under a service arrangement.",NOT FOUND,NOT FOUND,Italian
2,159025-2026,Poland – Autoclaves,Uniwersytet Gdański,POL,2026-04-10,,https://ted.europa.eu/en/notice/-/detail/159025-2026,"The University of Gdańsk is procuring a vertical laboratory autoclave for the International Cancer Vaccine Research Center. The contract includes delivery, assembly, installation at the specified location, and training of 4 staff members on operation and basic maintenance. A 24-month warranty is required.","One vertical laboratory autoclave (CPV code: 33191110-9) with delivery, assembly, installation, and training for 4 employees on operation and basic maintenance.",NOT FOUND,NOT FOUND,Polish
2,159092-2026,Estonia – Medical equipments,sihtasutus Põhja-Eesti Regionaalhaigla,EST,2026-03-23,,https://ted.europa.eu/en/notice/-/detail/159092-2026,"This is a tender by North Estonia Regional Hospital for the procurement of multiple medical devices related to cardiovascular and ECMO (extracorporeal membrane oxygenation) procedures. The procurement includes heparin-coated cannulas, oxygenators with holders, central venous insertion kits, ECMO kits for v-v and v-a procedures, and percutaneous cannula insertion kits.",1) Heparin-coated cannulas; 2) Oxygenators with holders; 3) Central venous insertion kits with reinforcement; 4) ECMO kits for v-v (veno-venous) and v-a (veno-arterial) ECMO procedures; 5) Kits for percutaneous cannula insertion,NOT FOUND,NOT FOUND,Estonian
2,159430-2026,Poland – Miscellaneous medical devices and products,Uniwersyteckie Centrum Kliniczne Warszawskiego Uniwersytetu Medycznego,POL,2026-03-11,,https://ted.europa.eu/en/notice/-/detail/159430-2026,"This is a tender for the supply of reagents, calibration materials, control materials, and consumables for general urine testing, along with 36-month lease of automated integrated systems and semi-automatic backup readers for the University Clinical Center of the Medical University of Warsaw.","Reagents, calibration materials, control materials, and consumables for general urine analysis; automated integrated systems (lease); semi-automatic backup readers (lease) for a 36-month period.",NOT FOUND,NOT FOUND,Polish
2,159448-2026,Poland – Medical equipments,10 Wojskowy Szpital Kliniczny z Polikliniką Samodzielny Publiczny Zakład Opieki Zdrowotnej,POL,2026-03-17,,https://ted.europa.eu/en/notice/-/detail/159448-2026,"This is a tender from a Polish military hospital for the procurement of various medical equipment including ECG devices, infusion pumps, electric hospital beds, defibrillators, ventilators, ultrasound machines, and critical care monitoring equipment.","ECG device, single-track infusion pump, electric hospital beds, 4-segment electric hospital beds with side rails, beds for POP and ITK rooms (110/220), beds for ITK separation rooms (110/240), patient room beds (90/200), critical parameter analyzer, continuous renal replacement therapy device, defibrillator with cardioversion and external cardiac pacing capabilities, transport ventilator, bedside ultrasound device, pump sets, syringe pump.",NOT FOUND,NOT FOUND,Polish
2,159469-2026,Germany – Diagnostic ultrasound devices,"Bundesamt für Ausrüstung, Informationstechnik und Nutzung der Bundeswehr",DEU,2026-03-31,,https://ted.europa.eu/en/notice/-/detail/159469-2026,"This is a procurement tender issued by the German Federal Office of Bundeswehr Equipment, Information Technology and In-Service Support for the acquisition of ultrasound devices for military use.",Diagnostic ultrasound devices (Ultraschallgeräten). No specific model numbers or brands mentioned in the available excerpt.,NOT FOUND,NOT FOUND,German
2,159590-2026,Poland – Software supply services,Beskidzkie Centrum Onkologii- Szpital Miejski im. Jana Pawła II w Bielsku-Białej.,POL,2026-04-06,,https://ted.europa.eu/en/notice/-/detail/159590-2026,"This is a tender for IT and medical software systems for an oncology hospital in Bielsko-Biała, Poland. The procurement covers expansion of medical systems, management software, cytostatic production software, VNA/PACS integration, point-of-care testing analyzers with HIS integration, and email infrastructure upgrades with security features.",Task 1 - Expansion of medical systems; Task 2 - Expansion of computer station management and supervision software; Task 3 - Expansion of software for cytostatic production and oncological patient treatment planning; Task 4 - Integration of VNA/PACS system with the Intelligent Services Platform (PUI) of the e-Health Center; Task 5 - Delivery and implementation of networked point-of-care testing (POCT) analyzer system with HIS integration; Task 6 - Expansion of email infrastructure with MFA mechanisms and Enterprise-class protection system,NOT FOUND,NOT FOUND,Polish
2,159633-2026,Norway – Coelioscopy devices,SYKEHUSINNKJØP HF,NOR,2026-03-16,,https://ted.europa.eu/en/notice/-/detail/159633-2026,Helse Midt-Norway is procuring staple and laparoscopic equipment for hospital use. The contract has an estimated annual value with a maximum total value of NOK 150 million over a potential 4-year period (2+1+1 years).,Staple and laparoscopic equipment for coelioscopy/laparoscopic procedures. No specific models or brands mentioned.,NOT FOUND,NOT FOUND,English
2,159681-2026,Belgium – Anaesthesia and resuscitation,Hospilim VZW,BEL,,,https://ted.europa.eu/en/notice/-/detail/159681-2026,This is a framework agreement tender for the supply of anaesthesia and ventilation equipment as well as transport ventilators for Hospilim VZW in Belgium.,Anaesthesia and ventilation equipment AND transport ventilators,NOT FOUND,NOT FOUND,Dutch
2,159692-2026,Czechia – Electrosurgical unit,Všeobecná fakultní nemocnice v Praze,CZE,2026-04-07,,https://ted.europa.eu/en/notice/-/detail/159692-2026,This is a tender for the delivery of 13 electrosurgical units for the General University Hospital in Prague (VFN). The scope of work is defined in the binding contract proposal included as an annex to the tender conditions.,13 pieces of electrosurgical units (electrosurgical devices/instruments),NOT FOUND,NOT FOUND,Czech
2,159702-2026,Poland – Laboratory reagents,Krakowski Szpital Specjalistyczny im. św. Jana Pawła II,POL,2026-03-17,,https://ted.europa.eu/en/notice/-/detail/159702-2026,"This is a tender for laboratory diagnostic products and reagents issued by Krakowski Szpital Specjalistyczny im. św. Jana Pawła II (St. John Paul II Specialist Hospital in Krakow), Poland. The procurement covers a wide range of laboratory supplies including immunology reagents, PCR reagents, molecular diagnostics reagents, flow cytometry reagents, microbiological testing supplies, and diagnostic products for various laboratory analyzers.","Laboratory diagnostic products including: immunology laboratory reagents; hydrophobic pipette tips and plates (DNase and RNase-free, with and without filters); NoStick resin specialist tips (sterile, with filters, free from DNase, RNase, PCR inhibitors and pyrogens); SNP polymorphism and sequencing reagents; PCR reagents; reagents for automatic molecular diagnostics systems; genetic testing reagents; DNA/RNA decontamination reagents; flow cytometry reagents; reagents for BioFire FilmArray Torch System; immunographic cassette rapid tests; microbiological testing reagents and microbanks; microbiological swabs; E-tests and diagnostic discs; pinworm test collection kits; reagents for Cobas PRO analyzer; reagents for Atellica Neph 630 analyzer; tests for VerifyNow analyzer; diagnostic products for Sysmex CN-3000 analyzer; genotyping laboratory reagents.",NOT FOUND,NOT FOUND,Polish
2,159868-2026,Norway – Medical equipments,SYKEHUSINNKJØP HF,NOR,,,https://ted.europa.eu/en/notice/-/detail/159868-2026,"This is a market survey for the planned procurement of CO2 laser equipment for the Women's Clinic at Helse Stavanger HF in Norway. The contracting authority is conducting preliminary market research to understand available suppliers, price levels, and gather input before launching the formal procurement process.",CO2 laser equipment for the Women's Clinic,NOT FOUND,NOT FOUND,English
2,159944-2026,Czechia – Operating tables,"Krajská zdravotní, a.s.",CZE,2026-04-10,,https://ted.europa.eu/en/notice/-/detail/159944-2026,"This is a tender for the supply of 1 systemic operating table for the Central Operating Rooms of Krajská zdravotní, a.s. – Nemocnice Litoměřice hospital, along with appropriate accessories and post-warranty service for 96 months.","1 unit of systemic operating table with appropriate accessories, including post-warranty service for 96 months (8 years)",NOT FOUND,NOT FOUND,Czech
2,159988-2026,Czechia – Operating-theatre lamps,Fakultní nemocnice v Motole,CZE,2026-04-07,,https://ted.europa.eu/en/notice/-/detail/159988-2026,"This is a tender for the supply of operating theatre lamps and accessories for the Motol Oncology Center at the Faculty Hospital in Motol, Czech Republic.",Operating theatre lamps (surgical lights) including accessories for the Motol Oncology Center.,NOT FOUND,NOT FOUND,Czech
2,160113-2026,Italy – Miscellaneous medical devices and products,ASST LARIANA,ITA,2026-03-20,,https://ted.europa.eu/en/notice/-/detail/160113-2026,"This is a tender for the procurement of pulmonary ventilators by ASST Lariana in Italy. The tender covers a total of 24 pulmonary ventilators to be distributed across multiple hospital departments including anesthesia, resuscitation, pneumology, and emergency departments at Sant'Anna and Cantù facilities.","24 pulmonary ventilators distributed as follows: 8 ventilators for SC Anesthesia Resuscitation at Sant'Anna facility, 3 ventilators for SC Anesthesia Resuscitation at Cantù, 8 ventilators for SC Pneumology at Sant'Anna in San Fermo della Battaglia, 1 ventilator for the Emergency Department at Sant'Antonio Abate Hospital in Cantù, and 4 ventilators for the Emergency Department at Sant'Anna Hospital in San Fermo della Battaglia.",NOT FOUND,NOT FOUND,Italian
2,160145-2026,Czechia – Monitors,Fakultní nemocnice v Motole,CZE,2026-04-07,,https://ted.europa.eu/en/notice/-/detail/160145-2026,This is a tender for the supply of vital function monitors including accessories for the needs of the Motol Oncology Center at University Hospital Motol in the Czech Republic.,Vital function monitors (patient monitors) including accessories for the oncology center,NOT FOUND,NOT FOUND,Czech
2,160201-2026,"Czechia – Endoscopy, endosurgery devices","Krajská nemocnice T. Bati, a. s.",CZE,2026-03-24,,https://ted.europa.eu/en/notice/-/detail/160201-2026,"This tender is for the supply of an endoscopy tower system including delivery, professional installation and commissioning, staff training, and a 24-month warranty with post-warranty service availability as needed by the contracting authority.","Endoscopy tower system with delivery to buyer's location, professional installation and commissioning, operator training, 24-month free warranty service, and post-warranty service support.",NOT FOUND,NOT FOUND,Czech
2,160289-2026,Sweden – Medical aids,HALMSTADS KOMMUN,SWE,2026-04-11,,https://ted.europa.eu/en/notice/-/detail/160289-2026,"This is a framework agreement tender by Halmstad Municipality in Sweden for the procurement of advanced assistive aids and electric shower trolleys, including associated service and spare parts to meet the municipality's future needs.","Advanced assistive aids (hjälpmedel) and electric shower trolleys (elektriska duschvagnar), including service and spare parts",NOT FOUND,NOT FOUND,Swedish
2,160304-2026,Poland – Patient-monitoring system,Uniwersytecki Szpital Kliniczny w Poznaniu,POL,2026-04-09,,https://ted.europa.eu/en/notice/-/detail/160304-2026,"The University Clinical Hospital in Poznań, Poland is procuring mobile vital signs monitors. The tender includes 40 units as the basic order plus an option for 10 additional units in one lot, and 13 units in another lot.","Mobile vital signs monitors (mobile patient monitors) - 40 units (basic order) + 10 units (option right) in one procurement lot, and 13 units in another lot. Detailed specifications are provided in Attachment No. 1 to the procurement documentation.",NOT FOUND,NOT FOUND,Polish
2,160343-2026,"Belgium – Imaging equipment for medical, dental and veterinary use",Sint-Trudo Ziekenhuis VZW,BEL,2026-04-07,,https://ted.europa.eu/en/notice/-/detail/160343-2026,This is a tender from Sint-Trudo Hospital in Belgium for the procurement of an interventional angiography suite with hybrid operating room applications. This represents advanced medical imaging equipment combining vascular imaging capabilities with surgical functionality.,Interventional angiography suite (interventionele angiografiezaal) with hybrid operating room (hybride OK) applications for medical imaging purposes,NOT FOUND,NOT FOUND,Dutch
2,160425-2026,Italy – Miscellaneous medical devices and products,ASST LARIANA,ITA,2026-04-24,,https://ted.europa.eu/en/notice/-/detail/160425-2026,"This is a tender for various interventional cardiology and vascular medical devices issued by ASST LARIANA in Italy. The procurement covers 25 lots of specialized catheterization equipment including vascular introducers, guide wires, angiographic catheters, balloon catheters, thrombectomy devices, and stents for coronary and peripheral procedures.",LOT-0001: Femoral vascular introducers with guide; LOT-0002: Reinforced femoral vascular introducers; LOT-0003: High maneuverability metallic coronary guidewires; LOT-0004: Non-hydrophilic coronary diagnostic angiographic catheters; LOT-0005: Non-hydrophilic coronary angioplasty guide catheters; LOT-0006: Semi-compliant monorail coronary angioplasty balloon catheters; LOT-0007: Non-compliant monorail coronary angioplasty balloon catheters; LOT-0008: Semi-compliant OTW coronary angioplasty balloon catheters; LOT-0009: Coronary and peripheral thrombus aspiration catheters with mechanical or manual system; LOT-0010: Monorail embolic protection systems; LOT-0011: Arterial hemostasis devices with resorbable endovascular system; LOT-0012: PTCA/PTA syringes; LOT-0013: High-pressure stopcocks; LOT-0014: Procedural kits for invasive cardiovascular procedures; LOT-0015: Non-hydrophilic peripheral diagnostic angiographic catheters; LOT-0016: Non-hydrophilic peripheral angioplasty guide catheters; LOT-0017: High-pressure non-compliant OTW peripheral angioplasty balloon catheters; LOT-0018: Semi-compliant OTW peripheral angioplasty balloon catheters; LOT-0019: Peripheral profile angiographic microcatheter kits; LOT-0020: Controlled-release therapeutic vascular occlusion system (plug); LOT-0021: Angiographic needles; LOT-0022: Torque devices; LOT-0023: Fascial dilators; LOT-0024: Braided nitinol stents for femoro-popliteal district; LOT-0025: Compliant balloon catheters for endoprosthesis modeling,NOT FOUND,NOT FOUND,Italian
2,160434-2026,Denmark – Orthopaedic footwear,Hjørring Kommune,DNK,2026-04-15,,https://ted.europa.eu/en/notice/-/detail/160434-2026,"This is a public tender by Hjørring Municipality in Denmark for the procurement of orthopaedic footwear and orthoses (orthotic devices). The tender is divided into two lots with an estimated total value of approximately DKK 18,150,000 excluding a 1-year extension option.","Lot 1: Orthopaedic footwear (estimated value approx. DKK 11,700,000). Lot 2: Orthoses/orthotic devices (estimated value approx. DKK 6,450,000).",NOT FOUND,NOT FOUND,Danish
2,160497-2026,Estonia – Disposable non-chemical medical consumables and haematological consumables,sihtasutus Põhja-Eesti Regionaalhaigla,EST,2026-04-08,,https://ted.europa.eu/en/notice/-/detail/160497-2026,"North Estonia Regional Hospital is procuring respiratory protection equipment and safety eyewear, specifically FFP3 respirators with and without exhalation valves, FFP2 respirators without exhalation valves with neck strap fastening, and protective glasses with side shields.",FFP3 respirators with exhalation valve (covered); FFP3 respirators without exhalation valve; FFP2 respirators without exhalation valve and with neck strap fastening; protective glasses/goggles with side shields,NOT FOUND,NOT FOUND,Estonian
2,160631-2026,Poland – Medical equipments,Beskidzkie Centrum Onkologii- Szpital Miejski im. Jana Pawła II w Bielsku-Białej.,POL,2026-04-07,,https://ted.europa.eu/en/notice/-/detail/160631-2026,"This is a tender for the delivery, installation, and commissioning of a washing machine for cleaning and disinfecting transesophageal echocardiography probes at an oncology center hospital in Bielska-Biała, Poland. The contract also includes training of personnel on the equipment's operation.","Washing/disinfection machine (washer-disinfector) specifically designed for transesophageal echocardiography (TEE) probes, including delivery, installation, commissioning, and staff training on operation.",NOT FOUND,NOT FOUND,Polish
2,160702-2026,Poland – Medical equipments,Samodzielny Publiczny ZOZ Wojewódzki Szpital Zespolony im. Jędrzeja Śniadeckiego w Białymstoku,POL,2026-03-24,,https://ted.europa.eu/en/notice/-/detail/160702-2026,"This is a tender for the delivery of medical equipment and apparatus for the Department of Internal Diseases, Diabetology, Endocrinology and Rheumatology at the Jędrzej Śniadecki Provincial Combined Hospital in Białystok, Poland. The procurement is divided into 8 separate packages with detailed technical specifications provided in attached price-assortment forms for each package.","Medical equipment and apparatus for the Department of Internal Diseases, Diabetology, Endocrinology and Rheumatology. The tender is divided into 8 packages (Pakiet 1-8), with specific technical parameters and requirements detailed in separate attachment forms (Załączniki nr 2.1 through 2.8). Specific device models and brands are not mentioned in the main notice text.",NOT FOUND,NOT FOUND,Polish
2,160862-2026,Norway – Medical equipments,SYKEHUSINNKJØP HF,NOR,,,https://ted.europa.eu/en/notice/-/detail/160862-2026,Hospital Procurement HF is conducting a market dialogue for the procurement of colposcope equipment to be used at Helse Stavanger HF and Helse Førde HF in Norway. This is a preparatory consultation phase where potential suppliers are invited to provide input before the actual procurement process.,Colposcope equipment for use at two healthcare facilities (Helse Stavanger HF and Helse Førde HF). No specific models or brands mentioned.,NOT FOUND,NOT FOUND,English
2,160957-2026,Sweden – Dental consumables,Varuförsörjningen,SWE,2026-04-09,,https://ted.europa.eu/en/notice/-/detail/160957-2026,"This is a procurement for dental consumables and materials for daily clinical dental work, including tooth filling and endodontic materials, prophylaxis materials, polishing products, disposable items, equipment, accessories, impression materials, and instruments.","Dental consumables including tooth filling materials, endodontic materials, prophylaxis materials, polishing and buffing products, disposable items, equipment, accessories, impression materials, and instruments for daily clinical dental practice.",NOT FOUND,NOT FOUND,Swedish
2,161034-2026,Croatia – Renal dialysis consumables,Opća bolnica Dr. Josip Benčević Slavonski Brod,HRV,2026-03-27,,https://ted.europa.eu/en/notice/-/detail/161034-2026,"This is a tender for the procurement of consumable materials for hemodialysis by a general hospital in Slavonski Brod, Croatia. The contract is for 12 months with successive deliveries within 5 calendar days of order, beginning after current contracts expire on April 14, 2026. Some groups include free-of-charge hemodialysis devices provided by suppliers.",Consumable materials for hemodialysis according to technical specifications detailed in the cost estimate (Troškovnik). Group 1 and Group 5 items include hemodialysis devices to be provided free of charge by contractors for use during the contract period.,NOT FOUND,NOT FOUND,Croatian
2,161274-2026,Croatia – Disposable non-chemical medical consumables and haematological consumables,KLINIKA ZA ORTOPEDIJU LOVRAN,HRV,2026-03-18,,https://ted.europa.eu/en/notice/-/detail/161274-2026,"This is a tender for the procurement of disposable non-chemical medical consumables and haematological consumables by an orthopedic clinic in Croatia. The tender is divided into 51 groups covering a wide range of medical supplies including thermal labels, laboratory reagents, operating room materials, gloves, surgical instruments, wound care materials, and arthroscopy equipment.","Thermal labels, laboratory reagents, single-use operating room materials, non-sterile gloves, shoe covers, medical gauze and cotton, protective eyewear, arthroscopy shoulder bandages, dressing materials, defibrillator/ECG/pulse oximeter consumables, kinesiology tape, oscillating saw blades for knee, medical caps and masks, arthroscopy shoulder kits, plasters and fasteners, urine bottles, patient warming blankets, Esmarch tourniquets, hemoculture collection systems, sterile surgical gloves, ligation sealing, transfusion systems, wound care materials, clinical sample storage systems, bottles with droppers, bone storage containers, epidural catheter fixation bandages, catheters, conical tubes, disposable operating room underwear, sterile orthopedic gloves, PCR device panel tests, arthroscopic tower equipment, ultrasound rolls, microcuvettes, laboratory equipment, pathology sample containers, arthroscopic surgery cannulas, threaded cannulas, KARL STORZ arthroscopic tower equipment, ERBE ERBOTOM ICC 300-H electrosurgical generator equipment, electrolytic device consumables, autotransfusion consumables, non-sterile disposable collars, surgical masks with visors, disposable non-sterile thermal jackets.",NOT FOUND,NOT FOUND,Croatian
2,161307-2026,Norway – Long term ambulatory recording system,Oslo Universitetssykehus HF (hovedenhet),NOR,,,https://ted.europa.eu/en/notice/-/detail/161307-2026,"Oslo University Hospital HF is conducting a market dialogue for sleep registration equipment, specifically Polysomnography (PSG) and Multiple Sleep Latency Test (MSLT) systems. This is a pre-procurement market consultation to understand available technology and inform requirement specifications before the formal tender process.",Sleep registration equipment including Polysomnography (PSG) systems and Multiple Sleep Latency Test (MSLT) systems for long-term ambulatory recording.,NOT FOUND,NOT FOUND,English
2,161333-2026,Poland – Echocardiographs,Narodowy Instytut Kardiologii Stefana Kardynała Wyszyńskiego - Państwowy Instytut Badawczy,POL,2026-03-13,,https://ted.europa.eu/en/notice/-/detail/161333-2026,This is a tender for the supply of an echocardiographic device with equipment issued by the National Institute of Cardiology in Poland. The procurement is for medical diagnostic equipment to be delivered according to specifications outlined in the procurement conditions.,Echocardiographic device (echocardiograph) with equipment/accessories,NOT FOUND,NOT FOUND,Polish
2,161335-2026,Sweden – Renal support devices,Region Västmanland,SWE,2026-04-09,,https://ted.europa.eu/en/notice/-/detail/161335-2026,This is a functional procurement for dialysis equipment by Region Västmanland in Sweden. The tender seeks renal support devices for the regional healthcare system.,Dialysis equipment (dialysutrustning),NOT FOUND,NOT FOUND,Swedish
2,161405-2026,Austria – Medical equipments,Wiener Gesundheitsverbund – Vorstandsressort Einkauf (GED EKF),AUT,2026-04-09,,https://ted.europa.eu/en/notice/-/detail/161405-2026,"This is a tender for the supply, installation, and commissioning of an HDR brachytherapy system including accessories and maintenance for Klinik Hietzing hospital in Vienna, Austria.",HDR (High Dose Rate) brachytherapy system including accessories and maintenance services,NOT FOUND,NOT FOUND,German
2,161520-2026,Poland – Orthopaedic implants,Samodzielny Publiczny Szpital Kliniczny im. Prof. A. Grucy CMKP,POL,2026-03-12,,https://ted.europa.eu/en/notice/-/detail/161520-2026,This is a tender for orthopaedic implants issued by Prof. A. Gruca Independent Public Clinical Hospital in Poland. The detailed specifications are contained in attachment 1a to the procurement documentation (SWZ).,"Orthopaedic implants (specific types, models, and quantities are referenced in attachment 1a which is not provided in this notice)",NOT FOUND,NOT FOUND,Polish
2,161526-2026,Belgium – Physical therapy devices,Hospilim VZW,BEL,,,https://ted.europa.eu/en/notice/-/detail/161526-2026,This is a framework agreement tender for the supply of physiotherapy and physical rehabilitation equipment issued by Hospilim VZW in Belgium.,"Physiotherapy and physical rehabilitation equipment (specific devices, models, or brands not specified in the provided notice excerpt)",NOT FOUND,NOT FOUND,Dutch
2,161582-2026,Poland – Medical consumables,5 Wojskowy Szpital Kliniczny z Polikliniką SP ZOZ w Krakowie,POL,2026-04-14,,https://ted.europa.eu/en/notice/-/detail/161582-2026,"The 5th Military Clinical Hospital with Polyclinic in Krakow, Poland is procuring surgical materials (medical consumables) divided into 10 separate packages. The delivery terms and specifications are defined in the procurement documentation (SWZ) and its Annex 1.","Surgical materials (materiałów chirurgicznych) divided into 10 packages (pakiet nr 1 through pakiet nr 10). Specific items, models, and brands are referenced in Annex 1 to the procurement specifications but not detailed in this notice.",NOT FOUND,NOT FOUND,Polish
2,161631-2026,Czechia – Catheters,Fakultní nemocnice Hradec Králové,CZE,2026-02-25,,https://ted.europa.eu/en/notice/-/detail/161631-2026,"This is a public procurement tender for continuous supply of various specialized catheters to the 1st Department of Internal Cardiology-Angiology at University Hospital Hradec Králové in the Czech Republic over a 4-year period. The tender covers four types of catheters: thromboaspiration catheters, guide catheter extensions, low-profile microcatheters for chronic total occlusions (CTO), and standard microcatheters for chronic total occlusions.",Thromboaspiration catheters; guide catheter extensions; low-profile microcatheters for use in chronic total occlusions (CTO); standard microcatheters for chronic total occlusions (CTO). All items are for continuous supply over a 4-year period.,NOT FOUND,NOT FOUND,Czech
2,161690-2026,Poland – Medical equipments,Szpital Miejski w Gliwicach Sp. z o.o.,POL,2026-03-23,,https://ted.europa.eu/en/notice/-/detail/161690-2026,"The City Hospital in Gliwice, Poland is procuring medical equipment for a hemodynamics laboratory, including room adaptation works, delivery, installation, and commissioning of apparatus/equipment, along with staff training on operation and maintenance. The procurement also includes construction documentation, waste disposal, and all equipment must be new, manufactured in 2025 or later.","Medical apparatus/equipment for a hemodynamics laboratory (specific models not mentioned in notice). Includes room adaptation according to technical specifications, delivery, installation, commissioning, staff training on examination procedures and equipment operation/maintenance, and required documentation. All equipment must be factory new, manufactured no earlier than 2025.",NOT FOUND,NOT FOUND,Polish
2,161839-2026,Croatia – Medical consumables,OPĆA BOLNICA ZADAR,HRV,2026-04-10,,https://ted.europa.eu/en/notice/-/detail/161839-2026,"Opća Bolnica Zadar (General Hospital Zadar) in Croatia is tendering for single-use medical consumables, specifically Part 7 - wound dressing materials (zavojni materijal). The detailed specifications are contained in the procurement cost specification document.",Single-use medical consumables - Part 7: Wound dressing materials (bandaging materials). Specific details are referenced in the procurement specification cost document (Troškovnik).,NOT FOUND,NOT FOUND,Croatian
2,161883-2026,Spain – Medical consumables,Gerencia del Área Sanitaria IV del Servicio de Salud del Principado de Asturias,ESP,2026-04-16,,https://ted.europa.eu/en/notice/-/detail/161883-2026,"This is a tender from a health service area in Asturias, Spain for pathology laboratory consumables and services related to tissue sample processing, including identification, tissue processing, block formation, sample cutting, staining and preparation mounting.","Laboratory consumables and materials for tissue sample identification, tissue processing, block formation and cutting, staining procedures, and slide preparation mounting for pathology services.",NOT FOUND,NOT FOUND,Spanish
2,161948-2026,"Czechia – Endoscopy, endosurgery devices",Fakultní nemocnice Motol a Homolka,CZE,2026-04-07,,https://ted.europa.eu/en/notice/-/detail/161948-2026,"This tender is for the supply of ENT (otolaryngology) endoscopic equipment and accessories for the Motol Oncology Center at Fakultní nemocnice Motol a Homolka hospital in the Czech Republic. The scope includes installation, commissioning, functional verification, and staff training in accordance with Czech medical device legislation.","ENT endoscopic equipment with accessories, including installation and commissioning with all prescribed tests and verification of functionality, plus instruction/training of medical personnel conducted by person authorized under Section 41 of Act No. 375/2022 Coll. on medical devices and in vitro diagnostic medical devices.",NOT FOUND,NOT FOUND,Czech
2,161981-2026,Poland – Medical software package,Katowickie Centrum Onkologii,POL,2026-03-18,,https://ted.europa.eu/en/notice/-/detail/161981-2026,This is a tender issued by the Katowice Oncology Center in Poland for a medical software package. The notice provides minimal detail in the main description and refers bidders to Attachment 4 (SWZ - the procurement specification document) for all substantive terms and requirements.,"Medical software package (specific software type, models, or technical specifications are referenced in Attachment 4 - SWZ, which is not included in this notice)",NOT FOUND,NOT FOUND,Polish
2,162040-2026,Germany – Beds for medical use,Ortenau Klinikum,DEU,2026-04-13,,https://ted.europa.eu/en/notice/-/detail/162040-2026,"This is a tender for the supply of hospital beds and related furniture to Ortenau Klinikum in Germany. The procurement includes 127 electrically adjustable hospital beds, 2 intensive care beds, 30 bedside tables, and 17 recovery room couches.","127 electrically adjustable hospital beds (elektromotorisch verstellbare Krankenbetten), 2 intensive care beds (Intensivpflegebetten), 30 bedside tables (Nachttischen), and 17 recovery room couches/examination tables (Liegen für den Aufwachraum)",NOT FOUND,NOT FOUND,German
2,162123-2026,Poland – Medical equipments,Wojewódzki Szpital Podkarpacki im. Jana Pawła II w Krośnie,POL,2026-04-07,,https://ted.europa.eu/en/notice/-/detail/162123-2026,"This is a tender for the procurement of various hospital medical equipment and furniture by a regional hospital in Krosno, Poland. The tender includes hospital beds with mattresses, patient transport equipment, surgical lamps, X-ray protection gear, monitoring systems, and various surgical and emergency medical devices.","14 hospital beds with mattress and bedside cabinet; 4 hospital beds with mattress and bedside cabinet; 6 hospital beds with scales, anti-bedsore mattress and bedside cabinet; 1 patient transport trolley; 1 two-headed surgical lamp; 8 aprons and body shields for X-ray radiation protection; 1 vein localization scanner; 2 wheelchairs for sitting patients; 1 mobile X-ray device with C-arm; 1 mobile respirator; 3 defibrillators; monitoring system; 1 treatment table and X-ray shield; 1 multifunctional stimulator; 1 electrosurgical generator with plasma knives; 1 medical glass cabinet.",NOT FOUND,NOT FOUND,Polish
2,162181-2026,Lithuania – Laboratory furniture,Vilniaus universitetas (PV),LTU,2036-03-10,,https://ted.europa.eu/en/notice/-/detail/162181-2026,"Vilnius University is procuring laboratory and medical furniture and/or furniture design, manufacturing, and installation services for university laboratories in Vilnius, Kaunas, Šiauliai, and other cities. The furniture will be used in laboratories conducting research in medicine, chemistry, physics, life sciences, and other scientific fields, for both newly established and existing laboratories.","Laboratory and medical furniture and/or furniture design, manufacturing, and installation services for laboratories conducting research in medicine, chemistry, physics, and life sciences.",NOT FOUND,NOT FOUND,Lithuanian
2,162190-2026,Norway – Medical equipments,SYKEHUSINNKJØP HF,NOR,,,https://ted.europa.eu/en/notice/-/detail/162190-2026,Hospital Procurement HF is conducting a market dialogue for the procurement of colposcope equipment to be used at Helse Stavanger HF and Helse Førde HF in Norway. This is a preparatory consultation phase where potential suppliers are invited to provide input before the formal procurement process begins.,Colposcope equipment for use at two health facilities (Helse Stavanger HF and Helse Førde HF),NOT FOUND,NOT FOUND,English
2,162233-2026,Croatia – Medical consumables,KB Dubrava,HRV,2026-03-31,,https://ted.europa.eu/en/notice/-/detail/162233-2026,"This is a procurement tender by KB Dubrava hospital in Croatia for a comprehensive range of medical consumables for intensive care units, anesthesia, and respiratory therapy. The tender covers multiple categories including enteral nutrition sets, catheters, drainage systems, IV therapy materials, respiratory care products, monitoring sensors, and various anesthesia consumables, with some items specified as compatible with brands like Hamilton Medical, Drager, O-two, and others.","Enteral nutrition and drainage sets; tubes, cannulas, catheters; patient circuit systems; IV therapy consumables and hemodynamic measurement materials for ICU; tracheotomy and respiratory therapy materials; catheter sets; manifolds and cannulas; infusion therapy and regional anesthesia materials; suction, endotracheal intubation and inhalation consumables; respiratory care materials; beds, cuffs, masks; single and double lumen catheters; port system needles; central venous catheters and accessories; consumables for Hamilton Medical ventilators; pressure monitoring consumables; therapeutic hypothermia materials; Drager-compatible consumables; sedation monitoring sensors, tissue oxygenation and pulse oximetry sensors; hemodynamic monitoring consumables; respiratory system care materials; thoracic drainage materials; oral hygiene products for immobile and incontinent patients; flow rate measurement probes and adapters; hourly diuresis and intra-abdominal pressure measurement systems; fecal incontinence management; drainage and thoracentesis materials; macerators; Hemochron ACT LR tests; RYTHMIC and MINIRYTHMIC PCA pump consumables; disposable bronchoscopes; oxygen probes; gravity infusion and transfusion sets; tracheostomy cannula holders; transcutaneous monitoring consumables; RapidPoint 500 consumables; NO dosing materials compatible with Penelope device; Donope application materials compatible with EMONO device; percutaneous dilation materials; O-two transport ventilator consumables; LSU aspirator consumables.",NOT FOUND,NOT FOUND,Croatian
2,162419-2026,Bulgaria – Medical equipments,МНОГОПРОФИЛНА БОЛНИЦА ЗА АКТИВНО ЛЕЧЕНИЕ - САМОКОВ ЕООД,BGR,2026-04-07,,https://ted.europa.eu/en/notice/-/detail/162419-2026,"This is a tender for the delivery, installation, commissioning and warranty maintenance of a hematology system with 5-part differential counting, RET, ESR and CRP from one tube for the Multi-Profile Hospital for Active Treatment in Samokov, Bulgaria. The contract period is 24 months from contract award.","Hematology system with 5-part differential counting, RET (reticulocyte count), ESR (erythrocyte sedimentation rate) and CRP (C-reactive protein) analysis from one tube. Includes delivery, installation, commissioning, staff training, and warranty maintenance.",NOT FOUND,NOT FOUND,Bulgarian
2,162439-2026,Sweden – Medical equipments,Region Jönköpings län,SWE,2026-03-15,,https://ted.europa.eu/en/notice/-/detail/162439-2026,This is a procurement tender for mobile oxygen concentrators used in the treatment of patients with reduced respiratory capacity in the Jönköping County Region of Sweden.,Mobile oxygen concentrators (Mobila oxygenkoncentratorer) for treatment of patients with reduced respiratory capacity.,NOT FOUND,NOT FOUND,Swedish
2,162734-2026,"Spain – Invalid carriages, wheelchairs and associated devices","Mutua Universal Mugenat, Mutua Colaboradora con la Seguridad Social nº 10",ESP,2026-04-09,,https://ted.europa.eu/en/notice/-/detail/162734-2026,This is a tender by Mutua Universal Mugenat (a Spanish social security mutual insurance company) for the supply of orthopedic materials to healthcare centers located in two regions: CENTRO-SUR (Center-South) and NORTE-LEVANTE (North-East) of Spain.,"Orthopedic materials (material de ortopedia) for healthcare centers. The notice mentions invalid carriages, wheelchairs and associated devices in the title but does not specify particular models or brands in the description provided.",NOT FOUND,NOT FOUND,Spanish
2,162857-2026,Poland – X-ray devices,Szpital Wojewódzki im. Św. Łukasza SP ZOZ w Tarnowie,POL,2026-03-16,,https://ted.europa.eu/en/notice/-/detail/162857-2026,"This tender is for the supply of medical equipment including a mobile C-arm X-ray device, an operating table with floating top, and a single-dome surgical lamp with radiological shield. The scope includes staff training, installation, PACS integration, and disposal of old equipment.","1. Mobile C-arm X-ray device (RTG apparatus) 2. Operating table with floating tabletop 3. Single-dome surgical lamp with radiological shield. Additional requirements include staff training, installation and assembly, full integration with existing PACS INFINITT Healthcare G7 system, obtaining WSSE decision (for item 1), and dismantling/disposal of old surgical lamp.",NOT FOUND,NOT FOUND,Polish
2,162911-2026,Poland – Operating theatre devices and instruments,Narodowy Instytut Kardiologii Stefana Kardynała Wyszyńskiego - Państwowy Instytut Badawczy,POL,2026-04-07,,https://ted.europa.eu/en/notice/-/detail/162911-2026,This tender is for the procurement of surgical instrument sets for minimally invasive procedures and circulation procedures by the National Institute of Cardiology in Poland. The tender is divided into three parts covering different types of surgical tool sets for operating theatre use.,Part 1 - Two sets of instruments for minimally invasive procedures #1; Part 2 - Two sets of instruments for minimally invasive procedures #2; Part 3 - Four sets of instruments for circulation procedures,NOT FOUND,NOT FOUND,Polish
2,162939-2026,"Sweden – Occupational clothing, special workwear and accessories",Region Värmland,SWE,2026-04-16,,https://ted.europa.eu/en/notice/-/detail/162939-2026,"This tender is for a framework agreement covering bed and bath textiles, staff and patient clothing, surgical textiles and surgical clothing, and laundry bags for Region Värmland. The region currently has a contract for laundry and textile services with Textilia Tvätt och Textilservice AB valid until March 31, 2027.","Bed and bath textiles, staff clothing, patient clothing, surgical textiles, surgical clothing, and laundry bags. No specific model numbers or brands mentioned.",NOT FOUND,NOT FOUND,Swedish
2,163010-2026,"Finland – Tanks, reservoirs, containers and pressure vessels",HSY Helsingin seudun ympäristöpalvelut -kuntayhtymä,FIN,2026-04-07,,https://ted.europa.eu/en/notice/-/detail/163010-2026,"HSY Helsinki Region Environmental Services is procuring various types of UN-approved drums/barrels for packaging needle waste and other materials. The procurement includes four different drum types with capacities ranging from 30 to 220 liters, with estimated annual usage of 800-1050 drums total.","1) 200L drums with lid, kraft liner laminated with PVA glue shell, plywood/fiberboard lid/base, metal locking ring, UN-approved class Y (500-600 units/year); 2) 30L open-top drums with quick-lock, lid, side handles, UN-approved class X (50-100 units/year); 3) 200-220L open-top drums with quick-lock, lid, UN-approved class Y (150-200 units/year); 4) 200L open-top drums with quick-lock, lid, UN-approved class Y (100-150 units/year). Reconditioned drums acceptable if requirements met and free of old labels/markings.",NOT FOUND,NOT FOUND,Finnish
2,163032-2026,Belgium – Dental workstations,UZ Leuven,BEL,2026-04-07,,https://ted.europa.eu/en/notice/-/detail/163032-2026,"UZ Leuven (Belgium) is tendering a 4-year framework agreement for the supply, installation, and maintenance of dental units and suction systems for their new Dental Services building. The initial order includes 101 fixed dental chairs with treatment units and a central wet suction system with amalgam separation, with first delivery expected in 2029.","101 fixed dental workstations (treatment chairs with units) - 91 for Dental Services and 10 for Maxillofacial Surgery; one central wet suction system with amalgam separation; extra holder for suction lines for hospital dentistry box. Excludes integrated oral scanners, milling machines, screens, and dental examination lamps. Includes preventive maintenance contract for suction system (15 years) and maintenance kits for units (1 per unit per year).",NOT FOUND,NOT FOUND,Dutch
2,163043-2026,Belgium – Medical furniture,Hospilim VZW,BEL,,,https://ted.europa.eu/en/notice/-/detail/163043-2026,This is a framework agreement tender issued by Hospilim VZW in Belgium for the supply of regeneration trolleys (medical furniture).,Regeneration trolleys (regeneratiewagens) - medical furniture items used in healthcare facilities,NOT FOUND,NOT FOUND,Dutch
2,163065-2026,Poland – Cardiac-monitoring devices,GÓRNOŚLĄSKIE CENTRUM ZDROWIA DZIECKA im. św. JANA PAWŁA II Samodzielny Publiczny Szpital Kliniczny Nr 6 Śląskiego Uniwersytetu Medycznego w Katowicach,POL,2026-04-15,,https://ted.europa.eu/en/notice/-/detail/163065-2026,"This is a tender for cardiac monitoring devices issued by the Upper Silesian Children's Health Center, which is a clinical hospital affiliated with the Medical University of Silesia in Katowice, Poland. The detailed procurement specifications are contained in attachments to the procurement documentation.","Cardiac-monitoring devices (specific models, quantities, and technical specifications are referenced in attachments to the procurement documentation which are not included in this notice)",NOT FOUND,NOT FOUND,Polish
2,163196-2026,Norway – X-ray devices,SYKEHUSINNKJØP HF,NOR,,,https://ted.europa.eu/en/notice/-/detail/163196-2026,Sykehusinnkjøp HF is inviting suppliers to a pre-procurement conference for an x-ray system with fluoroscopy capability for Østfold Hospital in Norway. This is a supplier conference notice prior to the formal procurement process.,X-ray system with fluoroscopy for Østfold Hospital,NOT FOUND,NOT FOUND,English
2,163224-2026,"Austria – Echo, ultrasound and doppler imaging equipment",Gemeinnützige Salzburger Landeskliniken Betriebsgesellschaft mbH,AUT,2026-04-07,,https://ted.europa.eu/en/notice/-/detail/163224-2026,"Framework agreement for 48 months for the delivery, installation, and commissioning of 4 ultrasound devices for the urological outpatient area, including compatible probes (option), accessories (option), and service contracts for software and hardware (option) for all locations of the Salzburg Regional Hospitals.","4 ultrasound devices specifically for urological outpatient use, with optional compatible probes, accessories, and software/hardware service contracts for all hospital locations.",NOT FOUND,NOT FOUND,German
2,163255-2026,Sweden – Miscellaneous medical devices and products,HALMSTADS KOMMUN,SWE,2026-04-11,,https://ted.europa.eu/en/notice/-/detail/163255-2026,"This is a procurement for basic equipment for home care, social services, and other administrative needs in Halmstad Municipality, Sweden. The tender covers hygiene aids and care aids, with the intention to establish a framework agreement including service, accessories, and spare parts.","Hygiene aids (hygienhjälpmedel) and care aids (vårdhjälpmedel), including associated service, accessories, and spare parts for municipal home care and social services.",NOT FOUND,NOT FOUND,Swedish
2,163442-2026,Croatia – Medical consumables,Klinički bolnički centar Osijek,HRV,2026-03-30,,https://ted.europa.eu/en/notice/-/detail/163442-2026,"This is a tender for the procurement of medical consumables including catheters, drains, probes, and cannulas for healthcare institutions in the Republic of Croatia, issued by the Clinical Hospital Center Osijek.","Catheters, drains, probes, and cannulas (kateteri, drenovi, sonde i kanile) for healthcare institutions. No specific model numbers or brands mentioned.",NOT FOUND,NOT FOUND,Croatian
2,163478-2026,Austria – Electric sensors,Gemeinnützige Salzburger Landeskliniken Betriebsgesellschaft mbH,AUT,2026-04-07,,https://ted.europa.eu/en/notice/-/detail/163478-2026,This is a supply contract for the ongoing delivery of consumable monitoring materials using Nellcor technology (OxiMax sensors) for Salzburg Regional Hospitals and optionally for Kardinal Schwarzenberg Hospital in Austria.,"Consumable materials for monitoring with Nellcor technology, specifically OxiMax sensors for patient monitoring systems.",NOT FOUND,NOT FOUND,German
2,163503-2026,Czechia – Defibrillator,Fakultní nemocnice Hradec Králové,CZE,2026-04-09,,https://ted.europa.eu/en/notice/-/detail/163503-2026,"The Fakultní nemocnice Hradec Králové hospital in Czech Republic is procuring 11 defibrillators in two configurations: 1 standard unit for hospital wards and 10 units with extended functions for resuscitation teams. The procurement includes accessories, warranty services, and indefinite post-warranty maintenance and supply of consumables.","11 defibrillators total - 1 standard defibrillator for hospital wards and 10 defibrillators with extended functions for resuscitation teams, including accessories, warranty and post-warranty services, and ongoing supply of unique consumable materials and operational supplies.",NOT FOUND,NOT FOUND,Czech
2,163527-2026,Belgium – Medical furniture,Hospilim VZW,BEL,,,https://ted.europa.eu/en/notice/-/detail/163527-2026,This is a framework agreement tender for the supply of medication and care trolleys/carts for a Belgian healthcare organization. The contract will be awarded to multiple suppliers who will provide medical furniture items used in patient care and medication distribution.,Medication trolleys and care trolleys (medicatie- en verzorgingskarren),NOT FOUND,NOT FOUND,Dutch
2,164008-2026,Sweden – Medical equipments,"Akutsjukhusnämnden, S:t Eriks Ögonsjukhus",SWE,2036-04-08,,https://ted.europa.eu/en/notice/-/detail/164008-2026,This is a procurement tender for Optical Coherence Tomography (OCT) equipment by St. Erik's Eye Hospital in Sweden. The tender covers both stationary OCT systems for diagnostic imaging in clinical settings and intraoperative OCT systems for use during surgical procedures.,"Stationary OCT (Optical Coherence Tomography) equipment for high-resolution, non-invasive cross-sectional imaging of biological tissue in examination rooms for routine patient examination and diagnostic decision support. Intraoperative OCT equipment integrated or adapted for use during surgical procedures, enabling real-time or near real-time imaging of tissue structures during ongoing operations in sterile conditions.",NOT FOUND,NOT FOUND,Swedish
2,164391-2026,"Latvia – Research, testing and scientific technical simulator",Rīgas Stradiņa universitātes Sarkanā Krusta medicīnas koledža,LVA,,,https://ted.europa.eu/en/notice/-/detail/164391-2026,This is a tender from Riga Stradiņš University Red Cross Medical College in Latvia for the procurement of equipment and an artificial blood circulation training simulator for clinical skills acquisition.,Equipment and artificial blood circulation training simulator (mācību simulators) for clinical skills learning,NOT FOUND,NOT FOUND,Latvian
2,164708-2026,Poland – Operating theatre devices and instruments,1 Wojskowy Szpital Kliniczny z Polikliniką SPZOZ w Lublinie,POL,2026-04-09,,https://ted.europa.eu/en/notice/-/detail/164708-2026,This is a Polish public tender issued by the 1st Military Clinical Hospital with Polyclinic in Lublin for operating theatre devices and instruments. The detailed specifications are contained in Attachment 1 to the procurement documentation.,"Operating theatre devices and instruments (specific items, models, and brands to be detailed in Attachment 1 which is not provided in this excerpt)",NOT FOUND,NOT FOUND,Polish
2,164709-2026,Belgium – Magnetic resonance imaging equipment,Cliniques universitaires Saint Luc,BEL,2026-04-20,,https://ted.europa.eu/en/notice/-/detail/164709-2026,"This is a tender for the supply, installation, and 10-year maintenance of a 3 Tesla MRI (Magnetic Resonance Imaging) machine for the radiology department of Cliniques universitaires Saint Luc hospital in Belgium, including preliminary installation works.","One 3 Tesla (3T) MRI machine with installation, preliminary installation works, and 10 years of maintenance service for the radiology department.",NOT FOUND,NOT FOUND,French
2,164804-2026,Croatia – Medical consumables,Klinički bolnički centar Rijeka,HRV,2026-04-07,,https://ted.europa.eu/en/notice/-/detail/164804-2026,This is a procurement tender issued by Klinički bolnički centar Rijeka (Clinical Hospital Center Rijeka) in Croatia for medical consumables. The tender is divided into 43 separate groups/lots of medical consumable items.,"Medical consumables divided into 43 groups (grupa 1 through grupa 43). Specific items, models, or brands are not detailed in the provided notice excerpt.",NOT FOUND,NOT FOUND,Croatian (with some English terminology)
2,164819-2026,Poland – Medical consumables,Wojewódzki Szpital Specjalistyczny im. św. Jadwigi w Opolu,POL,2026-03-17,,https://ted.europa.eu/en/notice/-/detail/164819-2026,"This is a tender for successive deliveries of single-use/disposable medical equipment to the hospital pharmacy warehouse at Wojewódzki Szpital Specjalistyczny im. św. Jadwigi in Opole, Poland. The procurement is divided into 35 separate tasks/lots, with detailed specifications provided in the offer form.","Disposable medical equipment (single-use medical devices) for hospital pharmacy warehouse. The procurement is divided into 35 separate tasks/lots. Specific items, model numbers or brands are referenced in a separate offer form not included in this notice.",NOT FOUND,NOT FOUND,Polish
2,164894-2026,Belgium – Medical equipments,AZ Groeninge vzw,BEL,2026-04-08,,https://ted.europa.eu/en/notice/-/detail/164894-2026,"This is a procurement for neurosurgical equipment by AZ Groeninge hospital in Belgium. The tender is for the purchase of a stereotactic frame, microdrive, and micro-electrode recording system for use in Deep Brain Stimulation procedures.","Neurosurgical stereotactic frame, microdrive, and micro-electrode recording system for Deep Brain Stimulation (DBS) procedures",NOT FOUND,NOT FOUND,Dutch
2,165141-2026,France – Cleaning products,SIVU Bordeaux Mérignac,FRA,2026-04-22,,https://ted.europa.eu/en/notice/-/detail/165141-2026,"This is a tender for cleaning and hygiene products including waste bags, short-term personal protective equipment (PPE), brushes, scraping tools, hygiene accessories, and surgical masks for SIVU Bordeaux Mérignac in France.","Cotton products (ouaterie), waste bags (sacs poubelles), short-term use personal protective equipment (EPI usage court), brushes and scraping tools with hygiene accessories (brosserie, raclage et accessoires hygiène), and surgical masks (masques chirurgicaux). No specific model numbers or brands mentioned.",NOT FOUND,NOT FOUND,French
2,165213-2026,Norway – Sensors,Horten kommune,NOR,,,https://ted.europa.eu/en/notice/-/detail/165213-2026,"Horten municipality in Norway is conducting a market dialogue for safety technology, specifically seeking to replace patient signalling systems and establish a response centre.",Safety technology systems including patient signalling systems (replacement) and response centre equipment/sensors,NOT FOUND,NOT FOUND,English
2,165344-2026,Poland – Software package and information systems,Wojewódzki Szpital Specjalistyczny nr 4 w Bytomiu,POL,2026-03-25,,https://ted.europa.eu/en/notice/-/detail/165344-2026,"This tender is for the purchase and delivery of IT equipment and information systems to Wojewódzki Szpital Specjalistyczny nr 4 (Regional Specialist Hospital No. 4) in Bytom, Poland. The procurement is part of a digital transformation project aimed at accelerating digitalization of healthcare through development of digital services in the hospital.","IT equipment and information systems divided into 5 parts/packages, with detailed specifications provided in Attachment 1A (price-assortment form) and Attachment 1B (subject matter description). Specific models and brands are not mentioned in the available notice text.",NOT FOUND,NOT FOUND,Polish
2,165422-2026,"Spain – Collector and collection bags, drainage and kits",Banc de Sang i Teixits,ESP,2026-04-10,,https://ted.europa.eu/en/notice/-/detail/165422-2026,"This is a tender from the Blood and Tissue Bank of Spain for the supply of equipment and materials necessary to perform plateletpheresis procedures, including collectors, collection bags, drainage systems and kits.","Equipment and accessory materials for plateletpheresis procedures, including collectors, collection bags, drainage systems and kits.",NOT FOUND,NOT FOUND,Spanish
2,165448-2026,Italy – Diagnostic systems,AZIENDA SANITARIA PROVINCIALE DI CATANIA,ITA,2026-04-16,,https://ted.europa.eu/en/notice/-/detail/165448-2026,"This is an open electronic tender procedure for the supply of automated systems, solutions, and consumables for productive apheresis under a service contract for the Provincial Health Authority of Catania, Italy.","Automated systems, solutions, and consumable materials for productive apheresis provided under a service agreement (fornitura in service)",NOT FOUND,NOT FOUND,Italian
2,165538-2026,Estonia – Disposable non-chemical medical consumables and haematological consumables,sihtasutus Põhja-Eesti Regionaalhaigla,EST,2026-04-09,,https://ted.europa.eu/en/notice/-/detail/165538-2026,"North Estonia Regional Hospital is seeking to procure personal protective equipment including FFP3 respirators with and without exhalation valves, FFP2 respirators without exhalation valves with neck strap fastening, and protective goggles with side shields.",FFP3 respirators with exhalation valve; FFP3 respirators without exhalation valve; FFP2 respirators without exhalation valve and with neck strap fastening; protective goggles with side shields,NOT FOUND,NOT FOUND,Estonian
2,165670-2026,Croatia – Orthopaedic implants,SPECIJALNA BOLNICA ZA ORTOPEDIJU,HRV,2026-04-13,,https://ted.europa.eu/en/notice/-/detail/165670-2026,A Croatian orthopedic hospital is procuring knee endoprosthesis systems for minimally invasive reconstructive knee surgery. The tender covers both complete mobile and fixed knee endoprostheses categorized as Group 1.,"Complete, mobile and fixed knee endoprosthesis for minimally invasive reconstructive knee surgery (Group 1: Fixed knee endoprosthesis)",NOT FOUND,NOT FOUND,Croatian
2,165745-2026,Italy – Miscellaneous medical devices and products,Azienda Ospedaliero Universitaria di Sassari,ITA,,,https://ted.europa.eu/en/notice/-/detail/165745-2026,"This is a negotiated procedure without prior publication for an urgent three-year supply of the Impella 5.5 SmartAssist® medical device for the Hospital-University Azienda of Sassari, Italy. The procurement is being conducted under Article 76, paragraph 2, letter b) of Legislative Decree 36/2023.",Impella 5.5 SmartAssist® device - three-year supply contract,NOT FOUND,NOT FOUND,Italian
2,165780-2026,Sweden – Medical equipments,Umeå universitet,SWE,2026-04-09,,https://ted.europa.eu/en/notice/-/detail/165780-2026,Umeå University in Sweden is procuring a spatial proteomics system for the Department of Medical Biosciences. The system must enable evaluation of multiplex immunohistochemistry of 50-100+ epitopes on whole tissue sections and tissue microarrays.,A spatial proteomics system capable of multiplex immunohistochemistry evaluation of 50-100+ epitopes on whole tissue sections and tissue microarrays.,NOT FOUND,NOT FOUND,English
2,165816-2026,Latvia – Medical equipments,Valsts sociālās aprūpes centrs “Zemgale”,LVA,,,https://ted.europa.eu/en/notice/-/detail/165816-2026,"This is a procurement notice from Latvia for the supply of technical assistive devices and medical inventory to the State Social Care Center ""Zemgale"".","Technical assistive devices and medical inventory (specific items, models, or brands not specified in the provided excerpt)",NOT FOUND,NOT FOUND,Latvian
2,165817-2026,Italy – X-ray devices,ORG-­0001,ITA,2026-04-16,,https://ted.europa.eu/en/notice/-/detail/165817-2026,This is a tender for the supply of low-power portable devices for digital radioscopy (fluoroscopy) in Italy. The procurement involves mobile X-ray equipment capable of digital imaging for medical diagnostic purposes.,Low-power portable devices for digital radioscopy (fluoroscopy). Specific model numbers or brands are not mentioned in the provided notice excerpt.,NOT FOUND,NOT FOUND,Italian
2,165987-2026,France – Dental hand instrument,REGION CENTRE VAL DE LOIRE,FRA,2026-03-19,,https://ted.europa.eu/en/notice/-/detail/165987-2026,"This is a tender from the Centre Val de Loire region in France for dental prosthetist equipment and furniture, including centralized suction installation, dental prosthetic materials, and a 5-axis dental milling machine with disc changer.","Dental prosthetist furniture with centralized suction installation, dental prosthetic materials/equipment, and a 5-axis dental milling machine with disc changer.",NOT FOUND,NOT FOUND,French
2,166066-2026,Lithuania – Medical consumables,viešoji įstaiga Joniškio ligoninė,LTU,2026-04-10,,https://ted.europa.eu/en/notice/-/detail/166066-2026,This is a public tender issued by Joniškio Hospital (a public institution in Lithuania) for the procurement of disposable medical devices/consumables. The notice repeats the same phrase multiple times indicating single-use medical devices are being sought.,"Disposable/single-use medical devices (vienkartinės medicinos priemonės). No specific models, brands, or detailed specifications are mentioned in the provided excerpt.",NOT FOUND,NOT FOUND,Lithuanian
2,166150-2026,Finland – Miscellaneous medical devices and products,Ålands Hälso- och Sjukvård,FIN,2026-04-09,,https://ted.europa.eu/en/notice/-/detail/166150-2026,This is a tender for the supply of hygiene and protective materials to the central warehouse of Åland Health and Medical Care in Finland. The procurement covers delivery of hygiene and protective supplies for healthcare use.,Hygiene and protective materials (Hygien- och skyddsmaterial) for healthcare facilities. No specific models or brands mentioned.,NOT FOUND,NOT FOUND,Swedish
2,166151-2026,Finland – Wire-cutter and bistoury; surgical gloves,Helsingin kaupungin pelastuslaitos,FIN,2026-04-13,,https://ted.europa.eu/en/notice/-/detail/166151-2026,"Helsinki City Rescue Department is procuring examination gloves suitable for demanding professional use in emergency medical services for the years 2026-2030 through a framework agreement. The estimated quantity for the entire framework period (2+2 years) is 500,000 examination gloves.","Examination gloves for emergency medical services (ensihoidon tutkimuskäsineet) suitable for demanding professional use. Estimated quantity: 500,000 pieces over the framework period of 2+2 years.",NOT FOUND,NOT FOUND,Finnish
2,166299-2026,Poland – Medical software package,Katowickie Centrum Onkologii,POL,2026-03-23,,https://ted.europa.eu/en/notice/-/detail/166299-2026,"This tender is for the update/upgrade of a Laboratory Information System (LSI/E-LAB) along with ORACLE database at an oncology center in Poland. The procurement includes delivery, installation, configuration, and 36 months of support, with perpetual licenses and necessary system integrations.",Laboratory Information System (E-LAB or equivalent) with ORACLE database upgrade to version DB SE2 ORACLE 19C; perpetual licenses for the entire system; data migration from ORACLE 10; Windows and Oracle system update services; necessary integrations to maintain healthcare services provision; 36 months of technical support from acceptance date.,NOT FOUND,NOT FOUND,Polish
2,166492-2026,France – Medical consumables,LE HAVRE SEINE METROPOLE,FRA,2026-06-15,,https://ted.europa.eu/en/notice/-/detail/166492-2026,This is a tender for the supply of parapharmaceutical products and childcare products by LE HAVRE SEINE METROPOLE in France.,Parapharmaceutical products and childcare products (puériculture products). No specific models or brands mentioned.,NOT FOUND,NOT FOUND,French
2,166618-2026,Czechia – Infusion supplies,"Krajská nemocnice Liberec, a.s.",CZE,2026-04-14,,https://ted.europa.eu/en/notice/-/detail/166618-2026,"This is a tender for regular supply of infusion-related medical supplies to hospital facilities in the Liberec region of Czechia over a 2-year period. The procurement is divided into two parts: Part 1 covers tubes with needleless entry ports, and Part 2 covers needleless connectors, with weekly deliveries to central warehouses in Liberec, Turnov, and from Q4 2026 also Česká Lípa hospitals.",Part 1: Tubes with needleless entry ports (hadiček s bezjehlovým vstupem). Part 2: Needleless connectors (bezjehlových konektorů). Both to be delivered in packages with weekly deliveries based on actual hospital department needs.,NOT FOUND,NOT FOUND,Czech
2,166759-2026,Poland – Medical consumables,Samodzielny Publiczny Szpital Kliniczny im. A.Mielęckiego Śląskiego Uniwersytetu Medycznego w Katowicach,POL,2026-04-13,,https://ted.europa.eu/en/notice/-/detail/166759-2026,"This is a tender from a public clinical hospital in Katowice, Poland for blood processing and storage medical consumables. The procurement is divided into three packages covering transfer containers for blood platelet storage, deep-freeze bags, and single containers for blood preparation.",Package 1 - Transfer containers for blood platelet storage (600 ml and 1000 ml for blood preparation); Package 2 - Deep-freeze bags 250 ml; Package 3 - Single containers for blood preparation,NOT FOUND,NOT FOUND,Polish
2,167052-2026,Sweden – Devices for the disabled,Västra Götalandsregionen,SWE,2026-04-10,,https://ted.europa.eu/en/notice/-/detail/167052-2026,"This is a tender from the Västra Götaland Region in Sweden for disability support and training equipment, including standing and training aids, ergometer bikes for sitting and lying positions, standing supports, and tilt tables.","Standing and training aids (stå- och träningshjälpmedel), ergometer bikes for sitting and lying positions (ergometercyklar för sittande och liggande), standing supports (ståstöd), and tilt tables (tippbord)",NOT FOUND,NOT FOUND,Swedish
2,167153-2026,"Bulgaria – Radiotherapy, mechanotherapy, electrotherapy and physical therapy devices",КОМПЛЕКСЕН ОНКОЛОГИЧЕН ЦЕНТЪР - ВРАЦА ЕООД,BGR,2026-04-14,,https://ted.europa.eu/en/notice/-/detail/167153-2026,"This is a tender for the supply, installation, commissioning and staff training of an X-ray apparatus for superficial and deep X-ray therapy at the Complex Oncology Center in Vratsa, Bulgaria. The equipment will be delivered and installed at the oncology center's facility on ""Vtori Yuni"" Boulevard No. 68.","X-ray apparatus for superficial and deep X-ray therapy (radiotherapy equipment), including delivery, installation, commissioning, and personnel training.",NOT FOUND,NOT FOUND,Bulgarian
2,167207-2026,Italy – Miscellaneous medical devices and products,Südtiroler Sanitätsbetrieb - Abteilung Einkäufe,ITA,2026-03-24,,https://ted.europa.eu/en/notice/-/detail/167207-2026,"This tender is for various sterile packaging materials and supplies used in medical sterilization processes. The procurement includes paper and plastic film packaging bags and rolls, Tyvek materials, absorbent sheets, and adhesive tape for medical device packaging and sterilization.",Packaging bags and rolls made of paper and plastic film (polypropylene/polyester); packaging bags and rolls with fold-over flaps made of paper and plastic film (polypropylene/polyester); Tyvek rolls/plastic film for hydrogen peroxide plasma gas sterilization; self-sealing envelopes made of TNT film and SMMS film for packaging; highly absorbent sheets made of medical crepe paper; SMMS films welded on two sides for packaging; adhesive tape for packaging of parcels.,NOT FOUND,NOT FOUND,German
2,167354-2026,Italy – Extracorporeal circulatory unit,"A.O.U. Policlinico ""Gaspare Rodolico - San Marco"" U.O.C. Settore Acquisti e Logistica",ITA,2026-04-21,,https://ted.europa.eu/en/notice/-/detail/167354-2026,"This is a tender for extracorporeal circulatory units (ECMO systems) for patients hospitalized at the University Hospital, including equipment for in-hospital use and for ambulance/helicopter transport. The procurement includes backup systems and consumable materials for both stationary and transport units.",Extracorporeal circulatory units for hospitalized patients (including 1 backup system and consumable materials); Extracorporeal circulatory units for ambulance and/or helicopter transport (including 1 backup system and consumable materials),NOT FOUND,NOT FOUND,Italian
2,167548-2026,Italy – Miscellaneous medical devices and products,AZIENDA SANITARIA UNIVERSITARIA INTEGRATA DEL TRENTINO,ITA,,,https://ted.europa.eu/en/notice/-/detail/167548-2026,"This is a tender for the supply of a system of titanium plates and screws for performing osteotomy procedures (bone cutting surgeries) with addition or subtraction on the tibia and femur, with the possibility of PSI (Patient Specific Instrumentation) cutting guides created based on individual patient CT scans.",Titanium plate and screw system for tibia and femur osteotomy procedures with optional PSI (Patient Specific Instrumentation) cutting guides customized from patient CT scans,NOT FOUND,NOT FOUND,Italian
2,167572-2026,Sweden – Medical equipments,"Akutsjukhusnämnden, S:t Eriks Ögonsjukhus",SWE,2036-04-08,,https://ted.europa.eu/en/notice/-/detail/167572-2026,This is a procurement for optical coherence tomography (OCT) equipment for St. Erik's Eye Hospital in Sweden. The tender covers both stationary OCT systems for diagnostic imaging in clinical settings and intraoperative OCT systems for real-time imaging during surgical procedures.,"Stationary OCT (optical coherence tomography) equipment for high-resolution, non-invasive cross-sectional imaging of biological tissue for routine patient examination and diagnostic decision support in examination rooms. Intraoperative OCT equipment integrated or adapted for use during surgical procedures, providing real-time or near real-time imaging of tissue structures, compatible with operating room environments and designed for use under sterile conditions.",NOT FOUND,NOT FOUND,Swedish
2,167654-2026,"Sweden – Medical equipments, pharmaceuticals and personal care products","Akutsjukhusnämnden, S:t Eriks Ögonsjukhus",SWE,2036-03-06,,https://ted.europa.eu/en/notice/-/detail/167654-2026,This is a Dynamic Purchasing System (DIS) tender for diagnostic and therapeutic equipment in ophthalmology/eye care issued by St. Erik's Eye Hospital in Sweden. The procurement covers a comprehensive range of ophthalmic diagnostic instruments and devices for examination and measurement purposes.,"Pressure measuring devices (Icare and other tonometers), Refraction measuring instruments (Autorefractors), Corneal curvature measuring devices (Keratometers), Aberration measuring instruments (Aberrometers), Biometric measuring instruments for the eye (Biometry devices such as IOL Master), Eyeglass lens measuring instruments (Vertometers), Fundus examination instruments (Ophthalmoscopes), Corneal thickness measuring devices (Pachymeters), Visual acuity measuring instruments/Eye examination charts, Visual field diagnostic instruments (Perimeters)",NOT FOUND,NOT FOUND,Swedish
2,167696-2026,Finland – Medical equipments,Päijät-Hämeen hyvinvointialue,FIN,2026-04-13,,https://ted.europa.eu/en/notice/-/detail/167696-2026,"The Päijät-Häme Wellbeing Services County is procuring a coronary angiography system with accessories for their Heart Center at Päijät-Häme Central Hospital. The system will be used for cardiac imaging and procedures including coronary angiography, balloon angioplasty, pacemaker installations, and catheter treatments, replacing the current Siemens Artis Zee angiography system.","Coronary angiography system with accessories for cardiac imaging and interventional procedures (coronary angiography, balloon angioplasty, pacemaker installations, arrhythmia studies and catheter treatments). Will replace existing Siemens Artis Zee angiography system.",NOT FOUND,NOT FOUND,Finnish
2,167738-2026,Poland – Orthopaedic implants,Wojewódzki Szpital Specjalistyczny w Białej Podlaskiej,POL,2026-03-17,,https://ted.europa.eu/en/notice/-/detail/167738-2026,"This is a tender for the procurement of various orthopaedic implants and spinal surgery devices by a specialist hospital in Biała Podlaska, Poland. The tender covers multiple categories including spinal stabilization systems, bone substitutes, hip prostheses, and other orthopaedic surgical implants.","Thoracolumbar stabilization systems (posterior approach), hybrid intervertebral stabilization systems, osteoporotic bone sets, lumbar cages made of cellular titanium, percutaneous transpedicular stabilization systems (titanium), transsacral cement delivery sets, intervertebral cages, bone substitute (BIOGLASS), pelvic surgery orthopaedic implants, vertebroplasty sets, spinal stabilization implant systems, GAMMA nails, radial bone endoprosthesis, intramedullary implants for hallux valgus, calcaneal fracture nails, spinal surgery implants, and hip joint endoprosthesis.",NOT FOUND,NOT FOUND,Polish
2,167746-2026,Austria – Surgical containers,Gemeinnützige Salzburger Landeskliniken Betriebsgesellschaft mbH,AUT,2026-04-13,,https://ted.europa.eu/en/notice/-/detail/167746-2026,This is a tender for an unlimited-term supply contract for individual disposable anesthesia sets for establishing central venous access during pre-operative preparation at Salzburg Regional Hospitals in Austria.,Individual disposable anesthesia sets for establishing central venous access (OP-Einweg-Anästhesie-Sets für die Anlage zentraler Zugänge) in pre-operative preparation areas.,NOT FOUND,NOT FOUND,German
2,167776-2026,Denmark – Medical consumables,Region Midtjylland,DNK,,,https://ted.europa.eu/en/notice/-/detail/167776-2026,"Region Midtjylland and Region Nordjylland (Denmark) are planning a joint regional tender for flexible endoscopy utensils/consumables, expected to be launched by the end of 2026. They are inviting interested suppliers to participate in a preliminary market dialogue to gather product-specific information and optimize the tender process.",Utensils and consumables for flexible endoscopy procedures,NOT FOUND,NOT FOUND,Danish
2,167815-2026,France – Medical equipments,UniHA GCS,FRA,2034-07-11,,https://ted.europa.eu/en/notice/-/detail/167815-2026,"This is a French procurement tender for the supply of medical devices, equipment, and medications intended for blood treatment or diagnostic purposes, along with associated services including maintenance and training.","Medical devices, equipment, and medications for blood treatment or diagnostic purposes, with associated maintenance and training services.",NOT FOUND,NOT FOUND,French
2,167852-2026,"Norway – IT services: consulting, software development, Internet and support",ULVIK KOMMUNE,NOR,2026-04-09,,https://ted.europa.eu/en/notice/-/detail/167852-2026,"This tender is for the delivery of safety and mastering technology as continual services, where the supplier will be responsible for integration, monitoring, support and operation of the total system. The services are for people living at home, institutions, and employee/service recipient housing, requiring a platform for integration.","Safety and mastering technology system with continual services including integration, monitoring, support and operation; platform for integration of services for home care, institutions and housing facilities. No specific medical device models or brands mentioned.",NOT FOUND,NOT FOUND,English
2,167854-2026,Estonia – Medical equipments,sihtasutus Põhja-Eesti Regionaalhaigla,EST,2026-04-13,,https://ted.europa.eu/en/notice/-/detail/167854-2026,"This is a tender by North Estonia Medical Centre Foundation for the procurement of various patient lines, syringes, and syringe plungers for automated injection systems. The tender covers multiple lots including patient lines of different lengths and syringe plungers compatible with MedRad Stellant and Spectris Solaris systems.","Patient lines 40-60 cm; Patient lines 120 cm (Luer-Lock with needle); Syringe plungers for MedRad Stellant automated injector (Dual Head); Syringe plungers for MedRad Spectris Solaris automated injector (MR Injection System Syringe Kit); Infusion line, infusion system and syringe plunger sets; Syringe plungers for MedRad Stellant SX automated injector (Single Head)",NOT FOUND,NOT FOUND,Estonian
2,167986-2026,Latvia – Medical equipments,Valsts sabiedrība ar ierobežotu atbildību “Traumatoloģijas un ortopēdijas slimnīca”,LVA,,,https://ted.europa.eu/en/notice/-/detail/167986-2026,This is a tender from the Traumatology and Orthopaedics Hospital in Latvia for the procurement of osteosynthesis plates and screws for large tubular bones. These are surgical implants used in orthopedic procedures to fix bone fractures.,Osteosynthesis plates and screws for large tubular bones (lielo stobra kaulu osteosintēzes plāknes un skrūves),NOT FOUND,NOT FOUND,Latvian
2,168070-2026,Denmark – Disposable non-chemical medical consumables and haematological consumables,Region Midtjylland,DNK,,,https://ted.europa.eu/en/notice/-/detail/168070-2026,"Region Midtjylland (Central Denmark Region) is inviting suppliers to a market dialogue regarding stoma care products including colostomy, ileostomy, urostomy, irrigation, fistula bandages and accessories. Interested parties must express interest by March 25, 2026, after which the buyer will contact them with meeting dates.","Stoma care products including colostomy products, ileostomy products, urostomy products, irrigation products, fistula bandages, and related accessories",NOT FOUND,NOT FOUND,Danish
2,168150-2026,France – Biological evidence collection kits,Groupement d'Intérêt Public INOVALYS,FRA,2026-04-09,,https://ted.europa.eu/en/notice/-/detail/168150-2026,This is a French procurement tender for biological specimen collection materials. The tender covers collection kits for prophylaxis campaigns as well as collection materials for non-prophylaxis purposes issued by a public interest group in France.,Biological specimen collection materials (kits and equipment) for prophylaxis campaigns and biological specimen collection materials for non-prophylaxis purposes.,NOT FOUND,NOT FOUND,French
2,168185-2026,Poland – Medical equipments,Szpital Wojewódzki im. Św. Łukasza SP ZOZ w Tarnowie,POL,2026-03-27,,https://ted.europa.eu/en/notice/-/detail/168185-2026,"This is a tender by St. Luke's Provincial Hospital in Tarnów, Poland for the supply of various medical equipment including infusion pumps, intensive care beds, anesthesia carts, patient transport carts, washer-disinfectors, lifts, computer sets for Holter recorders, verticalizing tables, microwaves, medical couches, computers and printers.","Infusion pumps, mobile intensive care beds, anesthesia carts (including one with full equipment), multifunctional carts, patient transport carts, washer-disinfectors, patient lifts, washing and storage units for TEE probes, computer sets for Holter recorders, bath trolleys, transport trolleys, verticalizing lift for patient transfer and gait training, device for transporting patients in sitting-kneeling position, verticalizing table with lateral tilt, microwave ovens, medical couch, computers and printers.",NOT FOUND,NOT FOUND,Polish
2,168190-2026,Czechia – Letting services of own property,Ústřední vojenská nemocnice - Vojenská fakultní nemocnice Praha,CZE,2026-04-09,,https://ted.europa.eu/en/notice/-/detail/168190-2026,This is a tender for loaning/leasing portable generators for alternating electric field therapy for brain tumor treatment. The supplier must also provide unlimited supply of electrodes (consumable medical supplies) as part of the loan arrangement.,"Portable generators for alternating electric field therapy for brain tumor treatment, with unlimited supply of electrodes (consumable medical material)",NOT FOUND,NOT FOUND,Czech
2,168283-2026,Italy – Miscellaneous medical devices and products,ASP DI TRAPANI - U.O.C. PROVVEDITORATO,ITA,2026-04-22,,https://ted.europa.eu/en/notice/-/detail/168283-2026,"This is a tender for a comprehensive range of gynecological and obstetric medical devices and products issued by the healthcare authority of Trapani, Italy. The procurement includes surgical instruments, devices for urinary incontinence treatment, uterine prolapse correction systems, IUDs, diagnostic equipment, and various sterile disposable medical supplies used in gynecology and obstetrics departments.","Sterile curved suction cannulas for hysterosuccion with tubes and connectors; sterile probes for endometrial sampling and cytology; amniotic membrane perforators; curved and straight hysterometers; vaginal speculums (standard and with smoke aspirator); Ayre cervical spatulas; sterile cotton swabs; endocervical sampling brushes; hysterosalpingography and sonohysterosalpingography catheters and kits; obstetric vacuum extractors with manual pump; copper-based intrauterine devices (T-shaped and standard); intratubal spirals; female stress urinary incontinence devices (pubourethral slings, transobturator slings, single incision slings); urethral wall bulking gel injection systems; transobturator and transgluteal prosthetic systems for female genital prolapse correction; pessaries (standard and cervical); synthetic mesh for vaginal prolapse repair; vaginal vault suspension systems; single-use needles for paracervical block; graduated retrosacral collection bags; cervical ripening devices for labor induction; intrauterine balloon catheters; amniocentesis, CVS and cordocentesis needles; oocyte retrieval needles and vacuum lines; embryo transfer catheters; IUI insemination catheters; slide transport boxes; polyurethane foam dressings with silver; hydrogel with silver sulfadiazine; topical spray powder; disposable TNT wipes; fluid-to-gel conversion devices; textile implants for vaginal incontinence and prolapse (transobturator and laparoscopic techniques); uterine manipulators with and without injectors for chromopertubation; hemostatic systems.",NOT FOUND,NOT FOUND,Italian
2,168357-2026,"Denmark – Medical equipments, pharmaceuticals and personal care products",Sønderborg Kommune,DNK,2026-04-10,,https://ted.europa.eu/en/notice/-/detail/168357-2026,Sønderborg Municipality in Denmark is tendering a framework agreement for the supply of wound care products and related items to all municipal units and institutions that need to purchase these products.,Wound care products (sårbehandlingsprodukter) and related medical supplies for municipal facilities. Specific product groups and sub-product groups are detailed in the tender documentation.,NOT FOUND,NOT FOUND,Danish
2,168441-2026,France – Dental surgical instrument,Centre Hospitalier Universitaire de Nice - Hôpital de Cimiez - Établissement support du GHT06,FRA,2026-04-10,,https://ted.europa.eu/en/notice/-/detail/168441-2026,The University Hospital Center of Nice is procuring sterile medical devices for dentistry/odontology for 2026. The tender is divided into 36 separate lots.,"Sterile medical devices for dentistry/odontology (dispositifs médicaux stériles d'odontologie). Specific devices, models, or brands are not mentioned in this notice.",NOT FOUND,NOT FOUND,French
2,168632-2026,Austria – Miscellaneous medical devices and products,Tirol Kliniken GmbH,AUT,2026-03-17,,https://ted.europa.eu/en/notice/-/detail/168632-2026,"This is a tender for the supply, installation and commissioning of a cyclotron including hot cells for Tirol Kliniken GmbH in Austria. A cyclotron is a medical device used to produce radioisotopes for nuclear medicine and PET imaging applications.","One cyclotron (particle accelerator) including hot cells (shielded containment chambers for radioactive materials), with full installation and commissioning services.",NOT FOUND,NOT FOUND,German
2,168740-2026,Poland – Immune sera and immunoglobulins,Wojewódzki Szpital Specjalistyczny w Białej Podlaskiej,POL,2026-04-10,,https://ted.europa.eu/en/notice/-/detail/168740-2026,"This is a tender by a regional specialist hospital in Biała Podlaska, Poland, for the procurement of various pharmaceutical products and medical supplies. The tender covers multiple categories including immune sera and immunoglobulins, corticosteroids, blood products, ophthalmic agents, wound dressings, nutritional products, antibacterials, and cardiovascular/neurological medications.",Immune sera and immunoglobulins; corticosteroids for systemic use; medicinal products for blood and hematopoietic organs; pharmaceutical products; ophthalmic agents; enteral nutrition preparations; sterile and non-sterile compresses; wound dressings; antibacterial agents for systemic use; parenteral nutrition products; medicinal products for the cardiovascular system; medicinal products for the nervous system; medicinal products for the musculoskeletal system; alcohol/spirits (medical grade).,NOT FOUND,NOT FOUND,Polish
2,168867-2026,"Norway – Medical equipments, pharmaceuticals and personal care products",Lillestrøm Kommune,NOR,2026-04-14,,https://ted.europa.eu/en/notice/-/detail/168867-2026,"Lillestrøm Kommune in Norway is tendering for a framework agreement to supply medical consumables and operate a stand-by warehouse. The products must be high quality, user-friendly for both healthcare employees and nursing home residents, and contribute to staff efficiency and patient well-being.","Medical consumables and operation of a stand-by warehouse. Specific products, model numbers, or brands are not mentioned in this notice.",NOT FOUND,NOT FOUND,English
2,168906-2026,Norway – Coelioscopy devices,SYKEHUSINNKJØP HF,NOR,2026-03-18,,https://ted.europa.eu/en/notice/-/detail/168906-2026,Helse Midt-Norway (Central Norway Health Authority) is tendering for staple and laparoscopic surgical equipment. The estimated annual contract value is approximately NOK 150 million maximum over a potential 4-year period (2 years plus two optional 1-year extensions).,Staple and laparoscopic equipment for surgical procedures (specific models and brands not mentioned in the notice).,NOT FOUND,NOT FOUND,English
2,168962-2026,Austria – Medical furniture except beds and tables,Steiermärkische Krankenanstaltengesellschaft m.b.H.,AUT,2026-04-16,,https://ted.europa.eu/en/notice/-/detail/168962-2026,"This tender is for the procurement of ceiling-mounted supply units, surgical lights, and examination lights as part of the expansion of the surgical operating center at Chirurgie Graz (8 operating rooms and 2 induction rooms), including equipment for existing recovery rooms.","Ceiling-mounted supply units (Deckenversorgungseinheiten), operating room lights (OP-Leuchten), and ceiling-mounted examination lights (deckenmontierte Untersuchungsleuchten) for surgical operating rooms and recovery areas.",NOT FOUND,NOT FOUND,German
2,169046-2026,Poland – X-ray devices,Katowickie Centrum Onkologii,POL,2026-03-24,,https://ted.europa.eu/en/notice/-/detail/169046-2026,"This is a tender for the purchase, delivery, and installation of a stationary X-ray device for the Katowice Oncology Center in Poland. The technical and functional parameters of the equipment are specified in attachments to the tender documentation.",One stationary X-ray device (apparatus) with installation included. Technical and functional parameters are specified in Attachment No. 4 to the procurement documentation.,NOT FOUND,NOT FOUND,Polish
2,169076-2026,Poland – Medical equipments,10 Wojskowy Szpital Kliniczny z Polikliniką Samodzielny Publiczny Zakład Opieki Zdrowotnej,POL,2026-03-24,,https://ted.europa.eu/en/notice/-/detail/169076-2026,"This is a tender for the procurement of various medical equipment and furniture by the 10th Military Clinical Hospital in Poland. The procurement includes mobile screens, blood collection stations, examination couches, medical trolleys, anesthesia carts, medical furniture, suction devices, surgical lamps, and medical refrigerators.","Mobile screen (parawan przejezdny), blood collection station, medical examination couch, ward trolley, multifunctional trolley with equipment, medical stand, medical equipment trolley with equipment, emergency trolley with four drawers and equipment, multifunctional trolley, dressing trolley, mobile anesthesia trolley, mobile worktop, mobile worktop with drawers and hinged doors, resuscitation trolley, mobile IV stands, instrument table, procedure room desk 140x60 with cabinet, POP room desk, ITK room desk, metal medicine cabinet d80 s40 w185, bedside cabinet (without side top), bedside cabinet (with side top), rotating stool, medical cabinet, storage rack for clean sanitary vessels, hospital chair, office chair, vacuum suction device, vacuum suction device - central vacuum set, electric suction device, mobile surgical lamp, medical refrigerator.",NOT FOUND,NOT FOUND,Polish
2,169677-2026,Bulgaria – Medical consumables,"МНОГОПРОФИЛНА БОЛНИЦА ЗА АКТИВНО ЛЕЧЕНИЕ ""Д-Р ТОТА ВЕНКОВА"" АД",BGR,2026-04-15,,https://ted.europa.eu/en/notice/-/detail/169677-2026,"This is a tender for hemodialysis medical consumables issued by a Bulgarian multi-profile hospital. The procurement covers bicarbonate hemodialysis concentrates (acid and basic solutions), arteriovenous fistula needle sets, tunneled central venous catheters for hemodialysis in various lengths, and temporary dual-lumen vascular access catheters.","1) Bicarbonate hemodialysis concentrates: Acid concentrate CHD A13-A13.2 (35,000 liters), Acid concentrate CHD A13.6-A14 (15,000 liters), Basic bicarbonate concentrate 8.4% (25,000 liters) in 5-6L PET barrels; 2) Fistula needle sets: 16G 25mm (4,500 sets) and 17G 25mm (500 sets) arteriovenous sets with color-coded wings, occlusive clamps, and luer connectors; 3) Tunneled central venous catheters for hemodialysis: Double lumen, silicone or polyurethane, radiopaque, external diameter 3.3x5.9mm, internal diameter 2mm, lengths 190mm (30 units), 230mm (10 units), and 280mm (2 units) with anti-air embolism valve; 4) Temporary dual-lumen vascular access catheters: Thermosensitive polyurethane, radiopaque, complete with puncture needle, guide wire, and dilator.",NOT FOUND,NOT FOUND,Bulgarian
2,169738-2026,Romania – Medical furniture except beds and tables,"SPITALUL CLINIC JUDETEAN DE URGENTA""SFANTUL IOAN CEL NOU""SUCEAVA",ROU,,,https://ted.europa.eu/en/notice/-/detail/169738-2026,"This is a 12-month framework agreement for the procurement of medical furniture, specifically bedside cabinets made from POLEASY material. The framework allows for a minimum quantity of 257 units and maximum of 700 units, with subsequent contracts ranging from 100 to 257 units.","Medical bedside cabinets (noptieră) made from POLEASY material. Framework agreement quantity: minimum 257 units, maximum 700 units over 12 months. Subsequent contract quantity: minimum 100 units, maximum 257 units.",NOT FOUND,NOT FOUND,Romanian
2,169953-2026,Czechia – Electro-encephalographs,Fakultní nemocnice u sv. Anny v Brně,CZE,2026-04-10,,https://ted.europa.eu/en/notice/-/detail/169953-2026,"This tender is for the supply of an EEG (electroencephalograph) system with accessories, including an EEG amplifier for scientific purposes. The procurement includes complete installation, mounting of monitors and cameras, cabling, commissioning, staff training, and post-warranty service for an indefinite period.","EEG system with accessories according to technical specifications; EEG amplifier for scientific purposes; complete installation including mounting of monitors, cameras, workstations, cabling; assembly, commissioning and staff instruction/training; post-warranty service for indefinite period.",NOT FOUND,NOT FOUND,Czech
2,169973-2026,Sweden – Medical equipments,Region Västmanland,SWE,2026-04-17,,https://ted.europa.eu/en/notice/-/detail/169973-2026,This is a procurement for SPECT/CT and PET/CT imaging equipment for the Radiology department of Region Västmanland in Sweden.,SPECT/CT (Single Photon Emission Computed Tomography/Computed Tomography) and PET/CT (Positron Emission Tomography/Computed Tomography) medical imaging systems for the Radiology department.,NOT FOUND,NOT FOUND,Swedish
2,169991-2026,Germany – Medical consumables,Stadt Münster - Zentrale Rechtsdienstleistungen und Vergabemanagement,DEU,2026-03-30,,https://ted.europa.eu/en/notice/-/detail/169991-2026,"The City of Münster is procuring medical consumables for its emergency rescue service through a framework agreement running from May 1, 2026 to December 31, 2028, with an optional 12-month extension to December 31, 2029. Orders must be delivered as complete shipments within five working days to ensure the emergency service can quickly replenish material shortages.",Medical consumables for emergency rescue service (specific products and quantities to be detailed in separate specification documents/LVs). Annual demand quantities may vary by +/-25% from estimated values based on historical averages.,NOT FOUND,NOT FOUND,German
2,170004-2026,Croatia – Medical consumables,Klinički bolnički centar Osijek,HRV,2026-04-14,,https://ted.europa.eu/en/notice/-/detail/170004-2026,This is a tender from the Clinical Hospital Center Osijek in Croatia for the procurement of various sterile and non-sterile medical consumable materials.,"Various sterile and non-sterile consumable materials (specific items, model numbers, or brands not specified in the notice)",NOT FOUND,NOT FOUND,Croatian
2,170037-2026,Sweden – Medical consumables,Varuförsörjningen,SWE,,,https://ted.europa.eu/en/notice/-/detail/170037-2026,Varuförsörjningen (Sweden) is conducting a Request for Information (RFI) for catheter-based vascular intervention products. The purpose is to gain understanding of available products and technical developments in the market before launching a formal procurement.,Products for catheter-based vascular intervention (kateterburen intervention KÄRL),NOT FOUND,NOT FOUND,Swedish
2,170041-2026,Poland – Medical equipments,10 Wojskowy Szpital Kliniczny z Polikliniką Samodzielny Publiczny Zakład Opieki Zdrowotnej,POL,2026-03-18,,https://ted.europa.eu/en/notice/-/detail/170041-2026,"This is a tender from a Polish military clinical hospital for the procurement of various medical equipment and devices. The tender covers 15 different categories of medical equipment including ECG machines, infusion pumps, electric hospital beds, defibrillators, ventilators, ultrasound machines, and other critical care equipment.","ECG machine (Aparat EKG), single-channel infusion pump (Pompa infuzyjna jednotorowa), electric hospital beds (Łóżko elektryczne), electric hospital beds with railings and 4-segment mattress (Łóżko szpitalne elektryczne z barierkami, leże 4-segmentowe), beds for recovery room and ITK 110/220, beds for ITK isolation room 110/240, patient room beds 90/200, critical parameters analyzer (Analizator parametrów krytycznych), continuous renal replacement therapy device (Aparat do ciągłego leczenia nerkozastępczego), defibrillator with cardioversion and external cardiac pacing capability (Defibrylator z możliwością wykonania kardiowersji i zewnętrznej stymulacji serca), transport ventilator (Respirator transportowy), bedside ultrasound machine (Przyłóżkowy aparat usg), pump sets (Zestawy pomp - appears twice), syringe pump (Pompa strzykawkowa). All items must meet requirements specified in technical specifications and tender documents (SWZ).",NOT FOUND,NOT FOUND,Polish
2,170057-2026,Belgium – Medical furniture,C.H.R. de la Citadelle,BEL,2026-04-09,,https://ted.europa.eu/en/notice/-/detail/170057-2026,"This is a tender for various types of medical furniture and transfer equipment issued by C.H.R. de la Citadelle hospital in Belgium. The procurement includes transfer chairs, stainless steel and resin trolleys, examination tables, adjustable stools, and adjustable chairs for hospital use.","Transfer chairs for stretcher-bearers (porters), stainless steel trolleys (guéridons), resin trolleys, transfer chairs for visitors, operating room transfer board, variable height stools, variable height examination table, variable height chair, variable height stools with bidirectional seats.",NOT FOUND,NOT FOUND,French
2,170076-2026,Czechia – Physical therapy devices,Úrazová nemocnice v Brně,CZE,2026-04-13,,https://ted.europa.eu/en/notice/-/detail/170076-2026,"This tender is for the supply of a device for performing high-precision postural analysis for patients at risk of falls, with perception disorders of body midline axis, inability to actively transfer weight to lower limbs, post-TEP patients, athletes, and patients with chronic walking and running difficulties. The procurement includes 6 years of post-warranty service.","One device for high-precision postural analysis capable of assessing patients at risk of falls, those with body midline perception disorders, patients unable to actively transfer weight to lower limbs, post-TEP (total endoprosthesis) patients, athletes, and patients with chronic gait and running issues. Includes 6 years of post-warranty service.",NOT FOUND,NOT FOUND,Czech
2,170205-2026,Spain – Surgical implants,Gerencia del Área Sanitaria IV del Servicio de Salud del Principado de Asturias,ESP,,,https://ted.europa.eu/en/notice/-/detail/170205-2026,"This is a procurement tender for left atrial appendage closure systems by a health authority in Asturias, Spain. The tender covers two types of devices: one for typical morphology using an intracavitary plug-type occluder device, and another for atypical morphology using a double-seal (lobe plus disc) device.","Left atrial appendage closure system for typical morphology with intracavitary plug-type occluder device, pre-mounted catheter, delivery system, access sheath, and device dilator. Left atrial appendage closure system for atypical morphology with double-seal device (lobe plus disc) with pre-mounted catheter in the delivery system.",NOT FOUND,NOT FOUND,Spanish
2,170231-2026,Switzerland – Beds for medical use,Réseau Santé et Social de la Gruyère (RSSG),CHE,2026-04-20,,https://ted.europa.eu/en/notice/-/detail/170231-2026,"This tender is for the procurement of hospital beds and associated bedroom furniture by Réseau Santé et Social de la Gruyère (RSSG) in Switzerland. The procurement includes normal beds, specialized dementia beds, bariatric beds, bed-mounted grab bars, bedside tables, and bedside lamps in various quantities.","136 normal beds (90x200 cm), 15 dementia-adapted beds (90x200 cm), 8 bariatric beds (120x200 cm), 159 grab bars/potences, 174 bedside tables, and 159 bedside lamps.",NOT FOUND,NOT FOUND,French
2,170243-2026,Italy – Miscellaneous medical devices and products,Direzione Generale Stazione Unica Appaltante della Regione Basilicata - Ufficio Centrale di Committenza e Soggetto Aggregatore,ITA,2026-04-23,,https://ted.europa.eu/en/notice/-/detail/170243-2026,"This tender is for the procurement of various laboratory supplies and consumables used in histology, cytology, and cytogenetics departments. The items include fixatives, reagents, staining solutions, slides, culture media, FISH probes, protective equipment, and related accessories for tissue processing and chromosomal analysis.","Disposable containers for fixatives, ready-to-use reagents, chemical reagents for histological and cytological analysis, personal protective equipment, embedding molds, consumables for tissue processing, staining solutions, microscope slides and accessories, tissue stains, cytocentrifuge consumables, slide and block archive systems, safety devices, small instrumentation, flow cytometry tubes, classical cytogenetics reagents, culture media for chromosomal preparation in pre and post-natal diagnosis, reagents for chromosomal preparation, cytogenetics powders, molecular cytogenetics reagents (FISH investigations), FISH probes, plasticware",NOT FOUND,NOT FOUND,Italian
2,170250-2026,Sweden – Medical equipments,"Akutsjukhusnämnden, S:t Eriks Ögonsjukhus",SWE,2036-03-07,,https://ted.europa.eu/en/notice/-/detail/170250-2026,"This is a Dynamic Purchasing System (DIS) for the procurement of medical laser equipment for therapeutic treatment and surgical procedures in ophthalmic care. The system covers various types of laser-based equipment used for treating eye conditions and performing eye surgical procedures, including treatment of retinopathy, glaucoma, capsular opacification, and iridotomy.","Ophthalmic medical laser equipment including: Nd:YAG lasers (for posterior capsulotomy and iridotomy), photocoagulation lasers for retinal treatment (diode laser, argon laser, frequency-doubled Nd:YAG green laser), cyclodiode lasers for glaucoma treatment (cyclophotocoagulation), selective trabeculoplasty laser (SLT), micropulse lasers for retinal therapy, multispot lasers, along with associated system components, software, accessories, and integration solutions required for clinical operation.",NOT FOUND,NOT FOUND,Swedish
2,170339-2026,Belgium – Disposable non-chemical medical consumables and haematological consumables,AZ Groeninge vzw,BEL,2026-04-09,,https://ted.europa.eu/en/notice/-/detail/170339-2026,"This tender is for the procurement of disposable non-chemical medical consumables and haematological consumables, specifically various types of hemostatic (bleeding control) products. The products include cellulose-based hemostatics, gelatin-based hemostatic sponges, hemostatic matrix products with and without human thrombin, absorbable hemostatic powders, and hemostatic bone wax.","Cellulose-based hemostatic devices made from oxidized cellulose; gelatin-based absorbable hemostatic sponges (cuttable); hemostatic matrix products with human thrombin (absorbable and injectable, ready-to-use in maximum 3 minutes, published on RIZIV nominative list); hemostatic matrix products without thrombin (minimum 2-year shelf life); hemostatic absorbable powders (biocompatible, free of toxins and pyrogens, minimum 2-year shelf life); hemostatic bone wax (minimum 2-year shelf life). All products must be sterile, single-use, and individually packaged in easy-to-open packaging.",NOT FOUND,NOT FOUND,Dutch
2,170403-2026,France – Orthopaedic supplies,Groupe Hospitalier de La Rochelle-Ré-Aunis,FRA,2026-04-17,,https://ted.europa.eu/en/notice/-/detail/170403-2026,"This is a French public tender issued by the Hospital Group of La Rochelle-Ré-Aunis for the procurement of orthopedic supplies. The notice relates to a relaunch of lots 30 and 31 for orthopedic products, with multiple award holders permitted.","Orthopedic supplies under Lot 30 and Lot 31. Specific products, models, or brands are not specified in the notice provided.",NOT FOUND,NOT FOUND,French
2,170547-2026,Portugal – Orthopaedic support devices,"Unidade Local de Saúde do Baixo Mondego, EPE",PRT,2026-04-08,,https://ted.europa.eu/en/notice/-/detail/170547-2026,"This is a tender from a Portuguese local health unit for the procurement of orthopedic components for surgical procedures, specifically for spine and trauma surgeries.",Orthopedic components for surgeries - spine/trauma (componentes ortopédicos para cirurgias - coluna/trauma),NOT FOUND,NOT FOUND,Portuguese
2,170639-2026,Sweden – Anaesthesia devices,Region Sörmland och Region Västmanland,SWE,2026-03-16,,https://ted.europa.eu/en/notice/-/detail/170639-2026,This is a procurement tender for anaesthesia workstations for Region Sörmland in Sweden. The tender is issued jointly by Region Sörmland and Region Västmanland.,Anaesthesia workstations (anestesiarbetsstationer),NOT FOUND,NOT FOUND,Swedish
2,170774-2026,Germany – Angiography supplies,Vinzentius-Krankenhaus Landau GmbH,DEU,2026-04-15,,https://ted.europa.eu/en/notice/-/detail/170774-2026,"The Vinzentius Hospital in Landau, Germany is procuring a new monoplane angiography system for their cardiology department. The scope includes dismantling and disposal of the old system, delivery and installation of a heavy-duty ceiling mount, and delivery, installation, and commissioning of the new angiography system with accessories.",Monoplane angiography system for cardiology with accessories; heavy-duty ceiling mounting system for ceiling installation; dismantling and disposal services for existing angiography equipment,NOT FOUND,NOT FOUND,German
2,170832-2026,Finland – Medical equipments,Sansia Oy,FIN,2026-03-25,,https://ted.europa.eu/en/notice/-/detail/170832-2026,"OYS (Oulu University Hospital) is procuring patient simulators with control units and vital monitors for emergency, resuscitation team, and intensive care training. The procurement also includes a feedback system with AV equipment for simulation training, and premature/newborn infant simulation dolls that may be purchased during the contract period based on investment budget availability.",Patient simulators with control units and vital monitors for emergency/resuscitation and intensive care training; simulation training feedback system with AV equipment; premature infant and newborn simulation dolls/manikins suitable for simulation exercises.,NOT FOUND,NOT FOUND,Finnish
2,170897-2026,Spain – Chromatographs,Organismo Autónomo Madrid Salud,ESP,,,https://ted.europa.eu/en/notice/-/detail/170897-2026,"This is a procurement tender by Madrid Health Authority for the supply of various laboratory machinery and chromatographs for the Public Health Laboratory Service and various centers under the General Subdirectorate of Prevention and Health Promotion in Madrid, Spain.",Various laboratory machinery including chromatographs for public health laboratory services. Specific models and brands are not mentioned in the provided notice.,NOT FOUND,NOT FOUND,Spanish
2,170984-2026,"Germany – Sterilisation, disinfection and hygiene devices",Lahn-Dill-Kliniken GmbH,DEU,2026-04-10,,https://ted.europa.eu/en/notice/-/detail/170984-2026,"The Lahn-Dill-Kliniken hospital in Wetzlar, Germany is procuring 2 new steam sterilizers for their reprocessing unit AEMP, plus one reserve space for an additional steam sterilizer, including accessories.","2 new steam sterilizers (Dampfsterilisatoren) with 1 reserve space for an additional steam sterilizer, including accessories, for the reprocessing unit AEMP",NOT FOUND,NOT FOUND,German
2,171090-2026,Poland – Pharmaceutical products,Samodzielny Publiczny Szpital Kliniczny Nr 1 im. prof. S. Szyszko SUM w Katowicach,POL,2026-03-25,,https://ted.europa.eu/en/notice/-/detail/171090-2026,"This is a multi-part tender issued by a clinical hospital in Katowice, Poland for the supply of various pharmaceutical products and medical devices. The procurement includes multiple lots covering various medications (some under drug programs), medical devices, BCG vaccine, wound disinfection materials, and diagnostic tests.","Pharmaceuticals in 3 parts (Leki cz.1, cz.2, cz.3); Omalizumabum (drug program); Filgastrimum (drug program); BCG vaccine; Wound disinfection materials; Desfluranum; Medical devices in 2 parts (Wyroby medyczne cz.1, cz.2); Erenumabum (drug program); Nintedanibum (drug program); Diagnostic tests; Iopromidum",NOT FOUND,NOT FOUND,Polish
2,171097-2026,Sweden – Dental and subspecialty instruments and devices,Västra Götalandsregionen,SWE,2026-04-13,,https://ted.europa.eu/en/notice/-/detail/171097-2026,This is a procurement for panoramic X-ray equipment to be supplied to specialist dental clinics (FTV clinics) within the Västra Götaland Region in Sweden.,Panoramic X-ray equipment (Panoramaröntgen) for dental clinics,NOT FOUND,NOT FOUND,Swedish
2,171124-2026,Poland – Medical equipments,Szpital Wojewódzki im. Jana Pawła II w Bełchatowie,POL,2026-04-13,,https://ted.europa.eu/en/notice/-/detail/171124-2026,"This is a tender for the procurement of medical equipment by Jan Paweł II Provincial Hospital in Bełchatów, Poland. The tender covers the supply of ultrasound equipment with 3D functionality, defibrillators, and cardiac monitors with central monitoring stations for cardiology departments.","1 ultrasound apparatus with 3D function; 2 defibrillators (1 for cardiology ward, 1 for intensive cardiac care unit); 28 cardiac monitors with central monitoring station (18 for cardiology ward, 10 for intensive cardiac care unit)",NOT FOUND,NOT FOUND,Polish
2,171218-2026,"Norway – Medical equipments, pharmaceuticals and personal care products",Lillestrøm Kommune,NOR,2026-04-14,,https://ted.europa.eu/en/notice/-/detail/171218-2026,"Framework agreement for medical consumables and operation of a stand-by warehouse for four Norwegian municipalities (Lillestrøm, Aurskog-Høland, Enebakk, and Nittedal). The products must be high quality, user-friendly for both employees and nursing home residents, and contribute to employee efficiency and user health and well-being.",Medical consumables and stand-by warehouse operation services. No specific model numbers or brands mentioned.,NOT FOUND,NOT FOUND,English
2,171471-2026,Belgium – Dialysis solutions,HeiligHartziekenhuis Lier,BEL,2026-04-10,,https://ted.europa.eu/en/notice/-/detail/171471-2026,"Heilig Hart Hospital Lier seeks to establish a 4-year framework agreement for dialysis solutions for their dialysis department across three delivery locations (Lier, Herentals, and Mechelen). The procurement involves supplying dialyzers (artificial kidneys) currently used in the three dialysis centers, with suppliers expected to offer one type per requested reference that maintains or improves current quality.",Dialyzers (artificial kidneys/kunstnieren) for use in dialysis centers. Suppliers must provide one type of dialyzer per requested reference that is directly replaceable with current models while maintaining or improving quality. Current references are listed in technical specifications.,NOT FOUND,NOT FOUND,Dutch
2,171553-2026,Poland – Medical equipments,Samodzielny Publiczny ZOZ Wojewódzki Szpital Zespolony im. Jędrzeja Śniadeckiego w Białymstoku,POL,2026-03-26,,https://ted.europa.eu/en/notice/-/detail/171553-2026,"This is a tender for the delivery of medical equipment and devices for the Jędrzej Śniadecki Regional Combined Hospital in Białystok, Poland. The procurement is divided into 12 separate packages (lots), with detailed specifications provided in separate attachments for each package.",Medical equipment and devices (sprzęt i urządzeń medycznych) divided into 12 packages. Specific equipment details are referenced in separate attachments (Załącznik nr 2.1 through 2.12) which are not included in this notice.,NOT FOUND,NOT FOUND,Polish
2,172039-2026,Austria – Medical information systems,Steiermärkische Krankenanstaltengesellschaft m.b.H.,AUT,2026-04-27,,https://ted.europa.eu/en/notice/-/detail/172039-2026,This is a tender for an operating room (OR) integration system as part of a surgical department construction project (Building Phase 5) at the University Hospital Graz in Austria.,Operating room (OR) integration system (OP-Integrationssystem) for the surgical department,NOT FOUND,NOT FOUND,German
2,172179-2026,Poland – Renal fluid,Wojskowy Instytut Medyczny - Państwowy Instytut Badawczy,POL,2026-04-16,,https://ted.europa.eu/en/notice/-/detail/172179-2026,"This is a tender for the lease of dialysis fluid heating equipment and cyclers, along with the supply of dialysis-related consumables including dialysis fluid bags, renal dialysis products, card readers, computer software for dialysis registration (18 items), and acid concentrate for hemodialysis (350,000 liters). The procurement is divided into multiple lots covering peritoneal dialysis and hemodialysis supplies.","Dialysis fluid heating and delivery equipment (lease); cyclers for dialysis (lease); dialysis fluid bags; renal dialysis products; cycler card readers; computer software for dialysis procedure registration (18 positions total); peritoneal dialysis solutions; additional renal dialysis products (20 positions); acid concentrate for hemodialysis (350,000 liters). Detailed specifications are in procurement documentation.",NOT FOUND,NOT FOUND,Polish
2,172259-2026,Spain – Defibrillator,Dirección de Gestión Económica de la Jefatura de Apoyo Logístico de la Armada,ESP,2026-04-14,,https://ted.europa.eu/en/notice/-/detail/172259-2026,This is a Spanish Navy procurement tender for defibrillators divided into two lots: Lot 1 for defibrillators for naval vessels and Lot 2 for defibrillators for land-based facilities.,Defibrillators - Lot 1: defibrillators for ships/naval vessels; Lot 2: defibrillators for land/shore-based dependencies,NOT FOUND,NOT FOUND,Spanish
2,172427-2026,Poland – Medical equipments,Szpital Tucholski Spółka z o.o.,POL,2026-03-18,,https://ted.europa.eu/en/notice/-/detail/172427-2026,"This is a tender for the supply of fixed and mobile medical equipment along with modernization of premises at the Cardiology Department of Tucholski Hospital in Poland. The procurement includes two parts: Part 1 covers fixed medical equipment with room renovations (including building inventory, project documentation, construction/installation works), and Part 2 covers mobile medical devices with final acceptance procedures.","Part 1: Fixed medical equipment with modernization of Cardiology Department premises, including building inventory, project documentation preparation, construction and installation works, equipment delivery per annexes 1A, 1B, 1C, 1D, and final acceptance. Part 2: Mobile medical devices per annexes 2A, 2B, 2C, 2D, 2E, 2F, 2G, 2H, 2I with final acceptance. (Specific equipment models/brands not mentioned in this excerpt)",NOT FOUND,NOT FOUND,Polish
2,172462-2026,Sweden – Medical equipments,Region Uppsala,SWE,2026-04-13,,https://ted.europa.eu/en/notice/-/detail/172462-2026,"Region Uppsala in Sweden is procuring one (1) instrument for multiplex analysis in tissue typing, with a four (4) year contract for reagent consumables. There is an option to purchase an additional instrument and service agreement.","One (1) instrument for multiplex analysis in tissue typing, reagent consumables for four years, with an option for one additional instrument and service agreement.",NOT FOUND,NOT FOUND,Swedish
2,172610-2026,Czechia – Medical consumables,"Nemocnice Třebíč, příspěvková organizace",CZE,2026-04-13,,https://ted.europa.eu/en/notice/-/detail/172610-2026,This is a tender notice from Nemocnice Třebíč hospital in Czechia for the supply of medical consumables. The procurement is divided into partial public contracts for healthcare consumable materials.,"Medical consumable materials (zdravotnického spotřebního materiálu). Specific items, model numbers, or brands are not mentioned in this summary notice.",NOT FOUND,NOT FOUND,Czech
2,172849-2026,Czechia – Diagnostic devices,"Krajská zdravotní, a.s.",CZE,2026-04-13,,https://ted.europa.eu/en/notice/-/detail/172849-2026,"This is a tender for the free loan of one fully automated urine analysis line consisting of a chemical urine analyzer using diagnostic strips and a morphological analyzer for native urine and body fluids without centrifugation, including accessories, for the Laboratory Department of Krajská zdravotní hospital in Teplice. The contract includes continuous supply of consumable medical materials for 8 years, UPS backup power, and integration with the laboratory information system (OpenLims Stapro).","One fully automated urine analysis line consisting of: (1) analyzer for chemical urine analysis using diagnostic strips, (2) analyzer for morphological analysis of native urine and body fluids without centrifugation requirement, (3) corresponding accessories, (4) continuous supply of consumable medical materials for 8 years, (5) appropriate backup power supply (UPS), (6) connection and bidirectional communication with laboratory information system OpenLims Stapro.",NOT FOUND,NOT FOUND,Czech
2,172865-2026,Sweden – Medical equipments,"Region Skåne, Koncernstab inköp och ekonomistyrning",SWE,2026-04-17,,https://ted.europa.eu/en/notice/-/detail/172865-2026,This is a procurement for vibration-controlled transient elastography (VCTE) equipment by Region Skåne in Sweden. VCTE is a non-invasive medical diagnostic technology used primarily for liver stiffness measurement.,Vibration-controlled transient elastography (VCTE) equipment,NOT FOUND,NOT FOUND,Swedish
2,172879-2026,Czechia – Infusion supplies,"Krajská nemocnice Liberec, a.s.",CZE,2026-04-16,,https://ted.europa.eu/en/notice/-/detail/172879-2026,"This is a tender for regular deliveries of infusion supplies to be delivered over a 2-year period to hospitals in Liberec, Turnov, and from Q4 2026 also Česká Lípa. Part 1 covers tubing with needleless entry and Part 2 covers needleless connectors, with weekly deliveries to central medical supply warehouses.",Part 1: Tubing/tubes with needleless entry (hadiček s bezjehlovým vstupem). Part 2: Needleless connectors (bezjehlových konektorů). Deliveries to be made weekly in packages to central warehouses based on hospital department orders.,NOT FOUND,NOT FOUND,Czech
2,172906-2026,"Austria – Medical equipments, pharmaceuticals and personal care products","Auftraggeber sind die Republik Österreich (Bund), die Bundesbeschaffung GmbH sowie alle weiteren Auftraggeber gemäß der den Ausschreibungsunterlagen beiliegenden Kundenliste.",AUT,2026-04-21,,https://ted.europa.eu/en/notice/-/detail/172906-2026,"This is a framework agreement for the supply of medical ultrasound equipment for the Republic of Austria (Federal Government) and the Federal Procurement GmbH. The procurement includes ultrasound devices, probes, accessories, consumables, and related services such as installation, commissioning, training, maintenance, and repair.","Medical ultrasound equipment (ultrasound devices), ultrasound probes, accessories, consumable materials, installation services, commissioning services, training, maintenance and repair services, and industry-standard consultation services.",NOT FOUND,NOT FOUND,German
2,172922-2026,Norway – Medical consumables,SYKEHUSINNKJØP HF,NOR,2026-04-07,,https://ted.europa.eu/en/notice/-/detail/172922-2026,"This is a tender from a Norwegian health procurement organization seeking diathermy (electrosurgical) equipment and accessories for healthcare facilities in the Central Norway Health Region. The procurement includes diathermy pens with accessories, plates, electrode cleaners, and bipolar forceps.","Diathermy pens with accessories, diathermy plates, electrode cleaners, and bipolar forceps for use across Helse Midt-Norway healthcare facilities.",NOT FOUND,NOT FOUND,English
2,173117-2026,Slovenia – Medical aids,UNIVERZITETNI KLINIČNI CENTER MARIBOR,SVN,2026-04-10,,https://ted.europa.eu/en/notice/-/detail/173117-2026,This is a repeat tender issued by University Medical Centre Maribor in Slovenia for spare parts and accessories for medical apparatus/devices.,"Spare parts and accessories for medical apparatus (specific devices, models, or brands not mentioned in the provided excerpt)",NOT FOUND,NOT FOUND,Slovenian
2,173169-2026,"Sweden – Medical equipments, pharmaceuticals and personal care products",Region Gävleborg,SWE,,,https://ted.europa.eu/en/notice/-/detail/173169-2026,"Region Gävleborg is conducting a market consultation (external review) to gather feedback from the market on parts of their procurement documents related to medical equipment, pharmaceuticals, and personal care products. This is not yet the actual tender but a preliminary consultation phase.","Medical equipment, pharmaceuticals, and personal care products (specific items not detailed as this is a consultation notice only)",NOT FOUND,NOT FOUND,Swedish
2,173188-2026,Czechia – Medical equipments,Ústřední vojenská nemocnice - Vojenská fakultní nemocnice Praha,CZE,2026-04-13,,https://ted.europa.eu/en/notice/-/detail/173188-2026,"This is a tender for the delivery of an ultrasound/sonography system for hepatology including probes for the Central Military Hospital - Military University Hospital Prague. The scope includes complete installation, commissioning, and provision of free warranty and post-warranty service for 8 years.","Ultrasound/sonography system (sonograf) for hepatology including probes, with complete installation and commissioning. 8-year free warranty and post-warranty service included.",NOT FOUND,NOT FOUND,Czech
2,173263-2026,Poland – Medical equipments,Zespół Zakładów Opieki Zdrowotnej w Ostrowie Wielkopolskim,POL,2026-03-19,,https://ted.europa.eu/en/notice/-/detail/173263-2026,"This is a tender for the supply of an angiograph system including adaptation works and installation at a healthcare facility in Ostrów Wielkopolski, Poland.",Angiograph system (angiograf) with adaptation works and installation/assembly services,NOT FOUND,NOT FOUND,Polish
2,173283-2026,Slovakia – Medical equipments,"Nemocnica Poprad, a.s.",SVK,2026-03-20,,https://ted.europa.eu/en/notice/-/detail/173283-2026,"Nemocnica Poprad, a.s. (a hospital in Slovakia) is tendering for the supply of an ultrasound (USG) device. The detailed specifications are contained in Part C of the tender documents.",Ultrasound device (USG prístroj) - specific technical specifications referenced in Part C of tender documents,NOT FOUND,NOT FOUND,Slovak
2,173402-2026,Finland – Dental consumables,Satakunnan hyvinvointialue,FIN,2026-04-06,,https://ted.europa.eu/en/notice/-/detail/173402-2026,This is a procurement tender by Satakunnan hyvinvointialue (Satakunta Wellbeing Services County) in Finland for dental consumables. The tender is for the procurement of items specified in the request for quotation during the contract period.,"Dental consumables as specified in the request for quotation documents (specific items, models, and brands not detailed in this notice).",NOT FOUND,NOT FOUND,Finnish
2,173412-2026,Sweden – Ophthalmology equipment,"Akutsjukhusnämnden, S:t Eriks Ögonsjukhus",SWE,2036-03-07,,https://ted.europa.eu/en/notice/-/detail/173412-2026,"This is a tender for ophthalmology imaging equipment divided into three lots: fundus cameras for retinal photography, wide-angle cameras for peripheral retina screening, and other specialized eye cameras including slit lamp-mounted cameras and OCT systems. The equipment must provide high-resolution diagnostic images and be compatible with healthcare journal and image management systems.","Lot 1: Fundus cameras (eye fundus cameras) for photography and documentation of the eye fundus, macula, papilla, and retina with high-resolution diagnostic imaging. Lot 2: Wide-angle cameras for retinal and fundus imaging, suitable for screening and diagnosis of peripheral retinal changes, with still image and video capability. Lot 3: Other types of eye cameras including slit lamp-mounted cameras, OCT systems (optical coherence tomography), and other specialized imaging systems for complementary diagnostics.",NOT FOUND,NOT FOUND,Swedish
2,173443-2026,Sweden – Medical consumables,Region Värmland,SWE,2026-04-28,,https://ted.europa.eu/en/notice/-/detail/173443-2026,"Region Värmland is procuring medical consumables (material supply) including logistics for the region, municipalities in Värmland, and Karlstad University. The procurement includes bandages from group 3 that will be used by municipalities when patients are discharged from regional care with prescriptions to continue using the same bandages at home.","Medical consumables (förbrukningsmaterial) including logistics services, specifically bandages from group 3 (Förband från grupp 3).",NOT FOUND,NOT FOUND,Swedish
2,173453-2026,Poland – Medical equipments,Samodzielny Publiczny ZOZ Wojewódzki Szpital Zespolony im. Jędrzeja Śniadeckiego w Białymstoku,POL,2026-03-19,,https://ted.europa.eu/en/notice/-/detail/173453-2026,"This is a tender for the supply of medical equipment and apparatus for the Jędrzej Śniadecki Provincial Multi-Specialty Hospital in Białystok, Poland. The procurement is divided into 10 separate packages, with detailed technical specifications and requirements outlined in separate annexes for each package.","Medical equipment and apparatus (sprzęt i aparatura medyczna) divided into 10 packages. Specific details of equipment types, models, and technical parameters are referenced in separate attachment forms (Formularz asortymentowo-cenowy) numbered 2.1 through 2.10 for Packages 1-10, but not included in this notice.",NOT FOUND,NOT FOUND,Polish
2,173461-2026,Poland – Teaching equipment,Miasto Siedlce,POL,2026-04-16,,https://ted.europa.eu/en/notice/-/detail/173461-2026,"This is a tender for the supply of teaching equipment and educational aids for vocational training workshops at Secondary School Complex No. 4 in Siedlce, Poland. The procurement is divided into 4 parts covering road transport equipment (didactic equipment, vehicle simulators, cargo securing equipment) and veterinary diagnostic laboratory tools and equipment for live animals.","Part 1: Road transport didactic equipment and training materials; Part 2: Vehicle simulators; Part 3: Cargo securing and transport equipment; Part 4: Veterinary diagnostic tools and equipment for live animals. All equipment must be brand new, unused, complete, free from defects, compliant with technical documentation and applicable standards, delivered ready to use, with Polish language operating instructions, warranty and service documentation, and required certificates and attestations.",NOT FOUND,NOT FOUND,Polish
2,173482-2026,Poland – Medical equipments,Szpital Wojewódzki im. Prymasa Kardynała Stefana Wyszyńskiego w Sieradzu,POL,2026-03-20,,https://ted.europa.eu/en/notice/-/detail/173482-2026,"This is a tender for the supply of medical equipment to support the development of a hospital as a SOLO I center, specifically for the Gynecology Department and Otolaryngology (ENT) Department at the Provincial Hospital in Sieradz, Poland.",Medical equipment for the Gynecology Department (Oddział Ginekologiczny) and Otolaryngology/ENT Department (Oddział Otolaryngologiczny) to support SOLO I center status development. Specific devices and models are not mentioned in this notice.,NOT FOUND,NOT FOUND,Polish
2,173606-2026,Malta – Wipes,Department of Contracts,MLT,2026-05-15,,https://ted.europa.eu/en/notice/-/detail/173606-2026,This is a framework contract for the supply and delivery of toiletries items with reduced environmental impact to the Welfare Committee in Malta. The specific focus appears to be on wipes as part of a broader toiletries procurement.,"Toiletries items with reduced environmental impact, specifically including wipes. No specific brands or model numbers mentioned.",NOT FOUND,NOT FOUND,English
2,173642-2026,Netherlands – Syringes,Rijksinstituut voor Volksgezondheid en Milieu (RIVM),NLD,,,https://ted.europa.eu/en/notice/-/detail/173642-2026,The Dutch National Institute for Public Health and the Environment (RIVM) is procuring syringes and needles for the COVID-19 vaccination campaign scheduled for September 2026. The procurement process will include a test phase.,Syringes and needles for COVID-19 vaccination administration,NOT FOUND,NOT FOUND,English
1,157283-2026,Slovakia – Medical equipments,"Nemocnica Poprad, a.s.",SVK,2026-03-18,,https://ted.europa.eu/en/notice/-/detail/157283-2026,"This is a tender notice from Nemocnica Poprad hospital in Slovakia for the procurement of medical equipment. The detailed description of the procurement subject is referenced to be in Annex 4 of the tender documentation, but specific details are not provided in this notice excerpt.",NOT FOUND,NOT FOUND,NOT FOUND,Slovak
1,159512-2026,Bulgaria – Miscellaneous furniture,ОБЩИНА ВЕЛИКО ТЪРНОВО,BGR,2026-04-06,,https://ted.europa.eu/en/notice/-/detail/159512-2026,"This tender is for the delivery and installation of various furniture items across 5 separate lots, totaling 162 different types of articles with specifications and quantities according to technical specifications lists.",NOT FOUND,NOT FOUND,NOT FOUND,Bulgarian
0,148697-2026,Latvia – Miscellaneous medical devices and products,"Valsts sabiedrība ar ierobežotu atbildību ""Bērnu klīniskā universitātes slimnīca""",LVA,,,https://ted.europa.eu/en/notice/-/detail/148697-2026,,,,,
0,150580-2026,Latvia – Dental workstations,Latvijas Universitāte,LVA,,,https://ted.europa.eu/en/notice/-/detail/150580-2026,,,,,
0,150598-2026,Latvia – Cardiac support devices,"Valsts sabiedrība ar ierobežotu atbildību ""Bērnu klīniskā universitātes slimnīca""",LVA,,,https://ted.europa.eu/en/notice/-/detail/150598-2026,,,,,
0,150676-2026,Latvia – Cardiac support devices,"Valsts sabiedrība ar ierobežotu atbildību ""Bērnu klīniskā universitātes slimnīca""",LVA,,,https://ted.europa.eu/en/notice/-/detail/150676-2026,,,,,
0,150771-2026,Greece – Coronary endoprostheses,401 ΓΕΝΙΚΟ ΣΤΡΑΤΙΩΤΙΚΟ ΝΟΣΟΚΟΜΕΙΟ ΑΘΗΝΩΝ,GRC,2026-04-08,,https://ted.europa.eu/en/notice/-/detail/150771-2026,,,,,
0,151614-2026,Latvia – Operating-theatre devices,"Valsts sabiedrība ar ierobežotu atbildību ""Bērnu klīniskā universitātes slimnīca""",LVA,,,https://ted.europa.eu/en/notice/-/detail/151614-2026,,,,,
0,153692-2026,Greece – Miscellaneous medical devices and products,"Γ.Ν.Α. ""ΛΑΪΚΟ""",GRC,2026-04-14,,https://ted.europa.eu/en/notice/-/detail/153692-2026,,,,,
0,153995-2026,Czechia – Furniture,Univerzita Jana Evangelisty Purkyně v Ústí nad Labem,CZE,2026-04-07,,https://ted.europa.eu/en/notice/-/detail/153995-2026,,,,,
0,155760-2026,Greece – Operating techniques,401 ΓΕΝΙΚΟ ΣΤΡΑΤΙΩΤΙΚΟ ΝΟΣΟΚΟΜΕΙΟ ΑΘΗΝΩΝ,GRC,2026-04-14,,https://ted.europa.eu/en/notice/-/detail/155760-2026,,,,,
0,157051-2026,Latvia – Medical equipments,"SIA ""JELGAVAS PILSĒTAS SLIMNĪCA""",LVA,,,https://ted.europa.eu/en/notice/-/detail/157051-2026,,,,,
0,158495-2026,Latvia – Dental and subspecialty instruments and devices,"Sabiedrība ar ierobežotu atbildību ""Rīgas Stradiņa universitātes Stomatoloģijas institūts""",LVA,,,https://ted.europa.eu/en/notice/-/detail/158495-2026,,,,,
0,161289-2026,Latvia – Medical equipments,"Sabiedrība ar ierobežotu atbildību ""Daugavpils reģionālā slimnīca""",LVA,,,https://ted.europa.eu/en/notice/-/detail/161289-2026,,,,,
0,166473-2026,Italy – Medical consumables,Grande Ospedale Metropolitano Bianchi Melacrino Morelli,ITA,2026-03-30,,https://ted.europa.eu/en/notice/-/detail/166473-2026,,,,,
0,166801-2026,Croatia – Medical equipments,Klinički bolnički centar Zagreb,HRV,2026-04-13,,https://ted.europa.eu/en/notice/-/detail/166801-2026,,,,,
0,172028-2026,"Latvia – Medical equipments, pharmaceuticals and personal care products",Valsts sabiedrība ar ierobežotu atbildību “Traumatoloģijas un ortopēdijas slimnīca”,LVA,,,https://ted.europa.eu/en/notice/-/detail/172028-2026,,,,,
0,172635-2026,Italy – Miscellaneous medical devices and products,Fondazione IRCCS Policlinico San Matteo Pavia,ITA,2026-04-20,,https://ted.europa.eu/en/notice/-/detail/172635-2026,,,,,
